/**
 * generated by fontconvert.py
 * name: inter_25_regular
 * size: 25
 * mode: 1-bit
 * Command used: fontconvert.py inter_25_regular 25 Inter-Regular.ttf --no-default-intervals --additional-intervals 0x20,0xFF --no-kern-liga
 */
#pragma once
#include "MeshInkFontData.h"

static const uint8_t inter_25_regularBitmaps[22271] = {
    0x7E, 0x7E, 0x7E, 0x7E, 0x7E, 0x7E, 0x7E, 0x7E, 0x7E, 0x7E, 0x7E, 0x7E, 0x7E, 0x7E, 0x7E, 0x7E,
    0x7E, 0x7E, 0x7E, 0x7E, 0x7E, 0x7E, 0x7E, 0x7E, 0x7E, 0x7E, 0x3C, 0x00, 0x00, 0x00, 0x00, 0x18,
    0x7E, 0x7E, 0xFF, 0xFF, 0x7E, 0x7E, 0x18, 0xF8, 0xFF, 0xE3, 0xFF, 0x8F, 0xFE, 0x3F, 0xF8, 0xFF,
    0xE3, 0xFF, 0x8F, 0xFE, 0x3E, 0xF8, 0x7B, 0xE1, 0xEF, 0x87, 0xBE, 0x1E, 0xF8, 0x7B, 0xE1, 0xE7,
    0x07, 0x80, 0x00, 0x3E, 0x00, 0xF0, 0x00, 0x3E, 0x00, 0xF0, 0x00, 0x3E, 0x01, 0xF0, 0x00, 0x3C,
    0x01, 0xF0, 0x00, 0x3C, 0x01, 0xF0, 0x00, 0x3C, 0x01, 0xE0, 0x00, 0x7C, 0x01, 0xE0, 0x00, 0x7C,
    0x01, 0xE0, 0x00, 0x7C, 0x03, 0xE0, 0x00, 0x78, 0x03, 0xE0, 0x1F, 0xFF, 0xFF, 0xFF, 0x1F, 0xFF,
    0xFF, 0xFF, 0x1F, 0xFF, 0xFF, 0xFF, 0x1F, 0xFF, 0xFF, 0xFF, 0x1F, 0xFF, 0xFF, 0xFF, 0x00, 0xF0,
    0x07, 0xC0, 0x00, 0xF0, 0x07, 0xC0, 0x00, 0xF0, 0x07, 0x80, 0x01, 0xF0, 0x07, 0x80, 0x01, 0xF0,
    0x07, 0x80, 0x01, 0xF0, 0x0F, 0x80, 0x01, 0xF0, 0x0F, 0x80, 0x01, 0xE0, 0x0F, 0x80, 0x7F, 0xFF,
    0xFF, 0xFC, 0x7F, 0xFF, 0xFF, 0xFC, 0x7F, 0xFF, 0xFF, 0xFC, 0xFF, 0xFF, 0xFF, 0xFC, 0xFF, 0xFF,
    0xFF, 0xF8, 0x03, 0xC0, 0x1F, 0x00, 0x03, 0xC0, 0x1F, 0x00, 0x07, 0xC0, 0x1E, 0x00, 0x07, 0xC0,
    0x1E, 0x00, 0x07, 0xC0, 0x3E, 0x00, 0x07, 0xC0, 0x3E, 0x00, 0x07, 0x80, 0x3E, 0x00, 0x07, 0x80,
    0x3E, 0x00, 0x0F, 0x80, 0x3C, 0x00, 0x0F, 0x80, 0x3C, 0x00, 0x00, 0x07, 0x00, 0x00, 0x00, 0x3C,
    0x00, 0x00, 0x01, 0xE0, 0x00, 0x00, 0x0F, 0x00, 0x00, 0x00, 0x78, 0x00, 0x00, 0x0F, 0xE0, 0x00,
    0x03, 0xFF, 0xE0, 0x00, 0x7F, 0xFF, 0xC0, 0x07, 0xFF, 0xFF, 0x80, 0x7F, 0xFF, 0xFE, 0x07, 0xFD,
    0xFF, 0xF0, 0x3F, 0x0F, 0x1F, 0xC3, 0xF0, 0x78, 0x7E, 0x1F, 0x03, 0xC1, 0xF8, 0xF8, 0x1E, 0x0F,
    0xCF, 0xC0, 0xF0, 0x3E, 0x7E, 0x07, 0x80, 0x03, 0xF0, 0x3C, 0x00, 0x0F, 0x81, 0xE0, 0x00, 0x7F,
    0x0F, 0x00, 0x03, 0xFC, 0x78, 0x00, 0x0F, 0xFF, 0xC0, 0x00, 0x3F, 0xFE, 0x00, 0x00, 0xFF, 0xFE,
    0x00, 0x03, 0xFF, 0xFC, 0x00, 0x03, 0xFF, 0xF8, 0x00, 0x07, 0xFF, 0xE0, 0x00, 0x0F, 0xFF, 0x80,
    0x00, 0x7B, 0xFE, 0x00, 0x03, 0xC3, 0xF8, 0x00, 0x1E, 0x0F, 0xC0, 0x00, 0xF0, 0x3F, 0x00, 0x07,
    0x81, 0xFB, 0xE0, 0x3C, 0x0F, 0xFF, 0x01, 0xE0, 0x7E, 0xF8, 0x0F, 0x03, 0xF7, 0xE0, 0x78, 0x1F,
    0x3F, 0x83, 0xC1, 0xF8, 0xFE, 0x1E, 0x3F, 0xC7, 0xFC, 0xF7, 0xFC, 0x1F, 0xFF, 0xFF, 0xC0, 0x7F,
    0xFF, 0xFC, 0x01, 0xFF, 0xFF, 0xC0, 0x03, 0xFF, 0xF8, 0x00, 0x03, 0xFE, 0x00, 0x00, 0x03, 0xC0,
    0x00, 0x00, 0x1E, 0x00, 0x00, 0x00, 0xF0, 0x00, 0x00, 0x07, 0x80, 0x00, 0x00, 0x38, 0x00, 0x00,
    0x07, 0xC0, 0x00, 0x00, 0x00, 0x1F, 0xF0, 0x00, 0x03, 0xE0, 0x3F, 0xFC, 0x00, 0x07, 0xC0, 0x7F,
    0xFC, 0x00, 0x0F, 0xC0, 0x7C, 0x7E, 0x00, 0x0F, 0x80, 0xF8, 0x3E, 0x00, 0x1F, 0x00, 0xF8, 0x1F,
    0x00, 0x3F, 0x00, 0xF8, 0x1F, 0x00, 0x3E, 0x00, 0xF8, 0x1F, 0x00, 0x7C, 0x00, 0xF8, 0x1F, 0x00,
    0xFC, 0x00, 0xF8, 0x1F, 0x00, 0xF8, 0x00, 0xF8, 0x1F, 0x01, 0xF0, 0x00, 0xF8, 0x1E, 0x03, 0xE0,
    0x00, 0x7C, 0x3E, 0x03, 0xE0, 0x00, 0x7F, 0xFE, 0x07, 0xC0, 0x00, 0x3F, 0xFC, 0x0F, 0x80, 0x00,
    0x1F, 0xF8, 0x1F, 0x80, 0x00, 0x0F, 0xF0, 0x1F, 0x00, 0x00, 0x00, 0x00, 0x3E, 0x00, 0x00, 0x00,
    0x00, 0x7E, 0x00, 0x00, 0x00, 0x00, 0x7C, 0x00, 0x00, 0x00, 0x00, 0xF8, 0x00, 0x00, 0x00, 0x01,
    0xF8, 0x0F, 0xE0, 0x00, 0x01, 0xF0, 0x1F, 0xF8, 0x00, 0x03, 0xE0, 0x3F, 0xFC, 0x00, 0x07, 0xE0,
    0x7F, 0xFC, 0x00, 0x07, 0xC0, 0x7C, 0x3E, 0x00, 0x0F, 0x80, 0xF8, 0x3E, 0x00, 0x1F, 0x00, 0xF8,
    0x1E, 0x00, 0x1F, 0x00, 0xF0, 0x1F, 0x00, 0x3E, 0x00, 0xF0, 0x1F, 0x00, 0x7C, 0x00, 0xF0, 0x1F,
    0x00, 0xFC, 0x00, 0xF0, 0x1F, 0x00, 0xF8, 0x00, 0xF8, 0x1E, 0x01, 0xF0, 0x00, 0xF8, 0x3E, 0x03,
    0xF0, 0x00, 0x7C, 0x3E, 0x03, 0xE0, 0x00, 0x7F, 0xFC, 0x07, 0xC0, 0x00, 0x3F, 0xFC, 0x0F, 0xC0,
    0x00, 0x1F, 0xF8, 0x00, 0x00, 0x00, 0x07, 0xE0, 0x00, 0x1E, 0x00, 0x00, 0x01, 0xFF, 0x80, 0x00,
    0x0F, 0xFF, 0x80, 0x00, 0x3F, 0xFF, 0x80, 0x00, 0xFF, 0xFF, 0x80, 0x01, 0xFC, 0x3F, 0x80, 0x03,
    0xE0, 0x3F, 0x00, 0x0F, 0xC0, 0x3E, 0x00, 0x1F, 0x80, 0x7C, 0x00, 0x3E, 0x00, 0xF8, 0x00, 0x7E,
    0x01, 0xF0, 0x00, 0xFC, 0x07, 0xE0, 0x00, 0xF8, 0x1F, 0xC0, 0x01, 0xF8, 0x7F, 0x00, 0x01, 0xF9,
    0xFC, 0x00, 0x03, 0xFF, 0xF0, 0x00, 0x03, 0xFF, 0xC0, 0x00, 0x03, 0xFF, 0x00, 0x00, 0x07, 0xFC,
    0x00, 0x00, 0x1F, 0xF0, 0x00, 0x00, 0x7F, 0xF0, 0x00, 0x01, 0xFF, 0xF0, 0x00, 0x07, 0xF7, 0xE0,
    0x3E, 0x1F, 0xC7, 0xE0, 0xFC, 0x7F, 0x0F, 0xE1, 0xF8, 0xFC, 0x0F, 0xE3, 0xE3, 0xF0, 0x0F, 0xE7,
    0xC7, 0xE0, 0x0F, 0xCF, 0x8F, 0xC0, 0x0F, 0xFF, 0x1F, 0x80, 0x0F, 0xFC, 0x3F, 0x00, 0x1F, 0xF8,
    0x7E, 0x00, 0x1F, 0xE0, 0x7C, 0x00, 0x1F, 0xC0, 0xFC, 0x00, 0x7F, 0x80, 0xFE, 0x03, 0xFF, 0x81,
    0xFF, 0xFF, 0xFF, 0x81, 0xFF, 0xFF, 0xFF, 0x81, 0xFF, 0xFF, 0x3F, 0x80, 0xFF, 0xF8, 0x3F, 0x80,
    0x3F, 0x80, 0x00, 0xFF, 0xFF, 0xFF, 0xFF, 0xFF, 0xFF, 0xFF, 0xFF, 0xFD, 0xC0, 0x01, 0xE0, 0x3E,
    0x07, 0xE0, 0x7C, 0x0F, 0xC0, 0xF8, 0x0F, 0x81, 0xF8, 0x1F, 0x03, 0xF0, 0x3F, 0x03, 0xE0, 0x3E,
    0x07, 0xE0, 0x7E, 0x07, 0xC0, 0x7C, 0x07, 0xC0, 0xFC, 0x0F, 0xC0, 0xF8, 0x0F, 0x80, 0xF8, 0x0F,
    0x80, 0xF8, 0x0F, 0x80, 0xF8, 0x0F, 0x80, 0xF8, 0x0F, 0x80, 0xF8, 0x0F, 0xC0, 0xFC, 0x07, 0xC0,
    0x7C, 0x07, 0xC0, 0x7E, 0x03, 0xE0, 0x3E, 0x03, 0xF0, 0x1F, 0x01, 0xF0, 0x1F, 0x80, 0xF8, 0x0F,
    0xC0, 0x7C, 0x07, 0xE0, 0x3E, 0x01, 0xE0, 0x70, 0x0F, 0x80, 0x7C, 0x07, 0xC0, 0x7E, 0x03, 0xE0,
    0x3F, 0x01, 0xF0, 0x1F, 0x01, 0xF8, 0x0F, 0x80, 0xF8, 0x0F, 0xC0, 0xFC, 0x07, 0xC0, 0x7C, 0x07,
    0xE0, 0x7E, 0x03, 0xE0, 0x3E, 0x03, 0xE0, 0x3E, 0x03, 0xE0, 0x3E, 0x03, 0xE0, 0x3E, 0x03, 0xE0,
    0x3E, 0x03, 0xE0, 0x3E, 0x03, 0xE0, 0x3E, 0x07, 0xE0, 0x7E, 0x07, 0xC0, 0x7C, 0x0F, 0xC0, 0xFC,
    0x0F, 0x80, 0xF8, 0x1F, 0x81, 0xF0, 0x3F, 0x03, 0xE0, 0x3E, 0x07, 0xC0, 0x7C, 0x0F, 0x80, 0xF0,
    0x00, 0x00, 0x78, 0x00, 0x03, 0xC0, 0x00, 0x1E, 0x00, 0x00, 0xF0, 0x03, 0x07, 0x87, 0x3E, 0x3C,
    0x7D, 0xF9, 0xEF, 0xEF, 0xFF, 0xFF, 0x1F, 0xFF, 0xE0, 0x3F, 0xFC, 0x00, 0x7F, 0x80, 0x07, 0xFE,
    0x00, 0xFF, 0xFC, 0x1F, 0xFF, 0xF9, 0xFD, 0xEF, 0xEF, 0xCF, 0x3F, 0x78, 0x78, 0x71, 0x83, 0xC1,
    0x80, 0x1E, 0x00, 0x00, 0xF0, 0x00, 0x07, 0x80, 0x00, 0x3C, 0x00, 0x00, 0x00, 0x00, 0x00, 0x07,
    0xC0, 0x00, 0x01, 0xF0, 0x00, 0x00, 0x7C, 0x00, 0x00, 0x1F, 0x00, 0x00, 0x07, 0xC0, 0x00, 0x01,
    0xF0, 0x00, 0x00, 0x7C, 0x00, 0x00, 0x1F, 0x00, 0x00, 0x07, 0xC0, 0x00, 0x01, 0xF0, 0x03, 0xFF,
    0xFF, 0xFF, 0xFF, 0xFF, 0xFF, 0xFF, 0xFF, 0xFF, 0xFF, 0xFF, 0xFF, 0xFD, 0xFF, 0xFF, 0xFE, 0x00,
    0x1F, 0x00, 0x00, 0x07, 0xC0, 0x00, 0x01, 0xF0, 0x00, 0x00, 0x7C, 0x00, 0x00, 0x1F, 0x00, 0x00,
    0x07, 0xC0, 0x00, 0x01, 0xF0, 0x00, 0x00, 0x7C, 0x00, 0x00, 0x1F, 0x00, 0x00, 0x07, 0x80, 0x00,
    0x1F, 0x1F, 0x8F, 0xC7, 0xE3, 0xE1, 0xF0, 0xF8, 0x78, 0x7C, 0x3E, 0x1F, 0x0F, 0x07, 0x83, 0xC0,
    0x00, 0x00, 0x00, 0x3F, 0xFF, 0xEF, 0xFF, 0xFB, 0xFF, 0xFE, 0xFF, 0xFF, 0x80, 0x00, 0x00, 0x18,
    0x7E, 0x7F, 0xFF, 0xFF, 0x7F, 0x7E, 0x18, 0x00, 0x07, 0xC0, 0x01, 0xE0, 0x00, 0xF8, 0x00, 0x3E,
    0x00, 0x0F, 0x80, 0x07, 0xC0, 0x01, 0xF0, 0x00, 0x7C, 0x00, 0x1F, 0x00, 0x0F, 0x80, 0x03, 0xE0,
    0x00, 0xF8, 0x00, 0x3C, 0x00, 0x1F, 0x00, 0x07, 0xC0, 0x01, 0xF0, 0x00, 0xF8, 0x00, 0x3E, 0x00,
    0x0F, 0x80, 0x03, 0xE0, 0x01, 0xF0, 0x00, 0x7C, 0x00, 0x1F, 0x00, 0x07, 0xC0, 0x03, 0xE0, 0x00,
    0xF8, 0x00, 0x3E, 0x00, 0x0F, 0x00, 0x07, 0xC0, 0x01, 0xF0, 0x00, 0x7C, 0x00, 0x3E, 0x00, 0x0F,
    0x80, 0x03, 0xE0, 0x00, 0xF8, 0x00, 0x7C, 0x00, 0x1F, 0x00, 0x07, 0xC0, 0x01, 0xE0, 0x00, 0xF8,
    0x00, 0x3E, 0x00, 0x0F, 0x80, 0x07, 0xC0, 0x01, 0xF0, 0x00, 0x7C, 0x00, 0x1F, 0x00, 0x00, 0x00,
    0x0F, 0x80, 0x00, 0x07, 0xFF, 0x00, 0x01, 0xFF, 0xFC, 0x00, 0x3F, 0xFF, 0xE0, 0x07, 0xFF, 0xFF,
    0x00, 0xFF, 0x07, 0xF0, 0x0F, 0xC0, 0x3F, 0x81, 0xF8, 0x01, 0xFC, 0x1F, 0x00, 0x0F, 0xC3, 0xF0,
    0x00, 0x7C, 0x3E, 0x00, 0x07, 0xE3, 0xE0, 0x00, 0x3E, 0x7E, 0x00, 0x03, 0xE7, 0xC0, 0x00, 0x3F,
    0x7C, 0x00, 0x03, 0xF7, 0xC0, 0x00, 0x3F, 0x7C, 0x00, 0x01, 0xF7, 0xC0, 0x00, 0x1F, 0x7C, 0x00,
    0x01, 0xF7, 0xC0, 0x00, 0x1F, 0x7C, 0x00, 0x01, 0xF7, 0xC0, 0x00, 0x1F, 0x7C, 0x00, 0x01, 0xF7,
    0xC0, 0x00, 0x1F, 0x7C, 0x00, 0x01, 0xF7, 0xC0, 0x00, 0x3F, 0x7C, 0x00, 0x03, 0xF7, 0xE0, 0x00,
    0x3E, 0x3E, 0x00, 0x03, 0xE3, 0xE0, 0x00, 0x7E, 0x3F, 0x00, 0x07, 0xE1, 0xF0, 0x00, 0xFC, 0x1F,
    0x80, 0x0F, 0xC1, 0xFC, 0x01, 0xF8, 0x0F, 0xF0, 0x7F, 0x80, 0x7F, 0xFF, 0xF0, 0x03, 0xFF, 0xFE,
    0x00, 0x1F, 0xFF, 0xC0, 0x00, 0xFF, 0xF0, 0x00, 0x01, 0xFC, 0x00, 0x00, 0xFE, 0x07, 0xFC, 0x1F,
    0xF8, 0xFF, 0xF3, 0xFF, 0xEF, 0xFF, 0xFF, 0x9F, 0xFE, 0x3F, 0xF8, 0x7F, 0xC0, 0xFF, 0x01, 0xF8,
    0x03, 0xF0, 0x07, 0xE0, 0x0F, 0xC0, 0x1F, 0x80, 0x3F, 0x00, 0x7E, 0x00, 0xFC, 0x01, 0xF8, 0x03,
    0xF0, 0x07, 0xE0, 0x0F, 0xC0, 0x1F, 0x80, 0x3F, 0x00, 0x7E, 0x00, 0xFC, 0x01, 0xF8, 0x03, 0xF0,
    0x07, 0xE0, 0x0F, 0xC0, 0x1F, 0x80, 0x3F, 0x00, 0x7E, 0x00, 0xFC, 0x01, 0xF8, 0x03, 0xF0, 0x07,
    0xE0, 0x0F, 0xC0, 0x00, 0x3F, 0x00, 0x00, 0xFF, 0xE0, 0x01, 0xFF, 0xFC, 0x01, 0xFF, 0xFF, 0x01,
    0xFF, 0xFF, 0xC1, 0xFE, 0x0F, 0xF0, 0xFC, 0x01, 0xFC, 0xFC, 0x00, 0x7E, 0x7C, 0x00, 0x1F, 0x3E,
    0x00, 0x0F, 0xFF, 0x00, 0x07, 0xFF, 0x80, 0x03, 0xF7, 0x80, 0x01, 0xF8, 0x00, 0x00, 0xF8, 0x00,
    0x00, 0x7C, 0x00, 0x00, 0x7E, 0x00, 0x00, 0x3E, 0x00, 0x00, 0x3F, 0x00, 0x00, 0x3F, 0x00, 0x00,
    0x3F, 0x80, 0x00, 0x3F, 0x80, 0x00, 0x3F, 0x80, 0x00, 0x3F, 0x80, 0x00, 0x3F, 0x80, 0x00, 0x1F,
    0x80, 0x00, 0x1F, 0x80, 0x00, 0x1F, 0x80, 0x00, 0x1F, 0x80, 0x00, 0x1F, 0xC0, 0x00, 0x1F, 0xC0,
    0x00, 0x1F, 0xC0, 0x00, 0x1F, 0xC0, 0x00, 0x1F, 0xC0, 0x00, 0x1F, 0xC0, 0x00, 0x1F, 0xFF, 0xFF,
    0xFF, 0xFF, 0xFF, 0xFF, 0xFF, 0xFF, 0xFF, 0xFF, 0xFF, 0xFF, 0xFF, 0xFF, 0xFE, 0x00, 0x3F, 0x00,
    0x00, 0x3F, 0xFC, 0x00, 0x1F, 0xFF, 0xE0, 0x07, 0xFF, 0xFE, 0x01, 0xFF, 0xFF, 0xE0, 0x7F, 0x81,
    0xFE, 0x0F, 0xC0, 0x0F, 0xC3, 0xF0, 0x00, 0xF8, 0x7C, 0x00, 0x1F, 0x8F, 0x80, 0x03, 0xF3, 0xF0,
    0x00, 0x3E, 0x00, 0x00, 0x07, 0xC0, 0x00, 0x01, 0xF8, 0x00, 0x00, 0x3F, 0x00, 0x00, 0x07, 0xC0,
    0x00, 0x01, 0xF8, 0x00, 0x00, 0xFE, 0x00, 0x0F, 0xFF, 0x80, 0x01, 0xFF, 0xE0, 0x00, 0x3F, 0xF8,
    0x00, 0x07, 0xFF, 0xC0, 0x00, 0xFF, 0xFC, 0x00, 0x00, 0x3F, 0xC0, 0x00, 0x01, 0xFC, 0x00, 0x00,
    0x1F, 0xC0, 0x00, 0x01, 0xF8, 0x00, 0x00, 0x1F, 0x00, 0x00, 0x03, 0xE0, 0x00, 0x00, 0x7D, 0xF0,
    0x00, 0x0F, 0xBE, 0x00, 0x01, 0xF7, 0xE0, 0x00, 0x7E, 0xFE, 0x00, 0x1F, 0xCF, 0xE0, 0x07, 0xF1,
    0xFF, 0x03, 0xFE, 0x1F, 0xFF, 0xFF, 0x81, 0xFF, 0xFF, 0xE0, 0x1F, 0xFF, 0xF0, 0x00, 0xFF, 0xFC,
    0x00, 0x03, 0xFC, 0x00, 0x00, 0x00, 0x7F, 0x00, 0x00, 0x07, 0xF8, 0x00, 0x00, 0x3F, 0xC0, 0x00,
    0x03, 0xFE, 0x00, 0x00, 0x3F, 0xF0, 0x00, 0x01, 0xFF, 0x80, 0x00, 0x1F, 0xFC, 0x00, 0x01, 0xFF,
    0xE0, 0x00, 0x0F, 0xBF, 0x00, 0x00, 0xFD, 0xF8, 0x00, 0x0F, 0xCF, 0xC0, 0x00, 0x7C, 0x7E, 0x00,
    0x07, 0xE3, 0xF0, 0x00, 0x7E, 0x1F, 0x80, 0x03, 0xE0, 0xFC, 0x00, 0x3F, 0x07, 0xE0, 0x03, 0xF0,
    0x3F, 0x00, 0x1F, 0x01, 0xF8, 0x01, 0xF8, 0x0F, 0xC0, 0x0F, 0x80, 0x7E, 0x00, 0xFC, 0x03, 0xF0,
    0x0F, 0xC0, 0x1F, 0x80, 0x7C, 0x00, 0xFC, 0x07, 0xE0, 0x07, 0xE0, 0x7E, 0x00, 0x3F, 0x03, 0xFF,
    0xFF, 0xFF, 0xFF, 0xFF, 0xFF, 0xFF, 0xFF, 0xFF, 0xFF, 0xFF, 0xFF, 0xFF, 0xFF, 0xFF, 0xFF, 0xFF,
    0xFC, 0x00, 0x00, 0xFC, 0x00, 0x00, 0x07, 0xE0, 0x00, 0x00, 0x3F, 0x00, 0x00, 0x01, 0xF8, 0x00,
    0x00, 0x0F, 0xC0, 0x00, 0x00, 0x7E, 0x00, 0x00, 0x03, 0xF0, 0x00, 0x00, 0x1F, 0x80, 0x1F, 0xFF,
    0xFF, 0x07, 0xFF, 0xFF, 0xC1, 0xFF, 0xFF, 0xF0, 0x7F, 0xFF, 0xFC, 0x1F, 0xFF, 0xFF, 0x07, 0xC0,
    0x00, 0x01, 0xF0, 0x00, 0x00, 0xFC, 0x00, 0x00, 0x3F, 0x00, 0x00, 0x0F, 0x80, 0x00, 0x03, 0xE0,
    0x00, 0x00, 0xF8, 0x00, 0x00, 0x3E, 0x00, 0x00, 0x0F, 0x8F, 0xF0, 0x03, 0xEF, 0xFF, 0x00, 0xFF,
    0xFF, 0xF0, 0x7F, 0xFF, 0xFE, 0x1F, 0xFF, 0xFF, 0xC7, 0xF8, 0x07, 0xF1, 0xF8, 0x00, 0xFE, 0x00,
    0x00, 0x1F, 0x80, 0x00, 0x03, 0xF0, 0x00, 0x00, 0xFC, 0x00, 0x00, 0x3F, 0x00, 0x00, 0x07, 0xC0,
    0x00, 0x01, 0xF0, 0x00, 0x00, 0x7C, 0x00, 0x00, 0x1F, 0x7C, 0x00, 0x0F, 0xDF, 0x00, 0x03, 0xF7,
    0xE0, 0x00, 0xF9, 0xF8, 0x00, 0x7E, 0x3F, 0x80, 0x3F, 0x0F, 0xF0, 0x3F, 0xC1, 0xFF, 0xFF, 0xE0,
    0x3F, 0xFF, 0xF0, 0x07, 0xFF, 0xF8, 0x00, 0x7F, 0xF8, 0x00, 0x03, 0xF0, 0x00, 0x00, 0x0F, 0xC0,
    0x00, 0x0F, 0xFF, 0x00, 0x07, 0xFF, 0xF0, 0x01, 0xFF, 0xFF, 0x00, 0x7F, 0xFF, 0xF0, 0x0F, 0xE0,
    0xFF, 0x03, 0xF0, 0x07, 0xF0, 0xFC, 0x00, 0x7E, 0x1F, 0x00, 0x07, 0xE7, 0xE0, 0x00, 0xFC, 0xF8,
    0x00, 0x0F, 0x9F, 0x00, 0x00, 0x03, 0xE0, 0x00, 0x00, 0xF8, 0x00, 0x00, 0x1F, 0x07, 0xF8, 0x03,
    0xE3, 0xFF, 0xC0, 0x7C, 0xFF, 0xFE, 0x0F, 0xBF, 0xFF, 0xE1, 0xFF, 0xFF, 0xFE, 0x3F, 0xF0, 0x1F,
    0xC7, 0xFC, 0x01, 0xFC, 0xFE, 0x00, 0x1F, 0x9F, 0xC0, 0x01, 0xFB, 0xF0, 0x00, 0x3F, 0x7E, 0x00,
    0x03, 0xEF, 0xC0, 0x00, 0x7D, 0xF8, 0x00, 0x0F, 0xBF, 0x00, 0x01, 0xF7, 0xE0, 0x00, 0x3E, 0x7C,
    0x00, 0x07, 0xCF, 0x80, 0x01, 0xF9, 0xF8, 0x00, 0x3F, 0x1F, 0x80, 0x0F, 0xC3, 0xF8, 0x03, 0xF8,
    0x3F, 0xC1, 0xFE, 0x03, 0xFF, 0xFF, 0x80, 0x7F, 0xFF, 0xE0, 0x03, 0xFF, 0xF8, 0x00, 0x3F, 0xFC,
    0x00, 0x00, 0xFE, 0x00, 0xFF, 0xFF, 0xFF, 0xFF, 0xFF, 0xFF, 0xFF, 0xFF, 0xFF, 0xFF, 0xFF, 0xFF,
    0xFF, 0xFF, 0xFF, 0xF8, 0x00, 0x00, 0xFC, 0x00, 0x00, 0xFC, 0x00, 0x00, 0x7E, 0x00, 0x00, 0x7E,
    0x00, 0x00, 0x3F, 0x00, 0x00, 0x3F, 0x00, 0x00, 0x1F, 0x80, 0x00, 0x1F, 0x80, 0x00, 0x0F, 0xC0,
    0x00, 0x0F, 0xC0, 0x00, 0x07, 0xE0, 0x00, 0x07, 0xE0, 0x00, 0x03, 0xF0, 0x00, 0x03, 0xF0, 0x00,
    0x01, 0xF8, 0x00, 0x01, 0xF8, 0x00, 0x00, 0xFC, 0x00, 0x00, 0xFC, 0x00, 0x00, 0x7E, 0x00, 0x00,
    0x7E, 0x00, 0x00, 0x3F, 0x00, 0x00, 0x3F, 0x00, 0x00, 0x1F, 0x80, 0x00, 0x1F, 0x80, 0x00, 0x0F,
    0xC0, 0x00, 0x0F, 0xC0, 0x00, 0x07, 0xE0, 0x00, 0x07, 0xE0, 0x00, 0x03, 0xF0, 0x00, 0x03, 0xF0,
    0x00, 0x01, 0xF8, 0x00, 0x01, 0xF8, 0x00, 0x00, 0xF8, 0x00, 0x00, 0x00, 0x1F, 0x80, 0x00, 0x1F,
    0xFE, 0x00, 0x0F, 0xFF, 0xF0, 0x03, 0xFF, 0xFF, 0x00, 0xFF, 0xFF, 0xF0, 0x3F, 0xC0, 0xFE, 0x07,
    0xE0, 0x0F, 0xE1, 0xF8, 0x00, 0xFC, 0x3F, 0x00, 0x0F, 0xC7, 0xC0, 0x01, 0xF8, 0xF8, 0x00, 0x3F,
    0x1F, 0x00, 0x07, 0xE3, 0xE0, 0x00, 0xFC, 0x7E, 0x00, 0x1F, 0x07, 0xC0, 0x07, 0xE0, 0xFC, 0x00,
    0xFC, 0x0F, 0xE0, 0x7F, 0x00, 0xFF, 0xFF, 0xC0, 0x0F, 0xFF, 0xF0, 0x00, 0xFF, 0xFC, 0x00, 0x7F,
    0xFF, 0xE0, 0x1F, 0xFF, 0xFE, 0x07, 0xF0, 0x1F, 0xE1, 0xFC, 0x00, 0xFE, 0x3E, 0x00, 0x0F, 0xCF,
    0xC0, 0x00, 0xFD, 0xF0, 0x00, 0x1F, 0xBE, 0x00, 0x01, 0xF7, 0xC0, 0x00, 0x3E, 0xF8, 0x00, 0x07,
    0xDF, 0x00, 0x01, 0xFB, 0xF0, 0x00, 0x3F, 0x7E, 0x00, 0x0F, 0xE7, 0xE0, 0x03, 0xF8, 0xFF, 0x01,
    0xFF, 0x0F, 0xFF, 0xFF, 0xC0, 0xFF, 0xFF, 0xF0, 0x0F, 0xFF, 0xFC, 0x00, 0x7F, 0xFE, 0x00, 0x01,
    0xFE, 0x00, 0x00, 0x1F, 0x00, 0x00, 0x1F, 0xFC, 0x00, 0x0F, 0xFF, 0xE0, 0x03, 0xFF, 0xFE, 0x00,
    0xFF, 0xFF, 0xE0, 0x3F, 0xC1, 0xFE, 0x0F, 0xE0, 0x0F, 0xE1, 0xF8, 0x00, 0xFC, 0x7E, 0x00, 0x0F,
    0xCF, 0xC0, 0x00, 0xF9, 0xF0, 0x00, 0x1F, 0x3E, 0x00, 0x03, 0xF7, 0xC0, 0x00, 0x7E, 0xF8, 0x00,
    0x0F, 0xDF, 0x00, 0x01, 0xFB, 0xE0, 0x00, 0x3F, 0x7E, 0x00, 0x07, 0xEF, 0xC0, 0x01, 0xFC, 0xFC,
    0x00, 0x7F, 0x9F, 0xC0, 0x1F, 0xF1, 0xFC, 0x07, 0xFE, 0x3F, 0xFF, 0xFF, 0xC3, 0xFF, 0xFE, 0xF8,
    0x3F, 0xFF, 0x9F, 0x01, 0xFF, 0xE3, 0xE0, 0x0F, 0xF0, 0x7C, 0x00, 0x00, 0x0F, 0x80, 0x00, 0x03,
    0xE0, 0x00, 0x00, 0x7C, 0xF8, 0x00, 0x0F, 0x9F, 0x80, 0x03, 0xE3, 0xF0, 0x00, 0xFC, 0x3F, 0x00,
    0x1F, 0x87, 0xF0, 0x07, 0xE0, 0x7F, 0x03, 0xF8, 0x0F, 0xFF, 0xFF, 0x00, 0xFF, 0xFF, 0xC0, 0x0F,
    0xFF, 0xF0, 0x00, 0x7F, 0xF8, 0x00, 0x01, 0xF8, 0x00, 0x18, 0x7E, 0x7F, 0xFF, 0xFF, 0x7F, 0x7E,
    0x18, 0x00, 0x00, 0x00, 0x00, 0x00, 0x00, 0x00, 0x00, 0x00, 0x00, 0x00, 0x00, 0x18, 0x7E, 0x7F,
    0xFF, 0xFF, 0x7F, 0x7E, 0x18, 0x0E, 0x07, 0xC3, 0xF8, 0xFE, 0x3F, 0x8F, 0xE1, 0xF0, 0x38, 0x00,
    0x00, 0x00, 0x00, 0x00, 0x00, 0x00, 0x00, 0x00, 0x00, 0x00, 0x00, 0x00, 0x00, 0x00, 0x00, 0x00,
    0x01, 0xF0, 0xFC, 0x3F, 0x0F, 0xC3, 0xE0, 0xF8, 0x3E, 0x0F, 0x07, 0xC1, 0xF0, 0x7C, 0x1E, 0x07,
    0x81, 0xE0, 0x00, 0x00, 0x00, 0x00, 0x01, 0x00, 0x00, 0x03, 0xC0, 0x00, 0x07, 0xE0, 0x00, 0x07,
    0xF0, 0x00, 0x0F, 0xF8, 0x00, 0x1F, 0xF8, 0x00, 0x3F, 0xF8, 0x00, 0x7F, 0xF0, 0x00, 0xFF, 0xE0,
    0x01, 0xFF, 0xC0, 0x03, 0xFF, 0x00, 0x07, 0xFE, 0x00, 0x0F, 0xFC, 0x00, 0x07, 0xF8, 0x00, 0x03,
    0xF8, 0x00, 0x01, 0xFF, 0x00, 0x00, 0x7F, 0xE0, 0x00, 0x0F, 0xFE, 0x00, 0x01, 0xFF, 0xC0, 0x00,
    0x3F, 0xF8, 0x00, 0x07, 0xFF, 0x00, 0x00, 0xFF, 0xE0, 0x00, 0x1F, 0xFC, 0x00, 0x03, 0xFF, 0x00,
    0x00, 0x7F, 0x80, 0x00, 0x0F, 0xC0, 0x00, 0x01, 0xE0, 0x00, 0x00, 0x30, 0xFF, 0xFF, 0xFF, 0xFF,
    0xFF, 0xFF, 0xFF, 0xFF, 0xFF, 0xFF, 0xFF, 0xFF, 0xFF, 0xFF, 0xFF, 0x00, 0x00, 0x00, 0x00, 0x00,
    0x00, 0x00, 0x00, 0x00, 0x00, 0x00, 0x00, 0x00, 0x00, 0x00, 0x00, 0x00, 0x00, 0xFF, 0xFF, 0xFF,
    0xFF, 0xFF, 0xFF, 0xFF, 0xFF, 0xFF, 0xFF, 0xFF, 0xFF, 0xFF, 0xFF, 0xFF, 0x40, 0x00, 0x00, 0x78,
    0x00, 0x00, 0x3F, 0x00, 0x00, 0x1F, 0xE0, 0x00, 0x0F, 0xFC, 0x00, 0x03, 0xFF, 0x80, 0x00, 0xFF,
    0xE0, 0x00, 0x1F, 0xFC, 0x00, 0x03, 0xFF, 0x80, 0x00, 0x3F, 0xF0, 0x00, 0x07, 0xFE, 0x00, 0x00,
    0xFF, 0xC0, 0x00, 0x1F, 0xF8, 0x00, 0x03, 0xFC, 0x00, 0x00, 0xFE, 0x00, 0x01, 0xFF, 0x00, 0x03,
    0xFF, 0x00, 0x0F, 0xFE, 0x00, 0x1F, 0xFC, 0x00, 0x3F, 0xF8, 0x00, 0x7F, 0xF0, 0x00, 0xFF, 0xE0,
    0x01, 0xFF, 0xC0, 0x01, 0xFF, 0x80, 0x00, 0xFF, 0x00, 0x00, 0x7E, 0x00, 0x00, 0x3C, 0x00, 0x00,
    0x18, 0x00, 0x00, 0x00, 0x00, 0x7E, 0x00, 0x03, 0xFF, 0xC0, 0x07, 0xFF, 0xF0, 0x0F, 0xFF, 0xF8,
    0x1F, 0xFF, 0xFC, 0x3F, 0xC1, 0xFC, 0x3F, 0x00, 0x7E, 0x7E, 0x00, 0x7E, 0x7E, 0x00, 0x3E, 0x7C,
    0x00, 0x3F, 0x7C, 0x00, 0x3F, 0x00, 0x00, 0x3F, 0x00, 0x00, 0x3E, 0x00, 0x00, 0x7E, 0x00, 0x00,
    0x7E, 0x00, 0x00, 0xFC, 0x00, 0x03, 0xFC, 0x00, 0x07, 0xF8, 0x00, 0x0F, 0xF0, 0x00, 0x1F, 0xE0,
    0x00, 0x3F, 0x80, 0x00, 0x7F, 0x00, 0x00, 0x7E, 0x00, 0x00, 0x7C, 0x00, 0x00, 0x7C, 0x00, 0x00,
    0x7C, 0x00, 0x00, 0x7C, 0x00, 0x00, 0x7C, 0x00, 0x00, 0x00, 0x00, 0x00, 0x00, 0x00, 0x00, 0x00,
    0x00, 0x00, 0x00, 0x00, 0x00, 0x38, 0x00, 0x00, 0x7C, 0x00, 0x00, 0xFE, 0x00, 0x00, 0xFE, 0x00,
    0x00, 0xFE, 0x00, 0x00, 0xFE, 0x00, 0x00, 0x7C, 0x00, 0x00, 0x38, 0x00, 0x00, 0x00, 0x3F, 0xF8,
    0x00, 0x00, 0x00, 0x07, 0xFF, 0xFE, 0x00, 0x00, 0x00, 0xFF, 0xFF, 0xFE, 0x00, 0x00, 0x0F, 0xFF,
    0xFF, 0xFE, 0x00, 0x00, 0x7F, 0xFC, 0x3F, 0xFC, 0x00, 0x03, 0xFE, 0x00, 0x07, 0xF8, 0x00, 0x1F,
    0xC0, 0x00, 0x07, 0xF0, 0x00, 0xFE, 0x00, 0x00, 0x07, 0xE0, 0x07, 0xE0, 0x00, 0x00, 0x0F, 0xC0,
    0x3F, 0x00, 0x00, 0x00, 0x1F, 0x80, 0xFC, 0x00, 0x00, 0x00, 0x3E, 0x07, 0xE0, 0x07, 0xF0, 0x00,
    0xFC, 0x1F, 0x00, 0x7F, 0xF7, 0xC1, 0xF0, 0xFC, 0x03, 0xFF, 0xFF, 0x07, 0xE3, 0xE0, 0x1F, 0xFF,
    0xFC, 0x0F, 0x8F, 0x80, 0xFF, 0xFF, 0xF0, 0x3E, 0x7E, 0x07, 0xF0, 0x1F, 0xC0, 0xF9, 0xF0, 0x1F,
    0x00, 0x3F, 0x01, 0xF7, 0xC0, 0xFC, 0x00, 0xFC, 0x07, 0xDF, 0x03, 0xE0, 0x01, 0xF0, 0x1F, 0x7C,
    0x0F, 0x80, 0x07, 0xC0, 0x7D, 0xF0, 0x3E, 0x00, 0x1F, 0x01, 0xF7, 0xC0, 0xF0, 0x00, 0x7C, 0x07,
    0xDF, 0x03, 0xC0, 0x01, 0xF0, 0x1F, 0x7C, 0x0F, 0x00, 0x07, 0xC0, 0x7D, 0xF0, 0x3E, 0x00, 0x1F,
    0x01, 0xF7, 0xC0, 0xF8, 0x00, 0x7C, 0x07, 0xDF, 0x03, 0xE0, 0x01, 0xF0, 0x1E, 0x7C, 0x0F, 0x80,
    0x0F, 0xC0, 0xF9, 0xF0, 0x1F, 0x00, 0x3F, 0x03, 0xE7, 0xC0, 0x7E, 0x01, 0xFC, 0x0F, 0x9F, 0x80,
    0xFE, 0x1F, 0xF8, 0x7C, 0x3E, 0x03, 0xFF, 0xFF, 0xFF, 0xF0, 0xF8, 0x07, 0xFF, 0xEF, 0xFF, 0x83,
    0xF0, 0x0F, 0xFF, 0x1F, 0xFC, 0x07, 0xE0, 0x0F, 0xF0, 0x3F, 0xE0, 0x1F, 0x80, 0x00, 0x00, 0x1C,
    0x00, 0x3F, 0x00, 0x00, 0x00, 0x00, 0x00, 0x7E, 0x00, 0x00, 0x00, 0x00, 0x01, 0xFC, 0x00, 0x00,
    0x00, 0x00, 0x03, 0xFC, 0x00, 0x00, 0x00, 0x00, 0x07, 0xFC, 0x00, 0x01, 0x80, 0x00, 0x0F, 0xFE,
    0x00, 0x7E, 0x00, 0x00, 0x0F, 0xFF, 0xFF, 0xF8, 0x00, 0x00, 0x1F, 0xFF, 0xFF, 0xF0, 0x00, 0x00,
    0x0F, 0xFF, 0xFF, 0x80, 0x00, 0x00, 0x0F, 0xFF, 0xF0, 0x00, 0x00, 0x00, 0x00, 0x00, 0x00, 0x00,
    0x00, 0x07, 0xF0, 0x00, 0x00, 0x01, 0xFC, 0x00, 0x00, 0x00, 0x7F, 0x80, 0x00, 0x00, 0x3F, 0xE0,
    0x00, 0x00, 0x0F, 0xF8, 0x00, 0x00, 0x03, 0xFF, 0x00, 0x00, 0x01, 0xF7, 0xC0, 0x00, 0x00, 0x7D,
    0xF8, 0x00, 0x00, 0x1F, 0x3E, 0x00, 0x00, 0x0F, 0x8F, 0x80, 0x00, 0x03, 0xE3, 0xF0, 0x00, 0x01,
    0xF8, 0x7C, 0x00, 0x00, 0x7C, 0x1F, 0x00, 0x00, 0x1F, 0x07, 0xE0, 0x00, 0x0F, 0xC0, 0xF8, 0x00,
    0x03, 0xE0, 0x3E, 0x00, 0x00, 0xF8, 0x0F, 0xC0, 0x00, 0x7E, 0x01, 0xF0, 0x00, 0x1F, 0x00, 0x7E,
    0x00, 0x07, 0xC0, 0x1F, 0x80, 0x03, 0xF0, 0x03, 0xE0, 0x00, 0xF8, 0x00, 0xFC, 0x00, 0x7E, 0x00,
    0x3F, 0x00, 0x1F, 0xFF, 0xFF, 0xC0, 0x07, 0xFF, 0xFF, 0xF8, 0x03, 0xFF, 0xFF, 0xFE, 0x00, 0xFF,
    0xFF, 0xFF, 0xC0, 0x3F, 0xFF, 0xFF, 0xF0, 0x1F, 0x80, 0x00, 0x7C, 0x07, 0xE0, 0x00, 0x1F, 0x83,
    0xF0, 0x00, 0x07, 0xE0, 0xFC, 0x00, 0x00, 0xF8, 0x3F, 0x00, 0x00, 0x3F, 0x1F, 0x80, 0x00, 0x0F,
    0xC7, 0xE0, 0x00, 0x01, 0xF1, 0xF0, 0x00, 0x00, 0x7E, 0xFC, 0x00, 0x00, 0x1F, 0xBF, 0x00, 0x00,
    0x03, 0xF0, 0xFF, 0xFF, 0xE0, 0x0F, 0xFF, 0xFF, 0x80, 0xFF, 0xFF, 0xFE, 0x0F, 0xFF, 0xFF, 0xF0,
    0xFF, 0xFF, 0xFF, 0x0F, 0xC0, 0x03, 0xF8, 0xFC, 0x00, 0x1F, 0x8F, 0xC0, 0x00, 0xFC, 0xFC, 0x00,
    0x0F, 0xCF, 0xC0, 0x00, 0x7C, 0xFC, 0x00, 0x07, 0xCF, 0xC0, 0x00, 0x7C, 0xFC, 0x00, 0x0F, 0xCF,
    0xC0, 0x00, 0xF8, 0xFC, 0x00, 0x1F, 0x8F, 0xC0, 0x03, 0xF0, 0xFF, 0xFF, 0xFE, 0x0F, 0xFF, 0xFF,
    0xC0, 0xFF, 0xFF, 0xF8, 0x0F, 0xFF, 0xFF, 0xE0, 0xFF, 0xFF, 0xFF, 0x8F, 0xC0, 0x07, 0xFC, 0xFC,
    0x00, 0x1F, 0xCF, 0xC0, 0x00, 0xFE, 0xFC, 0x00, 0x07, 0xEF, 0xC0, 0x00, 0x3E, 0xFC, 0x00, 0x03,
    0xEF, 0xC0, 0x00, 0x3F, 0xFC, 0x00, 0x03, 0xFF, 0xC0, 0x00, 0x3E, 0xFC, 0x00, 0x07, 0xEF, 0xC0,
    0x00, 0x7E, 0xFC, 0x00, 0x1F, 0xCF, 0xFF, 0xFF, 0xFC, 0xFF, 0xFF, 0xFF, 0x8F, 0xFF, 0xFF, 0xF0,
    0xFF, 0xFF, 0xFE, 0x0F, 0xFF, 0xFF, 0x00, 0x00, 0x01, 0xF8, 0x00, 0x00, 0x07, 0xFF, 0xE0, 0x00,
    0x07, 0xFF, 0xFE, 0x00, 0x03, 0xFF, 0xFF, 0xC0, 0x01, 0xFF, 0xFF, 0xF8, 0x00, 0xFF, 0xC3, 0xFF,
    0x00, 0x7F, 0x80, 0x1F, 0xE0, 0x3F, 0x80, 0x01, 0xFC, 0x1F, 0xC0, 0x00, 0x3F, 0x07, 0xE0, 0x00,
    0x07, 0xE3, 0xF0, 0x00, 0x01, 0xF8, 0xFC, 0x00, 0x00, 0x3E, 0x3E, 0x00, 0x00, 0x0F, 0x9F, 0x80,
    0x00, 0x00, 0x07, 0xE0, 0x00, 0x00, 0x01, 0xF0, 0x00, 0x00, 0x00, 0x7C, 0x00, 0x00, 0x00, 0x1F,
    0x00, 0x00, 0x00, 0x07, 0xC0, 0x00, 0x00, 0x01, 0xF0, 0x00, 0x00, 0x00, 0x7C, 0x00, 0x00, 0x00,
    0x1F, 0x00, 0x00, 0x00, 0x07, 0xC0, 0x00, 0x00, 0x01, 0xF0, 0x00, 0x00, 0x00, 0x7C, 0x00, 0x00,
    0x00, 0x1F, 0x80, 0x00, 0x00, 0x07, 0xE0, 0x00, 0x00, 0x00, 0xF8, 0x00, 0x00, 0x3F, 0x3F, 0x00,
    0x00, 0x0F, 0x8F, 0xC0, 0x00, 0x07, 0xE1, 0xF8, 0x00, 0x01, 0xF8, 0x7F, 0x00, 0x00, 0xFC, 0x0F,
    0xE0, 0x00, 0x7F, 0x01, 0xFE, 0x00, 0x7F, 0x80, 0x7F, 0xE0, 0xFF, 0xC0, 0x0F, 0xFF, 0xFF, 0xE0,
    0x00, 0xFF, 0xFF, 0xF0, 0x00, 0x1F, 0xFF, 0xF8, 0x00, 0x01, 0xFF, 0xF8, 0x00, 0x00, 0x0F, 0xF0,
    0x00, 0xFF, 0xFF, 0xE0, 0x01, 0xFF, 0xFF, 0xF0, 0x03, 0xFF, 0xFF, 0xF8, 0x07, 0xFF, 0xFF, 0xF8,
    0x0F, 0xFF, 0xFF, 0xF8, 0x1F, 0x80, 0x07, 0xF8, 0x3F, 0x00, 0x03, 0xF8, 0x7E, 0x00, 0x03, 0xF8,
    0xFC, 0x00, 0x03, 0xF1, 0xF8, 0x00, 0x03, 0xF3, 0xF0, 0x00, 0x07, 0xE7, 0xE0, 0x00, 0x07, 0xEF,
    0xC0, 0x00, 0x0F, 0xDF, 0x80, 0x00, 0x0F, 0xBF, 0x00, 0x00, 0x1F, 0x7E, 0x00, 0x00, 0x3E, 0xFC,
    0x00, 0x00, 0x7F, 0xF8, 0x00, 0x00, 0xFF, 0xF0, 0x00, 0x01, 0xFF, 0xE0, 0x00, 0x03, 0xFF, 0xC0,
    0x00, 0x07, 0xFF, 0x80, 0x00, 0x0F, 0xFF, 0x00, 0x00, 0x1F, 0x7E, 0x00, 0x00, 0x3E, 0xFC, 0x00,
    0x00, 0x7D, 0xF8, 0x00, 0x01, 0xFB, 0xF0, 0x00, 0x03, 0xF7, 0xE0, 0x00, 0x0F, 0xCF, 0xC0, 0x00,
    0x1F, 0x9F, 0x80, 0x00, 0x7E, 0x3F, 0x00, 0x01, 0xFC, 0x7E, 0x00, 0x07, 0xF0, 0xFC, 0x00, 0x3F,
    0xC1, 0xFF, 0xFF, 0xFF, 0x83, 0xFF, 0xFF, 0xFC, 0x07, 0xFF, 0xFF, 0xF0, 0x0F, 0xFF, 0xFF, 0x80,
    0x1F, 0xFF, 0xFC, 0x00, 0x00, 0xFF, 0xFF, 0xFF, 0xFF, 0xFF, 0xFF, 0xFF, 0xFF, 0xFF, 0xFF, 0xFF,
    0xFF, 0xFF, 0xFF, 0xFF, 0xFC, 0x00, 0x00, 0xFC, 0x00, 0x00, 0xFC, 0x00, 0x00, 0xFC, 0x00, 0x00,
    0xFC, 0x00, 0x00, 0xFC, 0x00, 0x00, 0xFC, 0x00, 0x00, 0xFC, 0x00, 0x00, 0xFC, 0x00, 0x00, 0xFC,
    0x00, 0x00, 0xFC, 0x00, 0x00, 0xFF, 0xFF, 0xFE, 0xFF, 0xFF, 0xFE, 0xFF, 0xFF, 0xFE, 0xFF, 0xFF,
    0xFE, 0xFF, 0xFF, 0xFE, 0xFC, 0x00, 0x00, 0xFC, 0x00, 0x00, 0xFC, 0x00, 0x00, 0xFC, 0x00, 0x00,
    0xFC, 0x00, 0x00, 0xFC, 0x00, 0x00, 0xFC, 0x00, 0x00, 0xFC, 0x00, 0x00, 0xFC, 0x00, 0x00, 0xFC,
    0x00, 0x00, 0xFC, 0x00, 0x00, 0xFC, 0x00, 0x00, 0xFF, 0xFF, 0xFF, 0xFF, 0xFF, 0xFF, 0xFF, 0xFF,
    0xFF, 0xFF, 0xFF, 0xFF, 0xFF, 0xFF, 0xFF, 0xFF, 0xFF, 0xFF, 0xFF, 0xFF, 0xFF, 0xFF, 0xFF, 0xFF,
    0xFF, 0xFF, 0xFF, 0xFF, 0xFF, 0xFF, 0xFC, 0x00, 0x00, 0xFC, 0x00, 0x00, 0xFC, 0x00, 0x00, 0xFC,
    0x00, 0x00, 0xFC, 0x00, 0x00, 0xFC, 0x00, 0x00, 0xFC, 0x00, 0x00, 0xFC, 0x00, 0x00, 0xFC, 0x00,
    0x00, 0xFC, 0x00, 0x00, 0xFC, 0x00, 0x00, 0xFC, 0x00, 0x00, 0xFF, 0xFF, 0xFC, 0xFF, 0xFF, 0xFC,
    0xFF, 0xFF, 0xFC, 0xFF, 0xFF, 0xFC, 0xFF, 0xFF, 0xFC, 0xFC, 0x00, 0x00, 0xFC, 0x00, 0x00, 0xFC,
    0x00, 0x00, 0xFC, 0x00, 0x00, 0xFC, 0x00, 0x00, 0xFC, 0x00, 0x00, 0xFC, 0x00, 0x00, 0xFC, 0x00,
    0x00, 0xFC, 0x00, 0x00, 0xFC, 0x00, 0x00, 0xFC, 0x00, 0x00, 0xFC, 0x00, 0x00, 0xFC, 0x00, 0x00,
    0xFC, 0x00, 0x00, 0xFC, 0x00, 0x00, 0xFC, 0x00, 0x00, 0x00, 0x03, 0xF8, 0x00, 0x00, 0x07, 0xFF,
    0xC0, 0x00, 0x07, 0xFF, 0xFC, 0x00, 0x03, 0xFF, 0xFF, 0xC0, 0x03, 0xFF, 0xFF, 0xF8, 0x00, 0xFF,
    0xC7, 0xFF, 0x00, 0x7F, 0x80, 0x1F, 0xE0, 0x3F, 0x80, 0x03, 0xFC, 0x1F, 0xC0, 0x00, 0x7F, 0x07,
    0xE0, 0x00, 0x0F, 0xE3, 0xF0, 0x00, 0x01, 0xF8, 0xFC, 0x00, 0x00, 0x7E, 0x3E, 0x00, 0x00, 0x0F,
    0xDF, 0x80, 0x00, 0x00, 0x07, 0xE0, 0x00, 0x00, 0x01, 0xF0, 0x00, 0x00, 0x00, 0x7C, 0x00, 0x00,
    0x00, 0x1F, 0x00, 0x00, 0x00, 0x07, 0xC0, 0x00, 0x00, 0x01, 0xF0, 0x00, 0x00, 0x00, 0x7C, 0x00,
    0x1F, 0xFF, 0xDF, 0x00, 0x07, 0xFF, 0xF7, 0xC0, 0x01, 0xFF, 0xFD, 0xF0, 0x00, 0x7F, 0xFF, 0x7C,
    0x00, 0x1F, 0xFF, 0xDF, 0x80, 0x00, 0x03, 0xF7, 0xE0, 0x00, 0x00, 0xFC, 0xF8, 0x00, 0x00, 0x3F,
    0x3F, 0x00, 0x00, 0x0F, 0x8F, 0xC0, 0x00, 0x07, 0xE1, 0xF8, 0x00, 0x01, 0xF8, 0x7F, 0x00, 0x00,
    0xFC, 0x0F, 0xE0, 0x00, 0x7F, 0x01, 0xFE, 0x00, 0x7F, 0x80, 0x7F, 0xF0, 0xFF, 0xC0, 0x0F, 0xFF,
    0xFF, 0xE0, 0x00, 0xFF, 0xFF, 0xF0, 0x00, 0x1F, 0xFF, 0xF8, 0x00, 0x01, 0xFF, 0xF8, 0x00, 0x00,
    0x0F, 0xF0, 0x00, 0xFC, 0x00, 0x00, 0x7F, 0xF0, 0x00, 0x01, 0xFF, 0xC0, 0x00, 0x07, 0xFF, 0x00,
    0x00, 0x1F, 0xFC, 0x00, 0x00, 0x7F, 0xF0, 0x00, 0x01, 0xFF, 0xC0, 0x00, 0x07, 0xFF, 0x00, 0x00,
    0x1F, 0xFC, 0x00, 0x00, 0x7F, 0xF0, 0x00, 0x01, 0xFF, 0xC0, 0x00, 0x07, 0xFF, 0x00, 0x00, 0x1F,
    0xFC, 0x00, 0x00, 0x7F, 0xF0, 0x00, 0x01, 0xFF, 0xC0, 0x00, 0x07, 0xFF, 0x00, 0x00, 0x1F, 0xFF,
    0xFF, 0xFF, 0xFF, 0xFF, 0xFF, 0xFF, 0xFF, 0xFF, 0xFF, 0xFF, 0xFF, 0xFF, 0xFF, 0xFF, 0xFF, 0xFF,
    0xFF, 0xFF, 0xF0, 0x00, 0x01, 0xFF, 0xC0, 0x00, 0x07, 0xFF, 0x00, 0x00, 0x1F, 0xFC, 0x00, 0x00,
    0x7F, 0xF0, 0x00, 0x01, 0xFF, 0xC0, 0x00, 0x07, 0xFF, 0x00, 0x00, 0x1F, 0xFC, 0x00, 0x00, 0x7F,
    0xF0, 0x00, 0x01, 0xFF, 0xC0, 0x00, 0x07, 0xFF, 0x00, 0x00, 0x1F, 0xFC, 0x00, 0x00, 0x7F, 0xF0,
    0x00, 0x01, 0xFF, 0xC0, 0x00, 0x07, 0xFF, 0x00, 0x00, 0x1F, 0xFC, 0x00, 0x00, 0x7F, 0xF0, 0x00,
    0x01, 0xF0, 0xFF, 0xFF, 0xFF, 0xFF, 0xFF, 0xFF, 0xFF, 0xFF, 0xFF, 0xFF, 0xFF, 0xFF, 0xFF, 0xFF,
    0xFF, 0xFF, 0xFF, 0xFF, 0xFF, 0xFF, 0xFF, 0xFF, 0xFF, 0xFF, 0xFF, 0xFF, 0xFF, 0xFF, 0xF0, 0x00,
    0x00, 0x3E, 0x00, 0x00, 0x7C, 0x00, 0x00, 0xF8, 0x00, 0x01, 0xF0, 0x00, 0x03, 0xE0, 0x00, 0x07,
    0xC0, 0x00, 0x0F, 0x80, 0x00, 0x1F, 0x00, 0x00, 0x3E, 0x00, 0x00, 0x7C, 0x00, 0x00, 0xF8, 0x00,
    0x01, 0xF0, 0x00, 0x03, 0xE0, 0x00, 0x07, 0xC0, 0x00, 0x0F, 0x80, 0x00, 0x1F, 0x00, 0x00, 0x3E,
    0x00, 0x00, 0x7C, 0x00, 0x00, 0xF8, 0x00, 0x01, 0xF0, 0x00, 0x03, 0xE0, 0x00, 0x07, 0xC0, 0x00,
    0x0F, 0x80, 0x00, 0x1F, 0x00, 0x00, 0x3F, 0xF8, 0x00, 0x7F, 0xF0, 0x00, 0xFF, 0xE0, 0x01, 0xFF,
    0xC0, 0x03, 0xFF, 0x80, 0x07, 0xFF, 0x00, 0x1F, 0xBF, 0x00, 0x3F, 0x7F, 0x00, 0xFC, 0xFF, 0x07,
    0xF8, 0xFF, 0xFF, 0xE0, 0xFF, 0xFF, 0x80, 0xFF, 0xFE, 0x00, 0x7F, 0xF8, 0x00, 0x3F, 0x80, 0x00,
    0xFC, 0x00, 0x03, 0xFB, 0xF0, 0x00, 0x1F, 0xCF, 0xC0, 0x00, 0xFF, 0x3F, 0x00, 0x07, 0xF8, 0xFC,
    0x00, 0x3F, 0xC3, 0xF0, 0x00, 0xFE, 0x0F, 0xC0, 0x07, 0xF0, 0x3F, 0x00, 0x3F, 0x80, 0xFC, 0x01,
    0xFC, 0x03, 0xF0, 0x0F, 0xE0, 0x0F, 0xC0, 0x7F, 0x00, 0x3F, 0x03, 0xF8, 0x00, 0xFC, 0x1F, 0xC0,
    0x03, 0xF0, 0xFE, 0x00, 0x0F, 0xC7, 0xF0, 0x00, 0x3F, 0x3F, 0x80, 0x00, 0xFD, 0xFE, 0x00, 0x03,
    0xF7, 0xF8, 0x00, 0x0F, 0xFF, 0xF0, 0x00, 0x3F, 0xFF, 0xE0, 0x00, 0xFF, 0xDF, 0x80, 0x03, 0xFE,
    0x7F, 0x00, 0x0F, 0xF8, 0xFE, 0x00, 0x3F, 0xC1, 0xF8, 0x00, 0xFE, 0x03, 0xF0, 0x03, 0xF0, 0x0F,
    0xE0, 0x0F, 0xC0, 0x1F, 0xC0, 0x3F, 0x00, 0x3F, 0x00, 0xFC, 0x00, 0xFE, 0x03, 0xF0, 0x01, 0xFC,
    0x0F, 0xC0, 0x03, 0xF0, 0x3F, 0x00, 0x07, 0xE0, 0xFC, 0x00, 0x1F, 0xC3, 0xF0, 0x00, 0x3F, 0x8F,
    0xC0, 0x00, 0x7E, 0x3F, 0x00, 0x01, 0xFC, 0xFC, 0x00, 0x03, 0xFB, 0xF0, 0x00, 0x07, 0xE0, 0xFC,
    0x00, 0x01, 0xF8, 0x00, 0x03, 0xF0, 0x00, 0x07, 0xE0, 0x00, 0x0F, 0xC0, 0x00, 0x1F, 0x80, 0x00,
    0x3F, 0x00, 0x00, 0x7E, 0x00, 0x00, 0xFC, 0x00, 0x01, 0xF8, 0x00, 0x03, 0xF0, 0x00, 0x07, 0xE0,
    0x00, 0x0F, 0xC0, 0x00, 0x1F, 0x80, 0x00, 0x3F, 0x00, 0x00, 0x7E, 0x00, 0x00, 0xFC, 0x00, 0x01,
    0xF8, 0x00, 0x03, 0xF0, 0x00, 0x07, 0xE0, 0x00, 0x0F, 0xC0, 0x00, 0x1F, 0x80, 0x00, 0x3F, 0x00,
    0x00, 0x7E, 0x00, 0x00, 0xFC, 0x00, 0x01, 0xF8, 0x00, 0x03, 0xF0, 0x00, 0x07, 0xE0, 0x00, 0x0F,
    0xC0, 0x00, 0x1F, 0x80, 0x00, 0x3F, 0x00, 0x00, 0x7E, 0x00, 0x00, 0xFC, 0x00, 0x01, 0xFF, 0xFF,
    0xFF, 0xFF, 0xFF, 0xFF, 0xFF, 0xFF, 0xFF, 0xFF, 0xFF, 0xFF, 0xFF, 0xFF, 0xC0, 0xFF, 0x00, 0x00,
    0x01, 0xFD, 0xFE, 0x00, 0x00, 0x07, 0xFB, 0xFC, 0x00, 0x00, 0x0F, 0xF7, 0xFC, 0x00, 0x00, 0x1F,
    0xEF, 0xF8, 0x00, 0x00, 0x7F, 0xDF, 0xF8, 0x00, 0x00, 0xFF, 0xBF, 0xF0, 0x00, 0x01, 0xFF, 0x7F,
    0xE0, 0x00, 0x07, 0xFE, 0xFF, 0xE0, 0x00, 0x0F, 0xFD, 0xF7, 0xC0, 0x00, 0x3F, 0xFB, 0xEF, 0xC0,
    0x00, 0x7D, 0xF7, 0xDF, 0x80, 0x00, 0xFB, 0xEF, 0x9F, 0x00, 0x03, 0xF7, 0xDF, 0x3F, 0x00, 0x07,
    0xCF, 0xBE, 0x7E, 0x00, 0x1F, 0x9F, 0x7C, 0x7E, 0x00, 0x3F, 0x3E, 0xF8, 0xFC, 0x00, 0x7C, 0x7D,
    0xF0, 0xF8, 0x01, 0xF8, 0xFB, 0xE1, 0xF8, 0x03, 0xE1, 0xF7, 0xC3, 0xF0, 0x07, 0xC3, 0xEF, 0x83,
    0xE0, 0x1F, 0x87, 0xDF, 0x07, 0xE0, 0x3E, 0x0F, 0xBE, 0x07, 0xC0, 0xFC, 0x1F, 0x7C, 0x0F, 0xC1,
    0xF0, 0x3E, 0xF8, 0x1F, 0x83, 0xE0, 0x7D, 0xF0, 0x1F, 0x0F, 0xC0, 0xFB, 0xE0, 0x3F, 0x1F, 0x01,
    0xF7, 0xC0, 0x3E, 0x3E, 0x03, 0xEF, 0x80, 0x7C, 0xF8, 0x07, 0xDF, 0x00, 0xFD, 0xF0, 0x0F, 0xBE,
    0x00, 0xFB, 0xE0, 0x1F, 0x7C, 0x01, 0xFF, 0x80, 0x3E, 0xF8, 0x01, 0xFF, 0x00, 0x7D, 0xF0, 0x03,
    0xFC, 0x00, 0xFB, 0xE0, 0x07, 0xF8, 0x01, 0xF7, 0xC0, 0x07, 0xF0, 0x03, 0xEF, 0x80, 0x0F, 0xC0,
    0x07, 0xDF, 0x00, 0x0F, 0x80, 0x0F, 0x80, 0xFE, 0x00, 0x00, 0x7F, 0xFC, 0x00, 0x00, 0xFF, 0xFC,
    0x00, 0x01, 0xFF, 0xFC, 0x00, 0x03, 0xFF, 0xF8, 0x00, 0x07, 0xFF, 0xF8, 0x00, 0x0F, 0xFF, 0xF0,
    0x00, 0x1F, 0xFF, 0xF0, 0x00, 0x3F, 0xFB, 0xF0, 0x00, 0x7F, 0xF7, 0xE0, 0x00, 0xFF, 0xE7, 0xE0,
    0x01, 0xFF, 0xC7, 0xE0, 0x03, 0xFF, 0x8F, 0xC0, 0x07, 0xFF, 0x8F, 0xC0, 0x0F, 0xFF, 0x1F, 0xC0,
    0x1F, 0xFE, 0x1F, 0x80, 0x3F, 0xFC, 0x1F, 0x80, 0x7F, 0xF8, 0x3F, 0x00, 0xFF, 0xF0, 0x3F, 0x01,
    0xFF, 0xE0, 0x3F, 0x03, 0xFF, 0xC0, 0x7E, 0x07, 0xFF, 0x80, 0x7E, 0x0F, 0xFF, 0x00, 0xFE, 0x1F,
    0xFE, 0x00, 0xFC, 0x3F, 0xFC, 0x00, 0xFC, 0x7F, 0xF8, 0x01, 0xFC, 0xFF, 0xF0, 0x01, 0xF9, 0xFF,
    0xE0, 0x01, 0xFB, 0xFF, 0xC0, 0x03, 0xF7, 0xFF, 0x80, 0x03, 0xFF, 0xFF, 0x00, 0x07, 0xFF, 0xFE,
    0x00, 0x07, 0xFF, 0xFC, 0x00, 0x07, 0xFF, 0xF8, 0x00, 0x0F, 0xFF, 0xF0, 0x00, 0x0F, 0xFF, 0xE0,
    0x00, 0x0F, 0xFF, 0xC0, 0x00, 0x1F, 0xFF, 0x80, 0x00, 0x1F, 0xC0, 0x00, 0x01, 0xF8, 0x00, 0x00,
    0x03, 0xFF, 0xE0, 0x00, 0x01, 0xFF, 0xFF, 0x00, 0x00, 0x7F, 0xFF, 0xF8, 0x00, 0x1F, 0xFF, 0xFF,
    0x80, 0x07, 0xFE, 0x1F, 0xF8, 0x01, 0xFE, 0x00, 0x7F, 0x80, 0x7F, 0x00, 0x07, 0xF8, 0x1F, 0xC0,
    0x00, 0x3F, 0x03, 0xF0, 0x00, 0x03, 0xF0, 0xFC, 0x00, 0x00, 0x7E, 0x1F, 0x80, 0x00, 0x07, 0xE3,
    0xE0, 0x00, 0x00, 0xFC, 0xFC, 0x00, 0x00, 0x0F, 0x9F, 0x80, 0x00, 0x01, 0xFB, 0xE0, 0x00, 0x00,
    0x3F, 0x7C, 0x00, 0x00, 0x07, 0xEF, 0x80, 0x00, 0x00, 0x7D, 0xF0, 0x00, 0x00, 0x0F, 0xBE, 0x00,
    0x00, 0x01, 0xF7, 0xC0, 0x00, 0x00, 0x3E, 0xF8, 0x00, 0x00, 0x07, 0xDF, 0x00, 0x00, 0x00, 0xFB,
    0xE0, 0x00, 0x00, 0x3F, 0x7C, 0x00, 0x00, 0x07, 0xEF, 0xC0, 0x00, 0x00, 0xFD, 0xF8, 0x00, 0x00,
    0x1F, 0x1F, 0x00, 0x00, 0x07, 0xE3, 0xF0, 0x00, 0x00, 0xFC, 0x7E, 0x00, 0x00, 0x3F, 0x07, 0xE0,
    0x00, 0x07, 0xE0, 0xFE, 0x00, 0x01, 0xF8, 0x0F, 0xE0, 0x00, 0x7F, 0x00, 0xFF, 0x00, 0x3F, 0xC0,
    0x1F, 0xF8, 0x3F, 0xF0, 0x01, 0xFF, 0xFF, 0xFC, 0x00, 0x0F, 0xFF, 0xFF, 0x00, 0x00, 0xFF, 0xFF,
    0xC0, 0x00, 0x07, 0xFF, 0xE0, 0x00, 0x00, 0x1F, 0xE0, 0x00, 0xFF, 0xFF, 0xE0, 0x1F, 0xFF, 0xFF,
    0x03, 0xFF, 0xFF, 0xF8, 0x7F, 0xFF, 0xFF, 0x8F, 0xFF, 0xFF, 0xF9, 0xF8, 0x00, 0x7F, 0x3F, 0x00,
    0x07, 0xF7, 0xE0, 0x00, 0x7E, 0xFC, 0x00, 0x07, 0xDF, 0x80, 0x00, 0xFF, 0xF0, 0x00, 0x1F, 0xFE,
    0x00, 0x03, 0xFF, 0xC0, 0x00, 0x7F, 0xF8, 0x00, 0x0F, 0xFF, 0x00, 0x01, 0xFF, 0xE0, 0x00, 0x3E,
    0xFC, 0x00, 0x0F, 0xDF, 0x80, 0x03, 0xFB, 0xF0, 0x00, 0xFE, 0x7F, 0xFF, 0xFF, 0xCF, 0xFF, 0xFF,
    0xF1, 0xFF, 0xFF, 0xFC, 0x3F, 0xFF, 0xFE, 0x07, 0xFF, 0xFF, 0x00, 0xFC, 0x00, 0x00, 0x1F, 0x80,
    0x00, 0x03, 0xF0, 0x00, 0x00, 0x7E, 0x00, 0x00, 0x0F, 0xC0, 0x00, 0x01, 0xF8, 0x00, 0x00, 0x3F,
    0x00, 0x00, 0x07, 0xE0, 0x00, 0x00, 0xFC, 0x00, 0x00, 0x1F, 0x80, 0x00, 0x03, 0xF0, 0x00, 0x00,
    0x7E, 0x00, 0x00, 0x0F, 0xC0, 0x00, 0x01, 0xF8, 0x00, 0x00, 0x00, 0x00, 0x01, 0xF8, 0x00, 0x00,
    0x03, 0xFF, 0xE0, 0x00, 0x01, 0xFF, 0xFF, 0x00, 0x00, 0x7F, 0xFF, 0xF8, 0x00, 0x1F, 0xFF, 0xFF,
    0x80, 0x07, 0xFE, 0x1F, 0xF8, 0x01, 0xFE, 0x00, 0x7F, 0x80, 0x7F, 0x00, 0x07, 0xF8, 0x1F, 0xC0,
    0x00, 0x3F, 0x03, 0xF0, 0x00, 0x03, 0xF0, 0xFC, 0x00, 0x00, 0x7E, 0x1F, 0x80, 0x00, 0x07, 0xE3,
    0xE0, 0x00, 0x00, 0xFC, 0xFC, 0x00, 0x00, 0x0F, 0x9F, 0x80, 0x00, 0x01, 0xFB, 0xE0, 0x00, 0x00,
    0x3F, 0x7C, 0x00, 0x00, 0x07, 0xEF, 0x80, 0x00, 0x00, 0x7D, 0xF0, 0x00, 0x00, 0x0F, 0xBE, 0x00,
    0x00, 0x01, 0xF7, 0xC0, 0x00, 0x00, 0x3E, 0xF8, 0x00, 0x00, 0x07, 0xDF, 0x00, 0x00, 0x00, 0xFB,
    0xE0, 0x00, 0x00, 0x3F, 0x7C, 0x00, 0x00, 0x07, 0xEF, 0xC0, 0x00, 0x00, 0xFD, 0xF8, 0x00, 0x00,
    0x1F, 0x1F, 0x00, 0x7E, 0x07, 0xE3, 0xF0, 0x07, 0xE0, 0xFC, 0x7E, 0x00, 0x7C, 0x3F, 0x07, 0xE0,
    0x0F, 0xC7, 0xE0, 0xFE, 0x00, 0xFD, 0xF8, 0x0F, 0xE0, 0x0F, 0xFF, 0x00, 0xFF, 0x00, 0xFF, 0xC0,
    0x1F, 0xF8, 0x3F, 0xF0, 0x01, 0xFF, 0xFF, 0xFC, 0x00, 0x0F, 0xFF, 0xFF, 0x80, 0x00, 0xFF, 0xFF,
    0xF0, 0x00, 0x07, 0xFF, 0xFF, 0x00, 0x00, 0x1F, 0xE3, 0xF0, 0x00, 0x00, 0x00, 0x3F, 0x00, 0x00,
    0x00, 0x03, 0xE0, 0x00, 0x00, 0x00, 0x7E, 0x00, 0xFF, 0xFF, 0xE0, 0x0F, 0xFF, 0xFF, 0x80, 0xFF,
    0xFF, 0xFE, 0x0F, 0xFF, 0xFF, 0xF0, 0xFF, 0xFF, 0xFF, 0x8F, 0xC0, 0x03, 0xF8, 0xFC, 0x00, 0x1F,
    0xCF, 0xC0, 0x00, 0xFC, 0xFC, 0x00, 0x07, 0xEF, 0xC0, 0x00, 0x7E, 0xFC, 0x00, 0x07, 0xEF, 0xC0,
    0x00, 0x7E, 0xFC, 0x00, 0x07, 0xEF, 0xC0, 0x00, 0x7E, 0xFC, 0x00, 0x07, 0xEF, 0xC0, 0x00, 0x7C,
    0xFC, 0x00, 0x0F, 0xCF, 0xC0, 0x01, 0xFC, 0xFC, 0x01, 0xFF, 0x8F, 0xFF, 0xFF, 0xF0, 0xFF, 0xFF,
    0xFE, 0x0F, 0xFF, 0xFF, 0xC0, 0xFF, 0xFF, 0xF0, 0x0F, 0xFF, 0xFF, 0x00, 0xFC, 0x01, 0xF8, 0x0F,
    0xC0, 0x1F, 0x80, 0xFC, 0x00, 0xFC, 0x0F, 0xC0, 0x0F, 0xC0, 0xFC, 0x00, 0x7E, 0x0F, 0xC0, 0x07,
    0xF0, 0xFC, 0x00, 0x3F, 0x0F, 0xC0, 0x03, 0xF8, 0xFC, 0x00, 0x1F, 0x8F, 0xC0, 0x01, 0xFC, 0xFC,
    0x00, 0x0F, 0xCF, 0xC0, 0x00, 0xFE, 0xFC, 0x00, 0x07, 0xEF, 0xC0, 0x00, 0x3F, 0x00, 0x1F, 0xC0,
    0x00, 0x07, 0xFF, 0xC0, 0x00, 0xFF, 0xFF, 0x80, 0x0F, 0xFF, 0xFF, 0x00, 0xFF, 0xFF, 0xFC, 0x0F,
    0xF8, 0x3F, 0xE0, 0x7E, 0x00, 0x3F, 0x87, 0xE0, 0x00, 0xFC, 0x3E, 0x00, 0x03, 0xF1, 0xF0, 0x00,
    0x1F, 0x9F, 0x80, 0x00, 0x7C, 0xFC, 0x00, 0x00, 0x07, 0xE0, 0x00, 0x00, 0x1F, 0x00, 0x00, 0x00,
    0xFE, 0x00, 0x00, 0x07, 0xF8, 0x00, 0x00, 0x1F, 0xF8, 0x00, 0x00, 0x7F, 0xF8, 0x00, 0x01, 0xFF,
    0xFC, 0x00, 0x07, 0xFF, 0xF8, 0x00, 0x07, 0xFF, 0xF0, 0x00, 0x0F, 0xFF, 0xC0, 0x00, 0x07, 0xFF,
    0x00, 0x00, 0x07, 0xFC, 0x00, 0x00, 0x07, 0xF0, 0x00, 0x00, 0x1F, 0x80, 0x00, 0x00, 0x7E, 0x00,
    0x00, 0x03, 0xF7, 0xC0, 0x00, 0x1F, 0xFE, 0x00, 0x00, 0xFD, 0xF0, 0x00, 0x07, 0xEF, 0xC0, 0x00,
    0x3E, 0x7F, 0x00, 0x03, 0xF1, 0xFC, 0x00, 0x7F, 0x8F, 0xF8, 0x0F, 0xF8, 0x3F, 0xFF, 0xFF, 0x80,
    0xFF, 0xFF, 0xF8, 0x03, 0xFF, 0xFF, 0x80, 0x07, 0xFF, 0xF0, 0x00, 0x07, 0xFC, 0x00, 0xFF, 0xFF,
    0xFF, 0xFF, 0xFF, 0xFF, 0xFF, 0xFF, 0xFF, 0xFF, 0xFF, 0xFF, 0xFF, 0xFF, 0xFF, 0xFF, 0xFF, 0xFF,
    0x80, 0x07, 0xC0, 0x00, 0x00, 0x3E, 0x00, 0x00, 0x01, 0xF0, 0x00, 0x00, 0x0F, 0x80, 0x00, 0x00,
    0x7C, 0x00, 0x00, 0x03, 0xE0, 0x00, 0x00, 0x1F, 0x00, 0x00, 0x00, 0xF8, 0x00, 0x00, 0x07, 0xC0,
    0x00, 0x00, 0x3E, 0x00, 0x00, 0x01, 0xF0, 0x00, 0x00, 0x0F, 0x80, 0x00, 0x00, 0x7C, 0x00, 0x00,
    0x03, 0xE0, 0x00, 0x00, 0x1F, 0x00, 0x00, 0x00, 0xF8, 0x00, 0x00, 0x07, 0xC0, 0x00, 0x00, 0x3E,
    0x00, 0x00, 0x01, 0xF0, 0x00, 0x00, 0x0F, 0x80, 0x00, 0x00, 0x7C, 0x00, 0x00, 0x03, 0xE0, 0x00,
    0x00, 0x1F, 0x00, 0x00, 0x00, 0xF8, 0x00, 0x00, 0x07, 0xC0, 0x00, 0x00, 0x3E, 0x00, 0x00, 0x01,
    0xF0, 0x00, 0x00, 0x0F, 0x80, 0x00, 0x00, 0x7C, 0x00, 0x00, 0x03, 0xE0, 0x00, 0x00, 0x1F, 0x00,
    0x00, 0x00, 0xF8, 0x00, 0x00, 0x07, 0xC0, 0x00, 0xF8, 0x00, 0x00, 0x7F, 0xF0, 0x00, 0x01, 0xFF,
    0xC0, 0x00, 0x07, 0xFF, 0x00, 0x00, 0x1F, 0xFC, 0x00, 0x00, 0x7F, 0xF0, 0x00, 0x01, 0xFF, 0xC0,
    0x00, 0x07, 0xFF, 0x00, 0x00, 0x1F, 0xFC, 0x00, 0x00, 0x7F, 0xF0, 0x00, 0x01, 0xFF, 0xC0, 0x00,
    0x07, 0xFF, 0x00, 0x00, 0x1F, 0xFC, 0x00, 0x00, 0x7F, 0xF0, 0x00, 0x01, 0xFF, 0xC0, 0x00, 0x07,
    0xFF, 0x00, 0x00, 0x1F, 0xFC, 0x00, 0x00, 0x7F, 0xF0, 0x00, 0x01, 0xFF, 0xC0, 0x00, 0x07, 0xFF,
    0x00, 0x00, 0x1F, 0xFC, 0x00, 0x00, 0x7F, 0xF0, 0x00, 0x01, 0xFF, 0xC0, 0x00, 0x07, 0xFF, 0x00,
    0x00, 0x1F, 0xFC, 0x00, 0x00, 0x7F, 0xF0, 0x00, 0x01, 0xFF, 0xC0, 0x00, 0x07, 0xFF, 0x00, 0x00,
    0x3F, 0xFC, 0x00, 0x00, 0xFD, 0xF8, 0x00, 0x03, 0xF7, 0xE0, 0x00, 0x1F, 0x9F, 0xC0, 0x00, 0xFE,
    0x3F, 0xC0, 0x07, 0xF0, 0x7F, 0xC0, 0xFF, 0xC0, 0xFF, 0xFF, 0xFE, 0x01, 0xFF, 0xFF, 0xF0, 0x03,
    0xFF, 0xFF, 0x00, 0x03, 0xFF, 0xF0, 0x00, 0x01, 0xFF, 0x00, 0x00, 0xFC, 0x00, 0x00, 0x0F, 0xFF,
    0x00, 0x00, 0x07, 0xE7, 0xC0, 0x00, 0x01, 0xF9, 0xF8, 0x00, 0x00, 0x7E, 0x7E, 0x00, 0x00, 0x3F,
    0x0F, 0x80, 0x00, 0x0F, 0xC3, 0xF0, 0x00, 0x03, 0xE0, 0xFC, 0x00, 0x01, 0xF8, 0x1F, 0x80, 0x00,
    0x7E, 0x07, 0xE0, 0x00, 0x1F, 0x00, 0xF8, 0x00, 0x0F, 0xC0, 0x3F, 0x00, 0x03, 0xF0, 0x0F, 0xC0,
    0x00, 0xF8, 0x01, 0xF0, 0x00, 0x7E, 0x00, 0x7E, 0x00, 0x1F, 0x80, 0x1F, 0x80, 0x07, 0xC0, 0x03,
    0xE0, 0x03, 0xF0, 0x00, 0xFC, 0x00, 0xF8, 0x00, 0x1F, 0x00, 0x3E, 0x00, 0x07, 0xC0, 0x1F, 0x80,
    0x01, 0xF8, 0x07, 0xC0, 0x00, 0x3E, 0x03, 0xF0, 0x00, 0x0F, 0xC0, 0xFC, 0x00, 0x03, 0xF0, 0x3E,
    0x00, 0x00, 0x7C, 0x1F, 0x80, 0x00, 0x1F, 0x87, 0xE0, 0x00, 0x07, 0xE1, 0xF0, 0x00, 0x00, 0xF8,
    0xFC, 0x00, 0x00, 0x3F, 0x3E, 0x00, 0x00, 0x07, 0xCF, 0x80, 0x00, 0x01, 0xF3, 0xE0, 0x00, 0x00,
    0x7D, 0xF0, 0x00, 0x00, 0x0F, 0xFC, 0x00, 0x00, 0x03, 0xFF, 0x00, 0x00, 0x00, 0xFF, 0x80, 0x00,
    0x00, 0x1F, 0xE0, 0x00, 0x00, 0x07, 0xF8, 0x00, 0x00, 0x00, 0xFC, 0x00, 0x00, 0xF8, 0x00, 0x07,
    0xF0, 0x00, 0x1F, 0xFE, 0x00, 0x03, 0xF8, 0x00, 0x0F, 0xFF, 0x00, 0x01, 0xFC, 0x00, 0x07, 0xCF,
    0x80, 0x01, 0xFE, 0x00, 0x03, 0xE7, 0xE0, 0x00, 0xFF, 0x80, 0x03, 0xF3, 0xF0, 0x00, 0x7F, 0xC0,
    0x01, 0xF8, 0xF8, 0x00, 0x3F, 0xE0, 0x00, 0xF8, 0x7C, 0x00, 0x3F, 0xF0, 0x00, 0x7C, 0x3F, 0x00,
    0x1F, 0x7C, 0x00, 0x7E, 0x1F, 0x80, 0x0F, 0xBE, 0x00, 0x3F, 0x07, 0xC0, 0x07, 0xDF, 0x00, 0x1F,
    0x03, 0xE0, 0x07, 0xEF, 0xC0, 0x0F, 0x81, 0xF8, 0x03, 0xE3, 0xE0, 0x0F, 0xC0, 0xFC, 0x01, 0xF1,
    0xF0, 0x07, 0xC0, 0x3E, 0x00, 0xF8, 0xF8, 0x03, 0xE0, 0x1F, 0x00, 0xFC, 0x7E, 0x03, 0xF0, 0x0F,
    0xC0, 0x7C, 0x1F, 0x01, 0xF8, 0x03, 0xE0, 0x3E, 0x0F, 0x80, 0xF8, 0x01, 0xF0, 0x1F, 0x07, 0xC0,
    0x7C, 0x00, 0xF8, 0x1F, 0x03, 0xF0, 0x7E, 0x00, 0x7E, 0x0F, 0x80, 0xF8, 0x3F, 0x00, 0x1F, 0x07,
    0xC0, 0x7C, 0x1F, 0x00, 0x0F, 0x87, 0xE0, 0x3E, 0x0F, 0x80, 0x07, 0xC3, 0xE0, 0x0F, 0x8F, 0xC0,
    0x03, 0xF1, 0xF0, 0x07, 0xC7, 0xC0, 0x00, 0xF8, 0xF8, 0x03, 0xE3, 0xE0, 0x00, 0x7C, 0xFC, 0x01,
    0xF1, 0xF0, 0x00, 0x3E, 0x7C, 0x00, 0x7D, 0xF8, 0x00, 0x0F, 0xBE, 0x00, 0x3E, 0xF8, 0x00, 0x07,
    0xDF, 0x00, 0x1F, 0x7C, 0x00, 0x03, 0xEF, 0x00, 0x0F, 0xBE, 0x00, 0x01, 0xFF, 0x80, 0x03, 0xFF,
    0x00, 0x00, 0x7F, 0xC0, 0x01, 0xFF, 0x00, 0x00, 0x3F, 0xE0, 0x00, 0xFF, 0x80, 0x00, 0x1F, 0xE0,
    0x00, 0x7F, 0xC0, 0x00, 0x0F, 0xF0, 0x00, 0x1F, 0xC0, 0x00, 0x03, 0xF8, 0x00, 0x0F, 0xE0, 0x00,
    0x01, 0xFC, 0x00, 0x07, 0xF0, 0x00, 0x7E, 0x00, 0x00, 0x3F, 0x1F, 0x80, 0x00, 0x3F, 0x8F, 0xE0,
    0x00, 0x1F, 0x83, 0xF0, 0x00, 0x1F, 0x80, 0xFC, 0x00, 0x1F, 0xC0, 0x7F, 0x00, 0x0F, 0xC0, 0x1F,
    0x80, 0x0F, 0xC0, 0x07, 0xE0, 0x0F, 0xC0, 0x03, 0xF8, 0x0F, 0xE0, 0x00, 0xFC, 0x07, 0xE0, 0x00,
    0x3F, 0x07, 0xE0, 0x00, 0x0F, 0xC7, 0xF0, 0x00, 0x07, 0xE3, 0xF0, 0x00, 0x01, 0xFB, 0xF0, 0x00,
    0x00, 0x7F, 0xF8, 0x00, 0x00, 0x3F, 0xF8, 0x00, 0x00, 0x0F, 0xF8, 0x00, 0x00, 0x03, 0xF8, 0x00,
    0x00, 0x01, 0xFC, 0x00, 0x00, 0x00, 0xFF, 0x00, 0x00, 0x00, 0xFF, 0x80, 0x00, 0x00, 0xFF, 0xE0,
    0x00, 0x00, 0x7F, 0xF8, 0x00, 0x00, 0x7E, 0xFC, 0x00, 0x00, 0x7E, 0x3F, 0x00, 0x00, 0x3F, 0x1F,
    0xC0, 0x00, 0x3F, 0x07, 0xE0, 0x00, 0x3F, 0x01, 0xF8, 0x00, 0x3F, 0x80, 0xFE, 0x00, 0x1F, 0x80,
    0x3F, 0x00, 0x1F, 0x80, 0x0F, 0xC0, 0x1F, 0xC0, 0x07, 0xF0, 0x0F, 0xC0, 0x01, 0xF8, 0x0F, 0xC0,
    0x00, 0x7E, 0x0F, 0xE0, 0x00, 0x3F, 0x87, 0xE0, 0x00, 0x0F, 0xE7, 0xE0, 0x00, 0x03, 0xF7, 0xE0,
    0x00, 0x00, 0xFC, 0xFC, 0x00, 0x00, 0x1F, 0xBF, 0x00, 0x00, 0x1F, 0x9F, 0xC0, 0x00, 0x1F, 0xC7,
    0xE0, 0x00, 0x0F, 0xC3, 0xF8, 0x00, 0x0F, 0xC0, 0xFC, 0x00, 0x07, 0xE0, 0x3F, 0x00, 0x07, 0xE0,
    0x1F, 0xC0, 0x07, 0xF0, 0x07, 0xE0, 0x03, 0xF0, 0x01, 0xF8, 0x03, 0xF0, 0x00, 0xFC, 0x03, 0xF8,
    0x00, 0x3F, 0x01, 0xF8, 0x00, 0x1F, 0xC1, 0xF8, 0x00, 0x07, 0xE0, 0xFC, 0x00, 0x01, 0xF8, 0xFC,
    0x00, 0x00, 0xFC, 0x7E, 0x00, 0x00, 0x3F, 0x7E, 0x00, 0x00, 0x0F, 0xFE, 0x00, 0x00, 0x07, 0xFF,
    0x00, 0x00, 0x01, 0xFF, 0x00, 0x00, 0x00, 0xFF, 0x80, 0x00, 0x00, 0x3F, 0x80, 0x00, 0x00, 0x0F,
    0x80, 0x00, 0x00, 0x07, 0xC0, 0x00, 0x00, 0x03, 0xE0, 0x00, 0x00, 0x01, 0xF0, 0x00, 0x00, 0x00,
    0xF8, 0x00, 0x00, 0x00, 0x7C, 0x00, 0x00, 0x00, 0x3E, 0x00, 0x00, 0x00, 0x1F, 0x00, 0x00, 0x00,
    0x0F, 0x80, 0x00, 0x00, 0x07, 0xC0, 0x00, 0x00, 0x03, 0xE0, 0x00, 0x00, 0x01, 0xF0, 0x00, 0x00,
    0x00, 0xF8, 0x00, 0x00, 0x00, 0x7C, 0x00, 0x00, 0x00, 0x3E, 0x00, 0x00, 0x00, 0x1F, 0x00, 0x00,
    0x7F, 0xFF, 0xFF, 0xF7, 0xFF, 0xFF, 0xFF, 0x7F, 0xFF, 0xFF, 0xF7, 0xFF, 0xFF, 0xFF, 0x7F, 0xFF,
    0xFF, 0xE0, 0x00, 0x00, 0x7E, 0x00, 0x00, 0x0F, 0xC0, 0x00, 0x01, 0xF8, 0x00, 0x00, 0x1F, 0x80,
    0x00, 0x03, 0xF0, 0x00, 0x00, 0x7E, 0x00, 0x00, 0x0F, 0xE0, 0x00, 0x00, 0xFC, 0x00, 0x00, 0x1F,
    0x80, 0x00, 0x03, 0xF8, 0x00, 0x00, 0x3F, 0x00, 0x00, 0x07, 0xE0, 0x00, 0x00, 0xFC, 0x00, 0x00,
    0x0F, 0xC0, 0x00, 0x01, 0xF8, 0x00, 0x00, 0x3F, 0x00, 0x00, 0x07, 0xF0, 0x00, 0x00, 0x7E, 0x00,
    0x00, 0x0F, 0xC0, 0x00, 0x01, 0xFC, 0x00, 0x00, 0x1F, 0x80, 0x00, 0x03, 0xF0, 0x00, 0x00, 0x7E,
    0x00, 0x00, 0x07, 0xE0, 0x00, 0x00, 0xFC, 0x00, 0x00, 0x1F, 0x80, 0x00, 0x01, 0xF8, 0x00, 0x00,
    0x3F, 0x00, 0x00, 0x07, 0xFF, 0xFF, 0xFF, 0x7F, 0xFF, 0xFF, 0xF7, 0xFF, 0xFF, 0xFF, 0x7F, 0xFF,
    0xFF, 0xF7, 0xFF, 0xFF, 0xFF, 0x7F, 0xDF, 0xFF, 0xFF, 0xFF, 0xFF, 0xFF, 0xF0, 0x3E, 0x07, 0xC0,
    0xF8, 0x1F, 0x03, 0xE0, 0x7C, 0x0F, 0x81, 0xF0, 0x3E, 0x07, 0xC0, 0xF8, 0x1F, 0x03, 0xE0, 0x7C,
    0x0F, 0x81, 0xF0, 0x3E, 0x07, 0xC0, 0xF8, 0x1F, 0x03, 0xE0, 0x7C, 0x0F, 0x81, 0xF0, 0x3E, 0x07,
    0xC0, 0xF8, 0x1F, 0x03, 0xE0, 0x7C, 0x0F, 0x81, 0xF0, 0x3E, 0x07, 0xC0, 0xF8, 0x1F, 0x03, 0xE0,
    0x7C, 0x0F, 0xFF, 0xFF, 0xFF, 0xFF, 0xFF, 0x7F, 0xC0, 0x7C, 0x00, 0x1F, 0x00, 0x07, 0xC0, 0x01,
    0xF0, 0x00, 0x3E, 0x00, 0x0F, 0x80, 0x03, 0xE0, 0x00, 0x78, 0x00, 0x1F, 0x00, 0x07, 0xC0, 0x01,
    0xF0, 0x00, 0x3E, 0x00, 0x0F, 0x80, 0x03, 0xE0, 0x00, 0xF8, 0x00, 0x1F, 0x00, 0x07, 0xC0, 0x01,
    0xF0, 0x00, 0x3C, 0x00, 0x0F, 0x80, 0x03, 0xE0, 0x00, 0xF8, 0x00, 0x1F, 0x00, 0x07, 0xC0, 0x01,
    0xF0, 0x00, 0x7C, 0x00, 0x0F, 0x80, 0x03, 0xE0, 0x00, 0xF8, 0x00, 0x3E, 0x00, 0x07, 0xC0, 0x01,
    0xF0, 0x00, 0x7C, 0x00, 0x0F, 0x00, 0x03, 0xE0, 0x00, 0xF8, 0x00, 0x3E, 0x00, 0x07, 0xC0, 0x01,
    0xF0, 0x00, 0x7C, 0x00, 0x1F, 0x00, 0x03, 0xE0, 0x00, 0xF8, 0x00, 0x3E, 0x00, 0x07, 0x80, 0x01,
    0xF0, 0x7F, 0xDF, 0xFF, 0xFF, 0xFF, 0xF7, 0xFE, 0x07, 0xC0, 0xF8, 0x1F, 0x03, 0xE0, 0x7C, 0x0F,
    0x81, 0xF0, 0x3E, 0x07, 0xC0, 0xF8, 0x1F, 0x03, 0xE0, 0x7C, 0x0F, 0x81, 0xF0, 0x3E, 0x07, 0xC0,
    0xF8, 0x1F, 0x03, 0xE0, 0x7C, 0x0F, 0x81, 0xF0, 0x3E, 0x07, 0xC0, 0xF8, 0x1F, 0x03, 0xE0, 0x7C,
    0x0F, 0x81, 0xF0, 0x3E, 0x07, 0xC0, 0xF8, 0x1F, 0x03, 0xE0, 0x7C, 0x0F, 0x81, 0xF7, 0xFF, 0xFF,
    0xFF, 0xFF, 0xFF, 0x7F, 0xE0, 0x00, 0xFC, 0x00, 0x03, 0xF8, 0x00, 0x1F, 0xE0, 0x00, 0x7F, 0xC0,
    0x03, 0xFF, 0x00, 0x0F, 0xFC, 0x00, 0x7C, 0xF8, 0x01, 0xF3, 0xE0, 0x0F, 0x87, 0xC0, 0x3E, 0x1F,
    0x01, 0xF0, 0x3E, 0x07, 0xC0, 0xF8, 0x3F, 0x01, 0xF0, 0xF8, 0x07, 0xC7, 0xE0, 0x0F, 0x9F, 0x00,
    0x3E, 0x7C, 0x00, 0x78, 0xFF, 0xFF, 0xFF, 0xFF, 0xFF, 0xFF, 0xFF, 0xFF, 0xFF, 0xFF, 0xFF, 0xFF,
    0xFF, 0xFF, 0xFF, 0xF8, 0x7E, 0x1F, 0x87, 0xC3, 0xF0, 0xF8, 0x3E, 0x1F, 0x07, 0x80, 0x00, 0x7F,
    0x00, 0x07, 0xFF, 0x80, 0x3F, 0xFF, 0xC0, 0xFF, 0xFF, 0xC3, 0xFF, 0xFF, 0xC7, 0xF0, 0x1F, 0x9F,
    0x80, 0x1F, 0xBE, 0x00, 0x1F, 0x1C, 0x00, 0x3E, 0x00, 0x00, 0x7C, 0x00, 0x00, 0xF8, 0x00, 0x03,
    0xF0, 0x03, 0xFF, 0xE0, 0x7F, 0xFF, 0xC7, 0xFF, 0xFF, 0x9F, 0xFF, 0xFF, 0x7F, 0xFC, 0x3E, 0xFE,
    0x00, 0x7F, 0xF0, 0x00, 0xFF, 0xE0, 0x01, 0xFF, 0x80, 0x03, 0xFF, 0x00, 0x0F, 0xFE, 0x00, 0x1F,
    0xFE, 0x00, 0x7F, 0x7E, 0x03, 0xFE, 0xFF, 0xFF, 0xFC, 0xFF, 0xFF, 0xF8, 0xFF, 0xFD, 0xF0, 0xFF,
    0xF3, 0xE0, 0x7F, 0x00, 0x00, 0xFC, 0x00, 0x00, 0x3F, 0x00, 0x00, 0x0F, 0xC0, 0x00, 0x03, 0xF0,
    0x00, 0x00, 0xFC, 0x00, 0x00, 0x3F, 0x00, 0x00, 0x0F, 0xC0, 0x00, 0x03, 0xF0, 0x00, 0x00, 0xFC,
    0x00, 0x00, 0x3F, 0x07, 0xE0, 0x0F, 0xC7, 0xFF, 0x03, 0xF7, 0xFF, 0xE0, 0xFD, 0xFF, 0xFC, 0x3F,
    0xFF, 0xFF, 0x8F, 0xFC, 0x0F, 0xF3, 0xFE, 0x00, 0xFC, 0xFF, 0x00, 0x1F, 0xBF, 0x80, 0x07, 0xEF,
    0xE0, 0x00, 0xFF, 0xF0, 0x00, 0x3F, 0xFC, 0x00, 0x07, 0xFF, 0x00, 0x01, 0xFF, 0xC0, 0x00, 0x7F,
    0xF0, 0x00, 0x1F, 0xFC, 0x00, 0x07, 0xFF, 0x00, 0x01, 0xFF, 0xC0, 0x00, 0x7F, 0xF0, 0x00, 0x1F,
    0xFC, 0x00, 0x0F, 0xFF, 0x80, 0x03, 0xFF, 0xE0, 0x01, 0xFB, 0xFC, 0x00, 0x7E, 0xFF, 0x80, 0x3F,
    0x3F, 0xF0, 0x3F, 0xCF, 0xFF, 0xFF, 0xE3, 0xFF, 0xFF, 0xF0, 0xFD, 0xFF, 0xF8, 0x3F, 0x1F, 0xFC,
    0x00, 0x01, 0xF8, 0x00, 0x00, 0x3F, 0x00, 0x00, 0xFF, 0xF0, 0x00, 0xFF, 0xFE, 0x00, 0xFF, 0xFF,
    0x80, 0xFF, 0xFF, 0xE0, 0xFE, 0x07, 0xF8, 0xFE, 0x00, 0xFC, 0x7E, 0x00, 0x3F, 0x7E, 0x00, 0x0F,
    0xBF, 0x00, 0x07, 0x1F, 0x00, 0x00, 0x1F, 0x80, 0x00, 0x0F, 0xC0, 0x00, 0x07, 0xE0, 0x00, 0x03,
    0xE0, 0x00, 0x01, 0xF0, 0x00, 0x00, 0xF8, 0x00, 0x00, 0x7E, 0x00, 0x00, 0x3F, 0x00, 0x00, 0x0F,
    0x80, 0x00, 0x07, 0xC0, 0x00, 0xE3, 0xF0, 0x00, 0x7C, 0xFC, 0x00, 0x7E, 0x7F, 0x00, 0x7E, 0x1F,
    0xC0, 0x7F, 0x0F, 0xFF, 0xFF, 0x03, 0xFF, 0xFF, 0x00, 0x7F, 0xFF, 0x00, 0x1F, 0xFE, 0x00, 0x01,
    0xFC, 0x00, 0x00, 0x00, 0x07, 0xC0, 0x00, 0x01, 0xF0, 0x00, 0x00, 0x7C, 0x00, 0x00, 0x1F, 0x00,
    0x00, 0x07, 0xC0, 0x00, 0x01, 0xF0, 0x00, 0x00, 0x7C, 0x00, 0x00, 0x1F, 0x00, 0x00, 0x07, 0xC0,
    0x1F, 0x81, 0xF0, 0x1F, 0xFC, 0x7C, 0x1F, 0xFF, 0x9F, 0x0F, 0xFF, 0xF7, 0xC7, 0xFF, 0xFF, 0xF1,
    0xFC, 0x0F, 0xFC, 0xFE, 0x00, 0xFF, 0x3F, 0x00, 0x1F, 0xDF, 0x80, 0x07, 0xF7, 0xC0, 0x00, 0xFD,
    0xF0, 0x00, 0x3F, 0xFC, 0x00, 0x0F, 0xFF, 0x00, 0x01, 0xFF, 0x80, 0x00, 0x7F, 0xE0, 0x00, 0x1F,
    0xF8, 0x00, 0x07, 0xFE, 0x00, 0x01, 0xFF, 0xC0, 0x00, 0x7F, 0xF0, 0x00, 0x3F, 0x7C, 0x00, 0x0F,
    0xDF, 0x00, 0x03, 0xF7, 0xE0, 0x01, 0xFD, 0xFC, 0x00, 0x7F, 0x3F, 0x00, 0x3F, 0xC7, 0xF0, 0x3F,
    0xF1, 0xFF, 0xFF, 0xFC, 0x3F, 0xFF, 0xDF, 0x07, 0xFF, 0xE7, 0xC0, 0x7F, 0xF1, 0xF0, 0x07, 0xF0,
    0x00, 0x00, 0x3F, 0x00, 0x00, 0x7F, 0xF8, 0x00, 0x3F, 0xFF, 0x80, 0x3F, 0xFF, 0xF0, 0x0F, 0xFF,
    0xFE, 0x07, 0xF0, 0x3F, 0x83, 0xF0, 0x03, 0xF0, 0xF8, 0x00, 0x7E, 0x7E, 0x00, 0x1F, 0x9F, 0x00,
    0x03, 0xE7, 0xC0, 0x00, 0xFB, 0xF0, 0x00, 0x3F, 0xFF, 0xFF, 0xFF, 0xFF, 0xFF, 0xFF, 0xFF, 0xFF,
    0xFF, 0xFF, 0xFF, 0xFF, 0xFF, 0xFF, 0xFF, 0xFF, 0xFE, 0x00, 0x00, 0x0F, 0xC0, 0x00, 0x01, 0xF0,
    0x00, 0x00, 0x7C, 0x00, 0x00, 0x1F, 0x80, 0x03, 0xC3, 0xE0, 0x01, 0xF8, 0xFC, 0x00, 0x7E, 0x1F,
    0xC0, 0x7F, 0x07, 0xFF, 0xFF, 0xC0, 0xFF, 0xFF, 0xE0, 0x0F, 0xFF, 0xF0, 0x01, 0xFF, 0xF0, 0x00,
    0x0F, 0xE0, 0x00, 0x00, 0x0F, 0x00, 0x1F, 0xF0, 0x0F, 0xFC, 0x07, 0xFE, 0x03, 0xFF, 0x80, 0xFE,
    0x00, 0x3E, 0x00, 0x0F, 0x80, 0x03, 0xE0, 0x00, 0xF8, 0x00, 0x3E, 0x00, 0x1F, 0x80, 0xFF, 0xFF,
    0xBF, 0xFF, 0xEF, 0xFF, 0xFB, 0xFF, 0xFE, 0x03, 0xE0, 0x00, 0xF8, 0x00, 0x3E, 0x00, 0x0F, 0x80,
    0x03, 0xE0, 0x00, 0xF8, 0x00, 0x3E, 0x00, 0x0F, 0x80, 0x03, 0xE0, 0x00, 0xF8, 0x00, 0x3E, 0x00,
    0x0F, 0x80, 0x03, 0xE0, 0x00, 0xF8, 0x00, 0x3E, 0x00, 0x0F, 0x80, 0x03, 0xE0, 0x00, 0xF8, 0x00,
    0x3E, 0x00, 0x0F, 0x80, 0x03, 0xE0, 0x00, 0xF8, 0x00, 0x3E, 0x00, 0x0F, 0x80, 0x00, 0x7E, 0x00,
    0x00, 0x7F, 0xF1, 0xF0, 0x7F, 0xFE, 0x7C, 0x3F, 0xFF, 0xDF, 0x1F, 0xFF, 0xFF, 0xC7, 0xF0, 0x3F,
    0xF3, 0xF8, 0x03, 0xFC, 0xFC, 0x00, 0x7F, 0x7E, 0x00, 0x1F, 0xDF, 0x00, 0x03, 0xF7, 0xC0, 0x00,
    0xFF, 0xF0, 0x00, 0x3F, 0xFC, 0x00, 0x07, 0xFE, 0x00, 0x01, 0xFF, 0x80, 0x00, 0x7F, 0xE0, 0x00,
    0x1F, 0xFC, 0x00, 0x07, 0xFF, 0x00, 0x01, 0xFF, 0xC0, 0x00, 0xFD, 0xF0, 0x00, 0x3F, 0x7E, 0x00,
    0x0F, 0xDF, 0x80, 0x07, 0xF3, 0xF0, 0x03, 0xFC, 0xFE, 0x01, 0xFF, 0x1F, 0xFF, 0xFF, 0xC3, 0xFF,
    0xFD, 0xF0, 0x7F, 0xFE, 0x7C, 0x0F, 0xFF, 0x1F, 0x00, 0xFF, 0x07, 0xC0, 0x00, 0x01, 0xF0, 0x00,
    0x00, 0x7C, 0x00, 0x00, 0x3F, 0x0C, 0x00, 0x0F, 0xCF, 0x80, 0x07, 0xE3, 0xF0, 0x03, 0xF8, 0xFF,
    0x03, 0xFC, 0x1F, 0xFF, 0xFF, 0x03, 0xFF, 0xFF, 0x80, 0x7F, 0xFF, 0x80, 0x07, 0xFF, 0x80, 0x00,
    0x0E, 0x00, 0x00, 0xFC, 0x00, 0x00, 0xFC, 0x00, 0x00, 0xFC, 0x00, 0x00, 0xFC, 0x00, 0x00, 0xFC,
    0x00, 0x00, 0xFC, 0x00, 0x00, 0xFC, 0x00, 0x00, 0xFC, 0x00, 0x00, 0xFC, 0x00, 0x00, 0xFC, 0x1F,
    0x80, 0xFC, 0x7F, 0xE0, 0xFD, 0xFF, 0xF8, 0xFF, 0xFF, 0xF8, 0xFF, 0xFF, 0xFC, 0xFF, 0xC1, 0xFE,
    0xFF, 0x00, 0x7E, 0xFE, 0x00, 0x3E, 0xFC, 0x00, 0x3F, 0xFC, 0x00, 0x3F, 0xFC, 0x00, 0x3F, 0xFC,
    0x00, 0x1F, 0xFC, 0x00, 0x1F, 0xFC, 0x00, 0x1F, 0xFC, 0x00, 0x1F, 0xFC, 0x00, 0x1F, 0xFC, 0x00,
    0x1F, 0xFC, 0x00, 0x1F, 0xFC, 0x00, 0x1F, 0xFC, 0x00, 0x1F, 0xFC, 0x00, 0x1F, 0xFC, 0x00, 0x1F,
    0xFC, 0x00, 0x1F, 0xFC, 0x00, 0x1F, 0xFC, 0x00, 0x1F, 0xFC, 0x00, 0x1F, 0xFC, 0x00, 0x1F, 0xFC,
    0x00, 0x1F, 0xFC, 0x00, 0x1F, 0x3C, 0x7E, 0x7F, 0x7F, 0x7E, 0x3E, 0x00, 0x00, 0x00, 0x00, 0x00,
    0x7E, 0x7E, 0x7E, 0x7E, 0x7E, 0x7E, 0x7E, 0x7E, 0x7E, 0x7E, 0x7E, 0x7E, 0x7E, 0x7E, 0x7E, 0x7E,
    0x7E, 0x7E, 0x7E, 0x7E, 0x7E, 0x7E, 0x7E, 0x7E, 0x7E, 0x7E, 0x7E, 0x7E, 0x07, 0x81, 0xF8, 0x3F,
    0x87, 0xF0, 0xFC, 0x0F, 0x80, 0x00, 0x00, 0x00, 0x00, 0x00, 0x00, 0x07, 0xE0, 0xFC, 0x1F, 0x83,
    0xF0, 0x7E, 0x0F, 0xC1, 0xF8, 0x3F, 0x07, 0xE0, 0xFC, 0x1F, 0x83, 0xF0, 0x7E, 0x0F, 0xC1, 0xF8,
    0x3F, 0x07, 0xE0, 0xFC, 0x1F, 0x83, 0xF0, 0x7E, 0x0F, 0xC1, 0xF8, 0x3F, 0x07, 0xE0, 0xFC, 0x1F,
    0x83, 0xF0, 0x7E, 0x0F, 0xC1, 0xF8, 0x3F, 0x07, 0xE1, 0xF9, 0xFF, 0x3F, 0xC7, 0xF8, 0xFE, 0x1F,
    0x00, 0xFC, 0x00, 0x00, 0x7E, 0x00, 0x00, 0x3F, 0x00, 0x00, 0x1F, 0x80, 0x00, 0x0F, 0xC0, 0x00,
    0x07, 0xE0, 0x00, 0x03, 0xF0, 0x00, 0x01, 0xF8, 0x00, 0x00, 0xFC, 0x00, 0x00, 0x7E, 0x00, 0x00,
    0x3F, 0x00, 0x1F, 0xDF, 0x80, 0x1F, 0xCF, 0xC0, 0x1F, 0xC7, 0xE0, 0x1F, 0xC3, 0xF0, 0x1F, 0xC1,
    0xF8, 0x1F, 0xC0, 0xFC, 0x1F, 0xC0, 0x7E, 0x1F, 0xC0, 0x3F, 0x1F, 0xC0, 0x1F, 0x9F, 0xC0, 0x0F,
    0xDF, 0xC0, 0x07, 0xFF, 0xC0, 0x03, 0xFF, 0xE0, 0x01, 0xFF, 0xF0, 0x00, 0xFF, 0xFC, 0x00, 0x7F,
    0xFF, 0x00, 0x3F, 0x9F, 0xC0, 0x1F, 0x87, 0xF0, 0x0F, 0xC1, 0xF8, 0x07, 0xE0, 0x7E, 0x03, 0xF0,
    0x3F, 0x81, 0xF8, 0x0F, 0xE0, 0xFC, 0x03, 0xF8, 0x7E, 0x00, 0xFC, 0x3F, 0x00, 0x3F, 0x1F, 0x80,
    0x1F, 0xCF, 0xC0, 0x07, 0xF7, 0xE0, 0x01, 0xFC, 0xFF, 0xFF, 0xFF, 0xFF, 0xFF, 0xFF, 0xFF, 0xFF,
    0xFF, 0xFF, 0xFF, 0xFF, 0xFF, 0xFF, 0xFF, 0xFF, 0xFF, 0xFF, 0xFF, 0xFF, 0xFF, 0xFF, 0xFF, 0xFF,
    0xFF, 0xFF, 0xFF, 0xFF, 0xF0, 0x00, 0x3F, 0x00, 0x3F, 0x01, 0xF9, 0xFF, 0x81, 0xFF, 0xC3, 0xF7,
    0xFF, 0x87, 0xFF, 0xC7, 0xFF, 0xFF, 0x9F, 0xFF, 0xCF, 0xFF, 0xFF, 0x7F, 0xFF, 0x9F, 0xF0, 0x7F,
    0xF0, 0x3F, 0xBF, 0xC0, 0x3F, 0xC0, 0x3F, 0x7F, 0x00, 0x7F, 0x00, 0x3E, 0xFC, 0x00, 0x7E, 0x00,
    0x7F, 0xF8, 0x00, 0xF8, 0x00, 0xFF, 0xF0, 0x01, 0xF0, 0x01, 0xFF, 0xE0, 0x03, 0xE0, 0x03, 0xFF,
    0xC0, 0x07, 0xC0, 0x07, 0xFF, 0x80, 0x0F, 0x80, 0x0F, 0xFF, 0x00, 0x1F, 0x00, 0x1F, 0xFE, 0x00,
    0x3E, 0x00, 0x3F, 0xFC, 0x00, 0x7C, 0x00, 0x7F, 0xF8, 0x00, 0xF8, 0x00, 0xFF, 0xF0, 0x01, 0xF0,
    0x01, 0xFF, 0xE0, 0x03, 0xE0, 0x03, 0xFF, 0xC0, 0x07, 0xC0, 0x07, 0xFF, 0x80, 0x0F, 0x80, 0x0F,
    0xFF, 0x00, 0x1F, 0x00, 0x1F, 0xFE, 0x00, 0x3E, 0x00, 0x3F, 0xFC, 0x00, 0x7C, 0x00, 0x7F, 0xF8,
    0x00, 0xF8, 0x00, 0xFF, 0xF0, 0x01, 0xF0, 0x01, 0xFF, 0xE0, 0x03, 0xE0, 0x03, 0xFF, 0xC0, 0x07,
    0xC0, 0x07, 0xE0, 0x00, 0x1F, 0x80, 0xFC, 0x7F, 0xE0, 0xFD, 0xFF, 0xF8, 0xFF, 0xFF, 0xF8, 0xFF,
    0xFF, 0xFC, 0xFF, 0xC1, 0xFE, 0xFF, 0x00, 0x7E, 0xFE, 0x00, 0x3E, 0xFC, 0x00, 0x3F, 0xFC, 0x00,
    0x3F, 0xFC, 0x00, 0x3F, 0xFC, 0x00, 0x1F, 0xFC, 0x00, 0x1F, 0xFC, 0x00, 0x1F, 0xFC, 0x00, 0x1F,
    0xFC, 0x00, 0x1F, 0xFC, 0x00, 0x1F, 0xFC, 0x00, 0x1F, 0xFC, 0x00, 0x1F, 0xFC, 0x00, 0x1F, 0xFC,
    0x00, 0x1F, 0xFC, 0x00, 0x1F, 0xFC, 0x00, 0x1F, 0xFC, 0x00, 0x1F, 0xFC, 0x00, 0x1F, 0xFC, 0x00,
    0x1F, 0xFC, 0x00, 0x1F, 0xFC, 0x00, 0x1F, 0xFC, 0x00, 0x1F, 0x00, 0x3F, 0x00, 0x00, 0x3F, 0xFC,
    0x00, 0x0F, 0xFF, 0xE0, 0x03, 0xFF, 0xFE, 0x00, 0xFF, 0xFF, 0xE0, 0x3F, 0x81, 0xFE, 0x0F, 0xE0,
    0x0F, 0xC1, 0xF8, 0x00, 0xFC, 0x7E, 0x00, 0x0F, 0x8F, 0xC0, 0x01, 0xF9, 0xF0, 0x00, 0x1F, 0x7E,
    0x00, 0x03, 0xEF, 0xC0, 0x00, 0x7D, 0xF8, 0x00, 0x0F, 0xBE, 0x00, 0x01, 0xFF, 0xC0, 0x00, 0x3F,
    0xF8, 0x00, 0x07, 0xDF, 0x80, 0x00, 0xFB, 0xF0, 0x00, 0x1F, 0x3E, 0x00, 0x03, 0xE7, 0xC0, 0x00,
    0xFC, 0xFC, 0x00, 0x1F, 0x0F, 0xC0, 0x07, 0xE1, 0xFC, 0x01, 0xFC, 0x1F, 0xC0, 0x7F, 0x03, 0xFF,
    0xFF, 0xC0, 0x3F, 0xFF, 0xF0, 0x01, 0xFF, 0xFC, 0x00, 0x1F, 0xFF, 0x00, 0x00, 0x7F, 0x00, 0x00,
    0x00, 0x1F, 0x80, 0x3F, 0x1F, 0xFC, 0x0F, 0xDF, 0xFF, 0x83, 0xF7, 0xFF, 0xF0, 0xFF, 0xFF, 0xFE,
    0x3F, 0xF0, 0x3F, 0xCF, 0xF8, 0x03, 0xF3, 0xFC, 0x00, 0x7E, 0xFE, 0x00, 0x1F, 0xBF, 0x80, 0x03,
    0xFF, 0xC0, 0x00, 0xFF, 0xF0, 0x00, 0x1F, 0xFC, 0x00, 0x07, 0xFF, 0x00, 0x01, 0xFF, 0xC0, 0x00,
    0x7F, 0xF0, 0x00, 0x1F, 0xFC, 0x00, 0x07, 0xFF, 0x00, 0x01, 0xFF, 0xC0, 0x00, 0x7F, 0xF0, 0x00,
    0x3F, 0xFE, 0x00, 0x0F, 0xFF, 0x80, 0x07, 0xEF, 0xF0, 0x01, 0xFB, 0xFE, 0x00, 0xFC, 0xFF, 0xC0,
    0xFF, 0x3F, 0xFF, 0xFF, 0x8F, 0xDF, 0xFF, 0xC3, 0xF7, 0xFF, 0xE0, 0xFC, 0x7F, 0xF0, 0x3F, 0x07,
    0xE0, 0x0F, 0xC0, 0x00, 0x03, 0xF0, 0x00, 0x00, 0xFC, 0x00, 0x00, 0x3F, 0x00, 0x00, 0x0F, 0xC0,
    0x00, 0x03, 0xF0, 0x00, 0x00, 0xFC, 0x00, 0x00, 0x3F, 0x00, 0x00, 0x0F, 0xC0, 0x00, 0x01, 0xF0,
    0x00, 0x00, 0x00, 0x7E, 0x00, 0x00, 0x7F, 0xF1, 0xF0, 0x7F, 0xFE, 0x7C, 0x3F, 0xFF, 0xDF, 0x1F,
    0xFF, 0xFF, 0xC7, 0xF0, 0x3F, 0xF3, 0xF8, 0x03, 0xFC, 0xFC, 0x00, 0x7F, 0x7E, 0x00, 0x1F, 0xDF,
    0x00, 0x03, 0xF7, 0xC0, 0x00, 0xFF, 0xF0, 0x00, 0x3F, 0xFC, 0x00, 0x07, 0xFE, 0x00, 0x01, 0xFF,
    0x80, 0x00, 0x7F, 0xE0, 0x00, 0x1F, 0xF8, 0x00, 0x07, 0xFF, 0x00, 0x01, 0xFF, 0xC0, 0x00, 0xFD,
    0xF0, 0x00, 0x3F, 0x7C, 0x00, 0x0F, 0xDF, 0x80, 0x07, 0xF7, 0xF0, 0x01, 0xFC, 0xFC, 0x00, 0xFF,
    0x1F, 0xC0, 0xFF, 0xC7, 0xFF, 0xFF, 0xF0, 0xFF, 0xFF, 0x7C, 0x1F, 0xFF, 0x9F, 0x01, 0xFF, 0xC7,
    0xC0, 0x1F, 0xC1, 0xF0, 0x00, 0x00, 0x7C, 0x00, 0x00, 0x1F, 0x00, 0x00, 0x07, 0xC0, 0x00, 0x01,
    0xF0, 0x00, 0x00, 0x7C, 0x00, 0x00, 0x1F, 0x00, 0x00, 0x07, 0xC0, 0x00, 0x01, 0xF0, 0x00, 0x00,
    0x7C, 0x00, 0x00, 0x1F, 0x00, 0x3F, 0xF9, 0xFF, 0xF7, 0xFF, 0xFF, 0xFF, 0xFF, 0xFF, 0xF8, 0x3F,
    0xC0, 0x7F, 0x00, 0xFC, 0x01, 0xF8, 0x03, 0xF0, 0x07, 0xE0, 0x0F, 0xC0, 0x1F, 0x80, 0x3F, 0x00,
    0x7E, 0x00, 0xFC, 0x01, 0xF8, 0x03, 0xF0, 0x07, 0xE0, 0x0F, 0xC0, 0x1F, 0x80, 0x3F, 0x00, 0x7E,
    0x00, 0xFC, 0x01, 0xF8, 0x03, 0xF0, 0x07, 0xE0, 0x0F, 0xC0, 0x00, 0x00, 0xFE, 0x00, 0x07, 0xFF,
    0x80, 0x3F, 0xFF, 0x80, 0xFF, 0xFF, 0x83, 0xFF, 0xFF, 0x87, 0xE0, 0x3F, 0x1F, 0x80, 0x3F, 0x3E,
    0x00, 0x3E, 0x7C, 0x00, 0x70, 0xF8, 0x00, 0x01, 0xF8, 0x00, 0x01, 0xFC, 0x00, 0x03, 0xFF, 0x00,
    0x03, 0xFF, 0xE0, 0x03, 0xFF, 0xF8, 0x03, 0xFF, 0xF8, 0x00, 0xFF, 0xF8, 0x00, 0x1F, 0xF8, 0x00,
    0x07, 0xF0, 0x00, 0x03, 0xF0, 0x00, 0x07, 0xEF, 0x00, 0x0F, 0xFF, 0x00, 0x1F, 0xBE, 0x00, 0x3E,
    0x7F, 0x01, 0xFC, 0x7F, 0xFF, 0xF8, 0xFF, 0xFF, 0xE0, 0xFF, 0xFF, 0x80, 0x7F, 0xFC, 0x00, 0x1F,
    0xC0, 0x00, 0x0F, 0xC0, 0x0F, 0xC0, 0x0F, 0xC0, 0x0F, 0xC0, 0x0F, 0xC0, 0x0F, 0xC0, 0x0F, 0xC0,
    0xFF, 0xFF, 0xFF, 0xFF, 0xFF, 0xFF, 0xFF, 0xFF, 0x0F, 0xC0, 0x0F, 0xC0, 0x0F, 0xC0, 0x0F, 0xC0,
    0x0F, 0xC0, 0x0F, 0xC0, 0x0F, 0xC0, 0x0F, 0xC0, 0x0F, 0xC0, 0x0F, 0xC0, 0x0F, 0xC0, 0x0F, 0xC0,
    0x0F, 0xC0, 0x0F, 0xC0, 0x0F, 0xC0, 0x0F, 0xC0, 0x0F, 0xC0, 0x0F, 0xC0, 0x07, 0xC0, 0x07, 0xE0,
    0x07, 0xFE, 0x03, 0xFF, 0x03, 0xFF, 0x00, 0xFF, 0x00, 0x1E, 0x00, 0x00, 0x00, 0xFC, 0x00, 0x1F,
    0xFC, 0x00, 0x1F, 0xFC, 0x00, 0x1F, 0xFC, 0x00, 0x1F, 0xFC, 0x00, 0x1F, 0xFC, 0x00, 0x1F, 0xFC,
    0x00, 0x1F, 0xFC, 0x00, 0x1F, 0xFC, 0x00, 0x1F, 0xFC, 0x00, 0x1F, 0xFC, 0x00, 0x1F, 0xFC, 0x00,
    0x1F, 0xFC, 0x00, 0x1F, 0xFC, 0x00, 0x1F, 0xFC, 0x00, 0x1F, 0xFC, 0x00, 0x1F, 0xFC, 0x00, 0x1F,
    0xFC, 0x00, 0x3F, 0xFC, 0x00, 0x3F, 0x7C, 0x00, 0x3F, 0x7C, 0x00, 0x3F, 0x7E, 0x00, 0x7F, 0x7F,
    0x00, 0xFF, 0x3F, 0x83, 0xFF, 0x3F, 0xFF, 0xFF, 0x1F, 0xFF, 0xDF, 0x0F, 0xFF, 0x9F, 0x07, 0xFE,
    0x1F, 0x00, 0xF8, 0x00, 0x00, 0x00, 0x00, 0x1F, 0x80, 0x00, 0xFF, 0xF0, 0x00, 0x1F, 0x3E, 0x00,
    0x07, 0xE7, 0xE0, 0x00, 0xF8, 0x7C, 0x00, 0x3F, 0x0F, 0xC0, 0x07, 0xE1, 0xF8, 0x00, 0xF8, 0x1F,
    0x00, 0x3F, 0x03, 0xF0, 0x07, 0xE0, 0x3E, 0x00, 0xF8, 0x07, 0xC0, 0x3F, 0x00, 0xFC, 0x07, 0xC0,
    0x0F, 0x80, 0xF8, 0x01, 0xF0, 0x3F, 0x00, 0x3F, 0x07, 0xC0, 0x03, 0xE0, 0xF8, 0x00, 0x7E, 0x3E,
    0x00, 0x07, 0xC7, 0xC0, 0x00, 0xF9, 0xF8, 0x00, 0x1F, 0xBE, 0x00, 0x01, 0xF7, 0xC0, 0x00, 0x3E,
    0xF8, 0x00, 0x07, 0xFE, 0x00, 0x00, 0x7F, 0xC0, 0x00, 0x0F, 0xF0, 0x00, 0x00, 0xFE, 0x00, 0x00,
    0x1F, 0xC0, 0x00, 0x03, 0xF0, 0x00, 0x00, 0x00, 0x00, 0x00, 0x00, 0xFC, 0x00, 0x7E, 0x00, 0x3E,
    0x7C, 0x00, 0x7E, 0x00, 0x3E, 0x7C, 0x00, 0x7E, 0x00, 0x7E, 0x7E, 0x00, 0xFF, 0x00, 0x7E, 0x3E,
    0x00, 0xFF, 0x00, 0x7C, 0x3E, 0x00, 0xFF, 0x00, 0x7C, 0x3F, 0x01, 0xFF, 0x80, 0xFC, 0x3F, 0x01,
    0xFF, 0x80, 0xF8, 0x1F, 0x01, 0xFF, 0x80, 0xF8, 0x1F, 0x01, 0xE7, 0x81, 0xF8, 0x1F, 0x83, 0xE7,
    0xC1, 0xF0, 0x0F, 0x83, 0xE7, 0xC1, 0xF0, 0x0F, 0x83, 0xC7, 0xC1, 0xF0, 0x0F, 0xC7, 0xC3, 0xC3,
    0xF0, 0x07, 0xC7, 0xC3, 0xE3, 0xE0, 0x07, 0xC7, 0xC3, 0xE3, 0xE0, 0x07, 0xC7, 0x81, 0xE3, 0xE0,
    0x03, 0xEF, 0x81, 0xE7, 0xC0, 0x03, 0xEF, 0x81, 0xF7, 0xC0, 0x03, 0xEF, 0x01, 0xF7, 0xC0, 0x03,
    0xEF, 0x00, 0xF7, 0x80, 0x01, 0xFF, 0x00, 0xFF, 0x80, 0x01, 0xFF, 0x00, 0xFF, 0x80, 0x01, 0xFE,
    0x00, 0x7F, 0x00, 0x00, 0xFE, 0x00, 0x7F, 0x00, 0x00, 0xFE, 0x00, 0x7F, 0x00, 0x00, 0xFC, 0x00,
    0x7F, 0x00, 0x00, 0x7C, 0x00, 0x3E, 0x00, 0x00, 0x00, 0x00, 0x1F, 0x80, 0x07, 0xE3, 0xF0, 0x03,
    0xF0, 0xFC, 0x00, 0xFC, 0x1F, 0x80, 0x7E, 0x03, 0xF0, 0x3F, 0x00, 0xFC, 0x0F, 0xC0, 0x1F, 0x87,
    0xE0, 0x03, 0xF1, 0xF0, 0x00, 0xFC, 0xFC, 0x00, 0x1F, 0xFE, 0x00, 0x03, 0xFF, 0x00, 0x00, 0x7F,
    0xC0, 0x00, 0x1F, 0xE0, 0x00, 0x03, 0xF0, 0x00, 0x01, 0xFE, 0x00, 0x00, 0x7F, 0x80, 0x00, 0x3F,
    0xF0, 0x00, 0x1F, 0xFE, 0x00, 0x07, 0xCF, 0x80, 0x03, 0xF3, 0xF0, 0x01, 0xF8, 0x7E, 0x00, 0x7C,
    0x0F, 0x80, 0x3F, 0x03, 0xF0, 0x1F, 0x80, 0x7E, 0x0F, 0xC0, 0x0F, 0xC3, 0xF0, 0x03, 0xF1, 0xF8,
    0x00, 0x7E, 0xFC, 0x00, 0x0F, 0xC0, 0x00, 0x00, 0x00, 0x1F, 0x80, 0x00, 0xFF, 0xF0, 0x00, 0x1F,
    0x3E, 0x00, 0x07, 0xE7, 0xE0, 0x00, 0xF8, 0x7C, 0x00, 0x1F, 0x0F, 0xC0, 0x07, 0xE1, 0xF8, 0x00,
    0xF8, 0x1F, 0x00, 0x3F, 0x03, 0xF0, 0x07, 0xE0, 0x3E, 0x00, 0xF8, 0x07, 0xC0, 0x3F, 0x00, 0xFC,
    0x07, 0xC0, 0x0F, 0x80, 0xF8, 0x01, 0xF0, 0x3F, 0x00, 0x3F, 0x07, 0xC0, 0x03, 0xE0, 0xF8, 0x00,
    0x7E, 0x3E, 0x00, 0x07, 0xC7, 0xC0, 0x00, 0xF9, 0xF8, 0x00, 0x1F, 0xBE, 0x00, 0x01, 0xF7, 0xC0,
    0x00, 0x3E, 0xF8, 0x00, 0x07, 0xFE, 0x00, 0x00, 0x7F, 0xC0, 0x00, 0x0F, 0xF0, 0x00, 0x00, 0xFE,
    0x00, 0x00, 0x1F, 0xC0, 0x00, 0x03, 0xF0, 0x00, 0x00, 0x7E, 0x00, 0x00, 0x0F, 0x80, 0x00, 0x01,
    0xF0, 0x00, 0x00, 0x7E, 0x00, 0x00, 0x0F, 0x80, 0x00, 0x03, 0xF0, 0x00, 0x0F, 0xFC, 0x00, 0x01,
    0xFF, 0x80, 0x00, 0x3F, 0xE0, 0x00, 0x0F, 0xF8, 0x00, 0x01, 0xFC, 0x00, 0x00, 0x00, 0x00, 0x03,
    0xFF, 0xFF, 0xFF, 0xFF, 0xFF, 0xFF, 0xFF, 0xFF, 0xFF, 0xFF, 0xFC, 0x00, 0x07, 0xE0, 0x00, 0x3F,
    0x00, 0x00, 0xFC, 0x00, 0x07, 0xE0, 0x00, 0x3F, 0x00, 0x01, 0xF8, 0x00, 0x0F, 0xE0, 0x00, 0x3F,
    0x00, 0x01, 0xF8, 0x00, 0x0F, 0xC0, 0x00, 0x7F, 0x00, 0x01, 0xF8, 0x00, 0x0F, 0xC0, 0x00, 0x7E,
    0x00, 0x03, 0xF8, 0x00, 0x0F, 0xC0, 0x00, 0x7E, 0x00, 0x03, 0xF0, 0x00, 0x1F, 0x80, 0x00, 0xFF,
    0xFF, 0xFF, 0xFF, 0xFF, 0xFF, 0xFF, 0xFF, 0xFF, 0xFF, 0xFF, 0xFF, 0xFF, 0xFC, 0x00, 0x00, 0x00,
    0x3F, 0x00, 0x7F, 0x00, 0xFF, 0x01, 0xFF, 0x03, 0xF8, 0x03, 0xF0, 0x03, 0xE0, 0x03, 0xE0, 0x03,
    0xE0, 0x03, 0xE0, 0x03, 0xE0, 0x03, 0xE0, 0x03, 0xE0, 0x03, 0xE0, 0x03, 0xE0, 0x03, 0xE0, 0x03,
    0xE0, 0x03, 0xE0, 0x07, 0xE0, 0x07, 0xC0, 0x1F, 0xC0, 0xFF, 0x80, 0xFF, 0x00, 0xFC, 0x00, 0xFF,
    0x00, 0xFF, 0x80, 0x1F, 0xC0, 0x07, 0xC0, 0x07, 0xE0, 0x07, 0xE0, 0x03, 0xE0, 0x03, 0xE0, 0x03,
    0xE0, 0x03, 0xE0, 0x03, 0xE0, 0x03, 0xE0, 0x03, 0xE0, 0x03, 0xE0, 0x03, 0xE0, 0x03, 0xE0, 0x03,
    0xE0, 0x03, 0xF0, 0x03, 0xF8, 0x01, 0xFF, 0x01, 0xFF, 0x00, 0xFF, 0x00, 0x3F, 0x00, 0x03, 0x07,
    0xFF, 0xFF, 0xFF, 0xFF, 0xFF, 0xFF, 0xFF, 0xFF, 0xFF, 0xFF, 0xFF, 0xFF, 0xFF, 0xFF, 0xFF, 0xFF,
    0xFF, 0xFF, 0xFF, 0xFF, 0xFF, 0xFF, 0xFF, 0xFF, 0xFF, 0xFF, 0xFF, 0xFF, 0xFF, 0xFF, 0xFF, 0xFF,
    0xFF, 0xFF, 0xFF, 0xFF, 0xFF, 0xFF, 0xEE, 0x00, 0x00, 0x7F, 0x00, 0x3F, 0xC0, 0x1F, 0xF0, 0x07,
    0xFC, 0x00, 0x7E, 0x00, 0x1F, 0x80, 0x07, 0xC0, 0x03, 0xE0, 0x01, 0xF0, 0x00, 0xF8, 0x00, 0x7C,
    0x00, 0x3E, 0x00, 0x1F, 0x00, 0x0F, 0x80, 0x07, 0xC0, 0x03, 0xE0, 0x01, 0xF0, 0x00, 0xF8, 0x00,
    0x7C, 0x00, 0x3F, 0x00, 0x0F, 0xC0, 0x07, 0xFE, 0x01, 0xFF, 0x00, 0x1F, 0x80, 0x3F, 0xC0, 0x7F,
    0xE0, 0x3F, 0x80, 0x3F, 0x00, 0x1F, 0x00, 0x0F, 0x80, 0x07, 0xC0, 0x03, 0xE0, 0x01, 0xF0, 0x00,
    0xF8, 0x00, 0x7C, 0x00, 0x3E, 0x00, 0x1F, 0x00, 0x0F, 0x80, 0x07, 0xC0, 0x03, 0xE0, 0x01, 0xF0,
    0x01, 0xF8, 0x01, 0xF8, 0x07, 0xFC, 0x07, 0xFC, 0x03, 0xFC, 0x01, 0xFC, 0x00, 0x40, 0x00, 0x00,
    0x0F, 0xE0, 0x00, 0x03, 0xFE, 0x00, 0xF8, 0xFF, 0xF0, 0x1F, 0x3F, 0xFF, 0x03, 0xEF, 0xFF, 0xF0,
    0x7D, 0xF8, 0x7F, 0xFF, 0xBE, 0x07, 0xFF, 0xE7, 0xC0, 0x7F, 0xFC, 0xF8, 0x03, 0xFF, 0x00, 0x00,
    0x3F, 0x80, 0x3C, 0x7E, 0x7F, 0xFF, 0xFF, 0x7E, 0x3E, 0x00, 0x00, 0x00, 0x00, 0x00, 0x3E, 0x3E,
    0x7E, 0x7E, 0x7E, 0x7E, 0x7E, 0x7E, 0x7E, 0x7E, 0x7E, 0x7E, 0x7E, 0x7E, 0x7E, 0x7E, 0x7E, 0x7E,
    0x7E, 0x7E, 0x7E, 0x7E, 0x7E, 0x7E, 0x7E, 0x7E, 0x7E, 0x00, 0x1E, 0x00, 0x00, 0x0F, 0x00, 0x00,
    0x07, 0x80, 0x00, 0x03, 0xC0, 0x00, 0x03, 0xF0, 0x00, 0x0F, 0xFF, 0x00, 0x0F, 0xFF, 0xE0, 0x0F,
    0xFF, 0xF8, 0x0F, 0xFF, 0xFE, 0x0F, 0xEF, 0x7F, 0x8F, 0xE7, 0x8F, 0xC7, 0xE3, 0xC3, 0xF7, 0xE1,
    0xE0, 0xFB, 0xF0, 0xF0, 0x71, 0xF0, 0x78, 0x01, 0xF8, 0x3C, 0x00, 0xFC, 0x1E, 0x00, 0x7E, 0x0F,
    0x00, 0x3E, 0x07, 0x80, 0x1F, 0x03, 0xC0, 0x0F, 0x81, 0xE0, 0x07, 0xE0, 0xF0, 0x03, 0xF0, 0x78,
    0x00, 0xF8, 0x3C, 0x00, 0x7C, 0x1E, 0x0E, 0x3F, 0x0F, 0x07, 0xCF, 0xC7, 0x87, 0xE7, 0xE3, 0xC7,
    0xE1, 0xFD, 0xE7, 0xF0, 0xFF, 0xFF, 0xF0, 0x3F, 0xFF, 0xF0, 0x07, 0xFF, 0xF0, 0x01, 0xFF, 0xF0,
    0x00, 0x1F, 0xC0, 0x00, 0x07, 0x80, 0x00, 0x03, 0xC0, 0x00, 0x01, 0xE0, 0x00, 0x00, 0xF0, 0x00,
    0x00, 0x07, 0xC0, 0x00, 0x07, 0xFF, 0x00, 0x03, 0xFF, 0xF8, 0x00, 0xFF, 0xFF, 0x80, 0x3F, 0xFF,
    0xF8, 0x07, 0xF0, 0x7F, 0x01, 0xF8, 0x03, 0xF0, 0x3E, 0x00, 0x3E, 0x0F, 0xC0, 0x07, 0xE1, 0xF0,
    0x00, 0x7C, 0x3E, 0x00, 0x0F, 0x87, 0xC0, 0x00, 0x00, 0xF8, 0x00, 0x00, 0x1F, 0x00, 0x00, 0x03,
    0xE0, 0x00, 0x00, 0x7C, 0x00, 0x00, 0x0F, 0x80, 0x00, 0x01, 0xF0, 0x00, 0x03, 0xFF, 0xFF, 0xE0,
    0x7F, 0xFF, 0xFC, 0x0F, 0xFF, 0xFF, 0x81, 0xFF, 0xFF, 0xF0, 0x03, 0xE0, 0x00, 0x00, 0x7C, 0x00,
    0x00, 0x0F, 0xC0, 0x00, 0x01, 0xF8, 0x00, 0x00, 0x3F, 0x00, 0x00, 0x07, 0xE0, 0x00, 0x00, 0xFC,
    0x00, 0x00, 0x1F, 0x80, 0x00, 0x03, 0xF0, 0x00, 0x00, 0x7C, 0x00, 0x1F, 0x0F, 0x80, 0x03, 0xE3,
    0xE0, 0x00, 0x7D, 0xFF, 0xFF, 0xFF, 0xFF, 0xFF, 0xFF, 0xFF, 0xFF, 0xFF, 0xFD, 0xFF, 0xFF, 0xFF,
    0x3F, 0xFF, 0xFF, 0xC0, 0x18, 0x03, 0xE0, 0x04, 0x1E, 0x0F, 0xFF, 0x07, 0x1F, 0x9F, 0xFF, 0xC7,
    0xCF, 0xFF, 0xFF, 0xFF, 0xF3, 0xFF, 0xFF, 0xFF, 0xF0, 0xFF, 0xE0, 0x7F, 0xF0, 0x3F, 0x80, 0x0F,
    0xF0, 0x1F, 0x80, 0x03, 0xF8, 0x1F, 0x80, 0x00, 0xFC, 0x0F, 0x80, 0x00, 0x3F, 0x0F, 0x80, 0x00,
    0x0F, 0x87, 0xC0, 0x00, 0x07, 0xC3, 0xE0, 0x00, 0x03, 0xF3, 0xE0, 0x00, 0x00, 0xF9, 0xF0, 0x00,
    0x00, 0x7C, 0xF8, 0x00, 0x00, 0x3E, 0x7C, 0x00, 0x00, 0x1F, 0x3E, 0x00, 0x00, 0x0F, 0x9F, 0x00,
    0x00, 0x07, 0xCF, 0x80, 0x00, 0x03, 0xE3, 0xE0, 0x00, 0x03, 0xF1, 0xF0, 0x00, 0x01, 0xF0, 0xF8,
    0x00, 0x00, 0xF8, 0x3E, 0x00, 0x00, 0xFC, 0x1F, 0x80, 0x00, 0xFC, 0x07, 0xE0, 0x00, 0xFE, 0x07,
    0xF8, 0x00, 0xFF, 0x07, 0xFF, 0x01, 0xFF, 0xC7, 0xFF, 0xFF, 0xFF, 0xF3, 0xFF, 0xFF, 0xFF, 0xFC,
    0xF1, 0xFF, 0xFE, 0x7C, 0x30, 0x7F, 0xFC, 0x1C, 0x00, 0x07, 0xF0, 0x04, 0x00, 0xFC, 0x00, 0x03,
    0xF7, 0xE0, 0x00, 0x7E, 0x7E, 0x00, 0x07, 0xE3, 0xF0, 0x00, 0xFC, 0x3F, 0x00, 0x0F, 0xC1, 0xF8,
    0x00, 0xF8, 0x1F, 0x80, 0x1F, 0x80, 0xFC, 0x01, 0xF0, 0x0F, 0xC0, 0x3F, 0x00, 0x7E, 0x03, 0xE0,
    0x07, 0xE0, 0x7E, 0x00, 0x3E, 0x07, 0xC0, 0x03, 0xF0, 0xFC, 0x00, 0x1F, 0x0F, 0x80, 0x01, 0xF9,
    0xF8, 0x00, 0x0F, 0x9F, 0x00, 0x00, 0xFD, 0xF0, 0x00, 0x07, 0xFF, 0x00, 0x00, 0x7F, 0xE0, 0x01,
    0xFF, 0xFF, 0xF8, 0x1F, 0xFF, 0xFF, 0x81, 0xFF, 0xFF, 0xF8, 0x1F, 0xFF, 0xFF, 0x80, 0x01, 0xF8,
    0x00, 0x00, 0x1F, 0x80, 0x00, 0x01, 0xF8, 0x00, 0x1F, 0xFF, 0xFF, 0x81, 0xFF, 0xFF, 0xF8, 0x1F,
    0xFF, 0xFF, 0x81, 0xFF, 0xFF, 0xF8, 0x00, 0x1F, 0x80, 0x00, 0x01, 0xF8, 0x00, 0x00, 0x1F, 0x80,
    0x00, 0x01, 0xF8, 0x00, 0x00, 0x1F, 0x80, 0x00, 0x01, 0xF8, 0x00, 0x00, 0x1F, 0x80, 0x00, 0x01,
    0xF8, 0x00, 0xFF, 0xFF, 0xFF, 0xFF, 0xFF, 0xFF, 0xFF, 0xFF, 0xFF, 0xFF, 0xFB, 0xC0, 0x00, 0x00,
    0x00, 0x00, 0x00, 0xFF, 0xFF, 0xFF, 0xFF, 0xFF, 0xFF, 0xFF, 0xFF, 0xFF, 0xFF, 0xFF, 0xB8, 0x00,
    0x3E, 0x00, 0x00, 0xFF, 0xE0, 0x00, 0xFF, 0xFC, 0x00, 0xFF, 0xFE, 0x00, 0xFF, 0xFF, 0x80, 0x7E,
    0x07, 0xE0, 0x7E, 0x01, 0xF0, 0x3E, 0x00, 0xFC, 0x1F, 0x00, 0x3E, 0x0F, 0x80, 0x1C, 0x07, 0xE0,
    0x00, 0x01, 0xF0, 0x00, 0x00, 0xFE, 0x00, 0x00, 0x3F, 0x80, 0x00, 0x0F, 0xF0, 0x00, 0x1F, 0xFE,
    0x00, 0x3F, 0xFF, 0x80, 0x1F, 0x1F, 0xF0, 0x1F, 0x07, 0xFC, 0x0F, 0x80, 0xFF, 0x87, 0x80, 0x1F,
    0xE3, 0xC0, 0x03, 0xF1, 0xF0, 0x00, 0xFC, 0xF8, 0x00, 0x3E, 0x7E, 0x00, 0x0F, 0x9F, 0x80, 0x07,
    0xCF, 0xF0, 0x03, 0xE3, 0xFE, 0x01, 0xE0, 0xFF, 0x81, 0xF0, 0x1F, 0xF1, 0xF8, 0x07, 0xFF, 0xF8,
    0x00, 0xFF, 0xF8, 0x00, 0x1F, 0xF0, 0x00, 0x03, 0xF8, 0x00, 0x00, 0xFE, 0x00, 0x00, 0x1F, 0x80,
    0x00, 0x07, 0xC0, 0x20, 0x03, 0xE0, 0xF8, 0x01, 0xF0, 0x7C, 0x00, 0xF8, 0x3F, 0x00, 0x7C, 0x0F,
    0xC0, 0x7E, 0x07, 0xFF, 0xFE, 0x01, 0xFF, 0xFF, 0x00, 0x7F, 0xFF, 0x00, 0x1F, 0xFF, 0x00, 0x03,
    0xFC, 0x00, 0x3C, 0x0F, 0x9F, 0x83, 0xE7, 0xE1, 0xFF, 0xF8, 0x7F, 0x7E, 0x1F, 0xDF, 0x03, 0xE0,
    0x00, 0x00, 0x00, 0x00, 0xFE, 0x00, 0x00, 0x00, 0x0F, 0xFF, 0xE0, 0x00, 0x00, 0x3F, 0xFF, 0xF8,
    0x00, 0x00, 0x7F, 0xFF, 0xFE, 0x00, 0x01, 0xFF, 0xFF, 0xFF, 0x00, 0x03, 0xFF, 0x83, 0xFF, 0x80,
    0x07, 0xFC, 0x00, 0x3F, 0xC0, 0x0F, 0xF0, 0x00, 0x1F, 0xE0, 0x1F, 0xC0, 0x00, 0x07, 0xF0, 0x1F,
    0x80, 0xFF, 0x03, 0xF0, 0x3F, 0x03, 0xFF, 0xC1, 0xF8, 0x3F, 0x0F, 0xFF, 0xE0, 0xFC, 0x7E, 0x1F,
    0xFF, 0xF0, 0xFC, 0x7C, 0x1F, 0xFF, 0xF8, 0x7C, 0x7C, 0x3F, 0x81, 0xFC, 0x7E, 0xFC, 0x7E, 0x00,
    0xFC, 0x3E, 0xF8, 0x7E, 0x00, 0x7C, 0x3E, 0xF8, 0x7C, 0x00, 0x7C, 0x3E, 0xF8, 0x7C, 0x00, 0x00,
    0x3E, 0xF8, 0xFC, 0x00, 0x00, 0x3F, 0xF8, 0xFC, 0x00, 0x00, 0x3F, 0xF8, 0x7C, 0x00, 0x00, 0x3E,
    0xF8, 0x7C, 0x00, 0x7C, 0x3E, 0xF8, 0x7E, 0x00, 0x7C, 0x3E, 0xFC, 0x7E, 0x00, 0xFC, 0x3E, 0xFC,
    0x3F, 0x81, 0xF8, 0x7E, 0x7C, 0x3F, 0xFF, 0xF8, 0x7C, 0x7E, 0x1F, 0xFF, 0xF0, 0xFC, 0x3E, 0x0F,
    0xFF, 0xE0, 0xFC, 0x3F, 0x03, 0xFF, 0xC1, 0xF8, 0x1F, 0x81, 0xFF, 0x03, 0xF8, 0x1F, 0xC0, 0x00,
    0x07, 0xF0, 0x0F, 0xF0, 0x00, 0x0F, 0xE0, 0x07, 0xFC, 0x00, 0x3F, 0xC0, 0x03, 0xFF, 0x81, 0xFF,
    0x80, 0x01, 0xFF, 0xFF, 0xFF, 0x00, 0x00, 0xFF, 0xFF, 0xFE, 0x00, 0x00, 0x3F, 0xFF, 0xF8, 0x00,
    0x00, 0x0F, 0xFF, 0xE0, 0x00, 0x00, 0x01, 0xFF, 0x00, 0x00, 0x01, 0xFC, 0x00, 0x7F, 0xF0, 0x1F,
    0xFF, 0xC3, 0xFF, 0xFC, 0x3F, 0x8F, 0xE7, 0xE0, 0x3E, 0x7C, 0x01, 0xF0, 0x00, 0x1F, 0x00, 0x03,
    0xF0, 0x0F, 0xFF, 0x0F, 0xFF, 0xF3, 0xFF, 0xFF, 0x7F, 0xFD, 0xF7, 0xF0, 0x1F, 0xFC, 0x01, 0xFF,
    0x80, 0x1F, 0xF8, 0x03, 0xFF, 0xC0, 0x7F, 0x7E, 0x1F, 0xF7, 0xFF, 0xFF, 0x3F, 0xFD, 0xF1, 0xFF,
    0x9F, 0x07, 0xE1, 0xE0, 0x00, 0x3E, 0x0F, 0xC0, 0x1F, 0x83, 0xF0, 0x0F, 0xC1, 0xF8, 0x07, 0xF0,
    0xFC, 0x01, 0xF8, 0x7E, 0x00, 0xFC, 0x3F, 0x00, 0x7E, 0x1F, 0x80, 0x3F, 0x0F, 0xE0, 0x1F, 0x83,
    0xF0, 0x0F, 0xE1, 0xF8, 0x03, 0xF0, 0xFC, 0x01, 0xF8, 0x7E, 0x00, 0xFC, 0x3F, 0x80, 0x1F, 0x87,
    0xE0, 0x03, 0xF0, 0xFC, 0x00, 0xFE, 0x1F, 0x80, 0x1F, 0x83, 0xF0, 0x03, 0xF0, 0xFE, 0x00, 0x7E,
    0x1F, 0x80, 0x0F, 0xC3, 0xF0, 0x01, 0xF8, 0x7E, 0x00, 0x7F, 0x0F, 0xC0, 0x0F, 0xC1, 0xF8, 0x01,
    0xF8, 0x7F, 0x00, 0x3F, 0x0F, 0xC0, 0xFF, 0xFF, 0xFF, 0xFF, 0xFF, 0xFF, 0xFF, 0xFF, 0xFF, 0xFF,
    0xFF, 0x00, 0x00, 0x7C, 0x00, 0x01, 0xF0, 0x00, 0x07, 0xC0, 0x00, 0x1F, 0x00, 0x00, 0x7C, 0x00,
    0x01, 0xF0, 0x00, 0x07, 0xC0, 0x00, 0x0F, 0xC0, 0x00, 0x01, 0xFF, 0xE0, 0x00, 0x1F, 0xFF, 0xE0,
    0x00, 0xFF, 0xFF, 0xC0, 0x07, 0xFF, 0xFF, 0xC0, 0x3F, 0x80, 0x3F, 0x81, 0xF8, 0x00, 0x7E, 0x0F,
    0xC0, 0x00, 0x7C, 0x3E, 0x3F, 0xC0, 0xF9, 0xF1, 0xFF, 0xC3, 0xE7, 0x87, 0xFF, 0x87, 0xBE, 0x1E,
    0x1E, 0x1F, 0xF8, 0x78, 0x78, 0x3F, 0xC1, 0xE1, 0xE0, 0xFF, 0x07, 0x87, 0x83, 0xFC, 0x1F, 0xFE,
    0x0F, 0xF0, 0x7F, 0xF0, 0x3F, 0xC1, 0xFF, 0xC0, 0xFF, 0x87, 0x8F, 0x03, 0xDE, 0x1E, 0x3E, 0x1F,
    0x7C, 0x78, 0x78, 0x79, 0xF1, 0xE1, 0xF3, 0xE3, 0xE3, 0x83, 0x9F, 0x8F, 0xC0, 0x00, 0xFC, 0x1F,
    0x80, 0x07, 0xE0, 0x3F, 0x80, 0x7F, 0x00, 0x7F, 0xFF, 0xF8, 0x00, 0xFF, 0xFF, 0xC0, 0x00, 0xFF,
    0xFE, 0x00, 0x00, 0xFF, 0xE0, 0x00, 0x00, 0x38, 0x00, 0x00, 0x7F, 0xFE, 0x7F, 0xFE, 0x7F, 0xFE,
    0x7F, 0xFE, 0x00, 0x00, 0x00, 0xC0, 0x01, 0xFE, 0x01, 0xFF, 0xC0, 0xFF, 0xF8, 0x7F, 0xFF, 0x1F,
    0x87, 0xEF, 0x80, 0xFB, 0xE0, 0x1E, 0xF0, 0x07, 0xFC, 0x01, 0xFF, 0x00, 0x7F, 0xE0, 0x1E, 0xFC,
    0x0F, 0x9F, 0x8F, 0xE7, 0xFF, 0xF0, 0xFF, 0xF8, 0x1F, 0xFC, 0x01, 0xFC, 0x00, 0x00, 0x3C, 0x00,
    0x00, 0x1F, 0x00, 0x00, 0x0F, 0x80, 0x00, 0x07, 0xC0, 0x00, 0x03, 0xE0, 0x00, 0x01, 0xF0, 0x00,
    0x00, 0xF8, 0x00, 0x00, 0x7C, 0x00, 0xFF, 0xFF, 0xFF, 0x7F, 0xFF, 0xFF, 0xBF, 0xFF, 0xFF, 0xDF,
    0xFF, 0xFF, 0xEF, 0xFF, 0xFF, 0xF0, 0x01, 0xF0, 0x00, 0x00, 0xF8, 0x00, 0x00, 0x7C, 0x00, 0x00,
    0x3E, 0x00, 0x00, 0x1F, 0x00, 0x00, 0x0F, 0x80, 0x00, 0x07, 0xC0, 0x00, 0x00, 0x00, 0x00, 0x00,
    0x00, 0x00, 0x00, 0x00, 0x01, 0xFF, 0xFF, 0xFE, 0xFF, 0xFF, 0xFF, 0x7F, 0xFF, 0xFF, 0xBF, 0xFF,
    0xFF, 0xDF, 0xFF, 0xFF, 0xE0, 0x07, 0xF0, 0x07, 0xFF, 0x83, 0xFF, 0xF1, 0xFF, 0xFE, 0x7E, 0x1F,
    0xBF, 0x03, 0xFF, 0x80, 0x7C, 0x00, 0x1F, 0x00, 0x0F, 0x80, 0x07, 0xE0, 0x03, 0xF0, 0x01, 0xF8,
    0x01, 0xFC, 0x00, 0xFE, 0x00, 0x7F, 0x00, 0x3F, 0x00, 0x3F, 0x80, 0x1F, 0xFF, 0xFF, 0xFF, 0xFF,
    0xFF, 0xFF, 0xFF, 0xFF, 0xDF, 0xFF, 0xF0, 0x03, 0xF8, 0x01, 0xFF, 0xC0, 0xFF, 0xFC, 0x1F, 0xFF,
    0xC7, 0xF1, 0xFC, 0xF8, 0x0F, 0x9F, 0x01, 0xF0, 0x00, 0x3E, 0x00, 0x1F, 0x80, 0x3F, 0xE0, 0x07,
    0xF8, 0x00, 0xFF, 0xC0, 0x1F, 0xFC, 0x00, 0x1F, 0x80, 0x01, 0xFF, 0xC0, 0x3F, 0xFC, 0x07, 0xEF,
    0xE3, 0xF9, 0xFF, 0xFF, 0x1F, 0xFF, 0xC1, 0xFF, 0xF0, 0x07, 0xF0, 0x00, 0x0F, 0x83, 0xE1, 0xF8,
    0x7C, 0x3E, 0x0F, 0x87, 0xC1, 0xE0, 0x78, 0x00, 0x00, 0x00, 0x00, 0x1F, 0x80, 0x03, 0xE3, 0xF0,
    0x00, 0x7C, 0x7E, 0x00, 0x0F, 0x8F, 0xC0, 0x01, 0xF1, 0xF8, 0x00, 0x3E, 0x3F, 0x00, 0x07, 0xC7,
    0xE0, 0x00, 0xF8, 0xFC, 0x00, 0x1F, 0x1F, 0x80, 0x03, 0xE3, 0xF0, 0x00, 0x7C, 0x7E, 0x00, 0x0F,
    0x8F, 0xC0, 0x01, 0xF1, 0xF8, 0x00, 0x3E, 0x3F, 0x00, 0x07, 0xC7, 0xE0, 0x00, 0xF8, 0xFC, 0x00,
    0x1F, 0x1F, 0x80, 0x03, 0xE3, 0xF0, 0x00, 0x7C, 0x7E, 0x00, 0x1F, 0x8F, 0xC0, 0x03, 0xF1, 0xF8,
    0x00, 0x7E, 0x3F, 0x80, 0x1F, 0xC7, 0xF8, 0x03, 0xF8, 0xFF, 0x81, 0xFF, 0x9F, 0xFF, 0xFF, 0xFF,
    0xFF, 0xFF, 0xBF, 0xFE, 0xFF, 0xE7, 0xFF, 0xCF, 0xF8, 0x3F, 0xF8, 0x78, 0x00, 0x3F, 0x00, 0x00,
    0x07, 0xE0, 0x00, 0x00, 0xFC, 0x00, 0x00, 0x1F, 0x80, 0x00, 0x03, 0xF0, 0x00, 0x00, 0x7E, 0x00,
    0x00, 0x0F, 0xC0, 0x00, 0x01, 0xF8, 0x00, 0x00, 0x3F, 0x00, 0x00, 0x03, 0xE0, 0x00, 0x00, 0x00,
    0xFF, 0xFF, 0x81, 0xFF, 0xFF, 0xC3, 0xFF, 0xFF, 0xE3, 0xFF, 0xFF, 0xF3, 0xFF, 0xFF, 0xF9, 0xFF,
    0xF8, 0xFD, 0xFF, 0xFC, 0x7E, 0xFF, 0xFE, 0x3F, 0x7F, 0xFF, 0x1F, 0xFF, 0xFF, 0x8F, 0xFF, 0xFF,
    0xC7, 0xFF, 0xFF, 0xE3, 0xFF, 0xFF, 0xF1, 0xFF, 0xFF, 0xF8, 0xFF, 0xFF, 0xFC, 0x7E, 0xFF, 0xFE,
    0x3F, 0x7F, 0xFF, 0x1F, 0xBF, 0xFF, 0x8F, 0xCF, 0xFF, 0xC7, 0xE7, 0xFF, 0xE3, 0xF1, 0xFF, 0xF1,
    0xF8, 0x7F, 0xF8, 0xFC, 0x0F, 0xFC, 0x7E, 0x01, 0xFE, 0x3F, 0x00, 0x00, 0x1F, 0x80, 0x00, 0x0F,
    0xC0, 0x00, 0x07, 0xE0, 0x00, 0x03, 0xF0, 0x00, 0x01, 0xF8, 0x00, 0x00, 0xFC, 0x00, 0x00, 0x7E,
    0x00, 0x00, 0x3F, 0x00, 0x00, 0x1F, 0x80, 0x00, 0x0F, 0xC0, 0x00, 0x07, 0xE0, 0x00, 0x03, 0xF0,
    0x00, 0x01, 0xF8, 0x00, 0x00, 0xFC, 0x18, 0x7E, 0x7F, 0xFF, 0xFF, 0x7F, 0x7E, 0x18, 0x18, 0x0E,
    0x03, 0x80, 0xE0, 0x3F, 0x0F, 0xE7, 0xFC, 0x0F, 0x03, 0xC1, 0xFF, 0xFF, 0xFE, 0x7E, 0x00, 0x07,
    0xC3, 0xFC, 0xFF, 0xFF, 0xFF, 0xFF, 0xF7, 0xF8, 0xFC, 0x1F, 0x03, 0xE0, 0x7C, 0x0F, 0x81, 0xF0,
    0x3E, 0x07, 0xC0, 0xF8, 0x1F, 0x03, 0xE0, 0x7C, 0x0F, 0x81, 0xF0, 0x3E, 0x07, 0x80, 0x00, 0xFE,
    0x00, 0x0F, 0xFE, 0x00, 0xFF, 0xFC, 0x07, 0xFF, 0xF8, 0x3F, 0xFF, 0xF0, 0xFC, 0x07, 0xE7, 0xE0,
    0x0F, 0x9F, 0x00, 0x3F, 0x7C, 0x00, 0x7D, 0xF0, 0x01, 0xF7, 0xC0, 0x07, 0xFF, 0x00, 0x1F, 0x7C,
    0x00, 0x7D, 0xF0, 0x01, 0xF7, 0xC0, 0x07, 0xDF, 0x00, 0x3F, 0x7E, 0x00, 0xF8, 0xFC, 0x07, 0xE3,
    0xFC, 0xFF, 0x07, 0xFF, 0xF8, 0x0F, 0xFF, 0xC0, 0x0F, 0xFE, 0x00, 0x0F, 0xE0, 0x00, 0x7C, 0x1F,
    0x80, 0x0F, 0xC3, 0xF0, 0x00, 0xFC, 0x3F, 0x00, 0x0F, 0xC3, 0xF0, 0x00, 0xFC, 0x3F, 0x00, 0x1F,
    0xC3, 0xF0, 0x01, 0xF8, 0x3F, 0x00, 0x1F, 0x87, 0xF0, 0x01, 0xF8, 0x7E, 0x00, 0x1F, 0x87, 0xE0,
    0x01, 0xF8, 0x7E, 0x00, 0x3F, 0x87, 0xE0, 0x03, 0xF0, 0xFE, 0x00, 0xFE, 0x1F, 0x80, 0x1F, 0x87,
    0xE0, 0x07, 0xE1, 0xF8, 0x01, 0xF8, 0x7E, 0x00, 0x7E, 0x1F, 0xC0, 0x1F, 0x83, 0xF0, 0x07, 0xF0,
    0xFC, 0x00, 0xFC, 0x3F, 0x00, 0x3F, 0x0F, 0xC0, 0x0F, 0xC3, 0xF0, 0x03, 0xF0, 0xFE, 0x00, 0x7C,
    0x1F, 0x80, 0x00, 0x0F, 0xC0, 0x00, 0x07, 0xC0, 0x7F, 0x00, 0x00, 0x3E, 0x03, 0xFC, 0x00, 0x01,
    0xF0, 0x1F, 0xF0, 0x00, 0x07, 0xC0, 0xFF, 0xC0, 0x00, 0x3E, 0x03, 0xCF, 0x00, 0x01, 0xF0, 0x0E,
    0x3C, 0x00, 0x0F, 0xC0, 0x00, 0xF0, 0x00, 0x3E, 0x00, 0x03, 0xC0, 0x01, 0xF0, 0x00, 0x0F, 0x00,
    0x0F, 0xC0, 0x00, 0x3C, 0x00, 0x3E, 0x00, 0x00, 0xF0, 0x01, 0xF0, 0x00, 0x03, 0xC0, 0x0F, 0xC0,
    0x00, 0x0F, 0x00, 0x3E, 0x00, 0x00, 0x3C, 0x01, 0xF0, 0x00, 0x00, 0xF0, 0x0F, 0x80, 0x00, 0x03,
    0xC0, 0x3E, 0x00, 0x00, 0x0F, 0x01, 0xF0, 0x0F, 0xC0, 0x3C, 0x0F, 0x80, 0x7F, 0x00, 0xF0, 0x3E,
    0x03, 0xFC, 0x03, 0xC1, 0xF0, 0x0F, 0xF0, 0x00, 0x0F, 0x80, 0x7F, 0xC0, 0x00, 0x7E, 0x01, 0xFF,
    0x00, 0x01, 0xF0, 0x0F, 0xFC, 0x00, 0x0F, 0x80, 0x7D, 0xF0, 0x00, 0x7E, 0x01, 0xE7, 0xC0, 0x01,
    0xF0, 0x0F, 0x9F, 0x00, 0x0F, 0x80, 0x3C, 0x7C, 0x00, 0x7E, 0x01, 0xF1, 0xF0, 0x01, 0xF0, 0x0F,
    0x87, 0xC0, 0x0F, 0x80, 0x3C, 0x1F, 0x00, 0x7C, 0x01, 0xFF, 0xFF, 0x01, 0xF0, 0x07, 0xFF, 0xFC,
    0x0F, 0x80, 0x1F, 0xFF, 0xF0, 0x7C, 0x00, 0x7F, 0xFF, 0xC1, 0xF0, 0x00, 0x00, 0x7C, 0x0F, 0x80,
    0x00, 0x01, 0xF0, 0x7C, 0x00, 0x00, 0x07, 0xC0, 0x0F, 0xC0, 0x00, 0x07, 0xC0, 0x1F, 0xC0, 0x00,
    0x0F, 0x80, 0x3F, 0xC0, 0x00, 0x1F, 0x00, 0x7F, 0xC0, 0x00, 0x1F, 0x00, 0xFF, 0xC0, 0x00, 0x3E,
    0x00, 0xF3, 0xC0, 0x00, 0x7C, 0x00, 0xE3, 0xC0, 0x00, 0xFC, 0x00, 0x03, 0xC0, 0x00, 0xF8, 0x00,
    0x03, 0xC0, 0x01, 0xF0, 0x00, 0x03, 0xC0, 0x03, 0xF0, 0x00, 0x03, 0xC0, 0x03, 0xE0, 0x00, 0x03,
    0xC0, 0x07, 0xC0, 0x00, 0x03, 0xC0, 0x0F, 0xC0, 0x00, 0x03, 0xC0, 0x0F, 0x80, 0x00, 0x03, 0xC0,
    0x1F, 0x00, 0x00, 0x03, 0xC0, 0x3E, 0x00, 0x00, 0x03, 0xC0, 0x3E, 0x00, 0x00, 0x03, 0xC0, 0x7C,
    0x07, 0xF0, 0x03, 0xC0, 0xF8, 0x1F, 0xFC, 0x03, 0xC0, 0xF8, 0x3F, 0xFE, 0x03, 0xC1, 0xF0, 0x3F,
    0xFE, 0x00, 0x03, 0xE0, 0x7C, 0x1F, 0x00, 0x07, 0xE0, 0x7C, 0x1F, 0x00, 0x07, 0xC0, 0x78, 0x1F,
    0x00, 0x0F, 0x80, 0x00, 0x1F, 0x00, 0x1F, 0x80, 0x00, 0x3E, 0x00, 0x1F, 0x00, 0x00, 0x7E, 0x00,
    0x3E, 0x00, 0x00, 0x7C, 0x00, 0x7E, 0x00, 0x00, 0xF8, 0x00, 0x7C, 0x00, 0x01, 0xF0, 0x00, 0xF8,
    0x00, 0x03, 0xE0, 0x01, 0xF0, 0x00, 0x07, 0xE0, 0x01, 0xF0, 0x00, 0x0F, 0xC0, 0x03, 0xE0, 0x00,
    0x1F, 0x80, 0x07, 0xC0, 0x00, 0x3F, 0xFF, 0x07, 0xC0, 0x00, 0x7F, 0xFF, 0x0F, 0x80, 0x00, 0x7F,
    0xFF, 0x1F, 0x00, 0x00, 0x7F, 0xFF, 0x0F, 0xF0, 0x00, 0x00, 0xF8, 0x0F, 0xFC, 0x00, 0x00, 0xF8,
    0x0F, 0xFF, 0x00, 0x00, 0xFC, 0x0F, 0xFF, 0xC0, 0x00, 0x7C, 0x07, 0xC3, 0xE0, 0x00, 0x7C, 0x03,
    0xC0, 0xF0, 0x00, 0x7E, 0x00, 0x00, 0x78, 0x00, 0x3E, 0x00, 0x00, 0x7C, 0x00, 0x3E, 0x00, 0x00,
    0xFE, 0x00, 0x3E, 0x00, 0x03, 0xFE, 0x00, 0x1F, 0x00, 0x01, 0xFE, 0x00, 0x1F, 0x00, 0x00, 0xFF,
    0xC0, 0x1F, 0x00, 0x00, 0x07, 0xE0, 0x0F, 0x80, 0x00, 0x00, 0xF8, 0x0F, 0x80, 0x00, 0x00, 0x7C,
    0x0F, 0x80, 0x00, 0xE0, 0x3E, 0x0F, 0xC0, 0x00, 0xF8, 0x1F, 0x07, 0xC0, 0x00, 0x7F, 0xFF, 0x87,
    0xC0, 0x3F, 0x1F, 0xFF, 0x87, 0xE0, 0x3F, 0x87, 0xFF, 0x83, 0xE0, 0x1F, 0xC1, 0xFF, 0x83, 0xE0,
    0x1F, 0xE0, 0x1E, 0x03, 0xF0, 0x1F, 0xF0, 0x00, 0x01, 0xF0, 0x0F, 0xF8, 0x00, 0x01, 0xF0, 0x0F,
    0xFC, 0x00, 0x01, 0xF0, 0x07, 0xBE, 0x00, 0x00, 0xF8, 0x07, 0xDF, 0x00, 0x00, 0xF8, 0x07, 0xCF,
    0x80, 0x00, 0xF8, 0x03, 0xC7, 0xC0, 0x00, 0x7C, 0x03, 0xE3, 0xE0, 0x00, 0x7C, 0x01, 0xE1, 0xF0,
    0x00, 0x7C, 0x01, 0xF0, 0xF8, 0x00, 0x7E, 0x00, 0xFF, 0xFF, 0x00, 0x3E, 0x00, 0xFF, 0xFF, 0x80,
    0x3E, 0x00, 0x7F, 0xFF, 0xC0, 0x3F, 0x00, 0x1F, 0xFF, 0xE0, 0x1F, 0x00, 0x00, 0x07, 0xC0, 0x1F,
    0x00, 0x00, 0x03, 0xE0, 0x1F, 0x80, 0x00, 0x01, 0xF0, 0x00, 0x1C, 0x00, 0x00, 0x7C, 0x00, 0x01,
    0xFC, 0x00, 0x03, 0xF8, 0x00, 0x07, 0xF0, 0x00, 0x0F, 0xE0, 0x00, 0x0F, 0x80, 0x00, 0x0E, 0x00,
    0x00, 0x00, 0x00, 0x00, 0x00, 0x00, 0x00, 0x00, 0x00, 0x00, 0x00, 0x00, 0x03, 0xE0, 0x00, 0x07,
    0xC0, 0x00, 0x0F, 0x80, 0x00, 0x1F, 0x00, 0x00, 0x7E, 0x00, 0x00, 0xFC, 0x00, 0x03, 0xF0, 0x00,
    0x1F, 0xE0, 0x00, 0x7F, 0x80, 0x01, 0xFE, 0x00, 0x07, 0xF8, 0x00, 0x1F, 0xC0, 0x00, 0x7F, 0x00,
    0x00, 0xFC, 0x00, 0x01, 0xF0, 0x00, 0x07, 0xE0, 0x00, 0x0F, 0xC0, 0x00, 0x1F, 0x80, 0x07, 0xFF,
    0x00, 0x1F, 0xFE, 0x00, 0x3F, 0x7C, 0x00, 0x7E, 0xFC, 0x01, 0xF9, 0xFE, 0x0F, 0xF1, 0xFF, 0xFF,
    0xC1, 0xFF, 0xFF, 0x01, 0xFF, 0xFC, 0x00, 0xFF, 0xE0, 0x00, 0x3E, 0x00, 0x00, 0x3E, 0x00, 0x00,
    0x00, 0x0F, 0xC0, 0x00, 0x00, 0x01, 0xF0, 0x00, 0x00, 0x00, 0x7E, 0x00, 0x00, 0x00, 0x0F, 0x80,
    0x00, 0x00, 0x01, 0xF0, 0x00, 0x00, 0x00, 0x7C, 0x00, 0x00, 0x00, 0x0F, 0x80, 0x00, 0x00, 0x01,
    0xE0, 0x00, 0x00, 0x00, 0x00, 0x00, 0x00, 0x00, 0x00, 0x00, 0x00, 0x00, 0x00, 0x00, 0x00, 0x00,
    0x07, 0xF0, 0x00, 0x00, 0x01, 0xFC, 0x00, 0x00, 0x00, 0x7F, 0x80, 0x00, 0x00, 0x3F, 0xE0, 0x00,
    0x00, 0x0F, 0xF8, 0x00, 0x00, 0x03, 0xFF, 0x00, 0x00, 0x01, 0xF7, 0xC0, 0x00, 0x00, 0x7D, 0xF8,
    0x00, 0x00, 0x1F, 0x3E, 0x00, 0x00, 0x0F, 0x8F, 0x80, 0x00, 0x03, 0xE3, 0xF0, 0x00, 0x01, 0xF8,
    0x7C, 0x00, 0x00, 0x7C, 0x1F, 0x00, 0x00, 0x1F, 0x07, 0xE0, 0x00, 0x0F, 0xC0, 0xF8, 0x00, 0x03,
    0xE0, 0x3E, 0x00, 0x00, 0xF8, 0x0F, 0xC0, 0x00, 0x7E, 0x01, 0xF0, 0x00, 0x1F, 0x00, 0x7E, 0x00,
    0x07, 0xC0, 0x1F, 0x80, 0x03, 0xF0, 0x03, 0xE0, 0x00, 0xF8, 0x00, 0xFC, 0x00, 0x7E, 0x00, 0x3F,
    0x00, 0x1F, 0xFF, 0xFF, 0xC0, 0x07, 0xFF, 0xFF, 0xF8, 0x03, 0xFF, 0xFF, 0xFE, 0x00, 0xFF, 0xFF,
    0xFF, 0xC0, 0x3F, 0xFF, 0xFF, 0xF0, 0x1F, 0x80, 0x00, 0x7C, 0x07, 0xE0, 0x00, 0x1F, 0x83, 0xF0,
    0x00, 0x07, 0xE0, 0xFC, 0x00, 0x00, 0xF8, 0x3F, 0x00, 0x00, 0x3F, 0x1F, 0x80, 0x00, 0x0F, 0xC7,
    0xE0, 0x00, 0x01, 0xF1, 0xF0, 0x00, 0x00, 0x7E, 0xFC, 0x00, 0x00, 0x1F, 0xBF, 0x00, 0x00, 0x03,
    0xF0, 0x00, 0x00, 0x3E, 0x00, 0x00, 0x00, 0x0F, 0x80, 0x00, 0x00, 0x07, 0xE0, 0x00, 0x00, 0x01,
    0xF0, 0x00, 0x00, 0x00, 0xF8, 0x00, 0x00, 0x00, 0x3E, 0x00, 0x00, 0x00, 0x1F, 0x00, 0x00, 0x00,
    0x07, 0x80, 0x00, 0x00, 0x01, 0xE0, 0x00, 0x00, 0x00, 0x00, 0x00, 0x00, 0x00, 0x00, 0x00, 0x00,
    0x00, 0x00, 0x00, 0x00, 0x00, 0x07, 0xF0, 0x00, 0x00, 0x01, 0xFC, 0x00, 0x00, 0x00, 0x7F, 0x80,
    0x00, 0x00, 0x3F, 0xE0, 0x00, 0x00, 0x0F, 0xF8, 0x00, 0x00, 0x03, 0xFF, 0x00, 0x00, 0x01, 0xF7,
    0xC0, 0x00, 0x00, 0x7D, 0xF8, 0x00, 0x00, 0x1F, 0x3E, 0x00, 0x00, 0x0F, 0x8F, 0x80, 0x00, 0x03,
    0xE3, 0xF0, 0x00, 0x01, 0xF8, 0x7C, 0x00, 0x00, 0x7C, 0x1F, 0x00, 0x00, 0x1F, 0x07, 0xE0, 0x00,
    0x0F, 0xC0, 0xF8, 0x00, 0x03, 0xE0, 0x3E, 0x00, 0x00, 0xF8, 0x0F, 0xC0, 0x00, 0x7E, 0x01, 0xF0,
    0x00, 0x1F, 0x00, 0x7E, 0x00, 0x07, 0xC0, 0x1F, 0x80, 0x03, 0xF0, 0x03, 0xE0, 0x00, 0xF8, 0x00,
    0xFC, 0x00, 0x7E, 0x00, 0x3F, 0x00, 0x1F, 0xFF, 0xFF, 0xC0, 0x07, 0xFF, 0xFF, 0xF8, 0x03, 0xFF,
    0xFF, 0xFE, 0x00, 0xFF, 0xFF, 0xFF, 0xC0, 0x3F, 0xFF, 0xFF, 0xF0, 0x1F, 0x80, 0x00, 0x7C, 0x07,
    0xE0, 0x00, 0x1F, 0x83, 0xF0, 0x00, 0x07, 0xE0, 0xFC, 0x00, 0x00, 0xF8, 0x3F, 0x00, 0x00, 0x3F,
    0x1F, 0x80, 0x00, 0x0F, 0xC7, 0xE0, 0x00, 0x01, 0xF1, 0xF0, 0x00, 0x00, 0x7E, 0xFC, 0x00, 0x00,
    0x1F, 0xBF, 0x00, 0x00, 0x03, 0xF0, 0x00, 0x01, 0xE0, 0x00, 0x00, 0x01, 0xFC, 0x00, 0x00, 0x00,
    0x7F, 0x80, 0x00, 0x00, 0x3F, 0xF0, 0x00, 0x00, 0x1F, 0x7E, 0x00, 0x00, 0x0F, 0x8F, 0xC0, 0x00,
    0x07, 0xE1, 0xF0, 0x00, 0x03, 0xF0, 0x3E, 0x00, 0x00, 0x00, 0x00, 0x00, 0x00, 0x00, 0x00, 0x00,
    0x00, 0x00, 0x00, 0x00, 0x00, 0x00, 0x00, 0x00, 0x00, 0x00, 0x07, 0xF0, 0x00, 0x00, 0x01, 0xFC,
    0x00, 0x00, 0x00, 0x7F, 0x80, 0x00, 0x00, 0x3F, 0xE0, 0x00, 0x00, 0x0F, 0xF8, 0x00, 0x00, 0x03,
    0xFF, 0x00, 0x00, 0x01, 0xF7, 0xC0, 0x00, 0x00, 0x7D, 0xF8, 0x00, 0x00, 0x1F, 0x3E, 0x00, 0x00,
    0x0F, 0x8F, 0x80, 0x00, 0x03, 0xE3, 0xF0, 0x00, 0x01, 0xF8, 0x7C, 0x00, 0x00, 0x7C, 0x1F, 0x00,
    0x00, 0x1F, 0x07, 0xE0, 0x00, 0x0F, 0xC0, 0xF8, 0x00, 0x03, 0xE0, 0x3E, 0x00, 0x00, 0xF8, 0x0F,
    0xC0, 0x00, 0x7E, 0x01, 0xF0, 0x00, 0x1F, 0x00, 0x7E, 0x00, 0x07, 0xC0, 0x1F, 0x80, 0x03, 0xF0,
    0x03, 0xE0, 0x00, 0xF8, 0x00, 0xFC, 0x00, 0x7E, 0x00, 0x3F, 0x00, 0x1F, 0xFF, 0xFF, 0xC0, 0x07,
    0xFF, 0xFF, 0xF8, 0x03, 0xFF, 0xFF, 0xFE, 0x00, 0xFF, 0xFF, 0xFF, 0xC0, 0x3F, 0xFF, 0xFF, 0xF0,
    0x1F, 0x80, 0x00, 0x7C, 0x07, 0xE0, 0x00, 0x1F, 0x83, 0xF0, 0x00, 0x07, 0xE0, 0xFC, 0x00, 0x00,
    0xF8, 0x3F, 0x00, 0x00, 0x3F, 0x1F, 0x80, 0x00, 0x0F, 0xC7, 0xE0, 0x00, 0x01, 0xF1, 0xF0, 0x00,
    0x00, 0x7E, 0xFC, 0x00, 0x00, 0x1F, 0xBF, 0x00, 0x00, 0x03, 0xF0, 0x00, 0x0E, 0x07, 0x00, 0x00,
    0x0F, 0xE1, 0xC0, 0x00, 0x03, 0xFF, 0xF0, 0x00, 0x01, 0xFF, 0xFC, 0x00, 0x00, 0x79, 0xFE, 0x00,
    0x00, 0x1E, 0x1F, 0x80, 0x00, 0x00, 0x00, 0x00, 0x00, 0x00, 0x00, 0x00, 0x00, 0x00, 0x00, 0x00,
    0x00, 0x00, 0x00, 0x00, 0x00, 0x00, 0x00, 0x00, 0x00, 0x00, 0x00, 0x1F, 0xC0, 0x00, 0x00, 0x07,
    0xF0, 0x00, 0x00, 0x01, 0xFE, 0x00, 0x00, 0x00, 0xFF, 0x80, 0x00, 0x00, 0x3F, 0xE0, 0x00, 0x00,
    0x0F, 0xFC, 0x00, 0x00, 0x07, 0xDF, 0x00, 0x00, 0x01, 0xF7, 0xE0, 0x00, 0x00, 0x7C, 0xF8, 0x00,
    0x00, 0x3E, 0x3E, 0x00, 0x00, 0x0F, 0x8F, 0xC0, 0x00, 0x07, 0xE1, 0xF0, 0x00, 0x01, 0xF0, 0x7C,
    0x00, 0x00, 0x7C, 0x1F, 0x80, 0x00, 0x3F, 0x03, 0xE0, 0x00, 0x0F, 0x80, 0xF8, 0x00, 0x03, 0xE0,
    0x3F, 0x00, 0x01, 0xF8, 0x07, 0xC0, 0x00, 0x7C, 0x01, 0xF8, 0x00, 0x1F, 0x00, 0x7E, 0x00, 0x0F,
    0xC0, 0x0F, 0x80, 0x03, 0xE0, 0x03, 0xF0, 0x01, 0xF8, 0x00, 0xFC, 0x00, 0x7F, 0xFF, 0xFF, 0x00,
    0x1F, 0xFF, 0xFF, 0xE0, 0x0F, 0xFF, 0xFF, 0xF8, 0x03, 0xFF, 0xFF, 0xFF, 0x00, 0xFF, 0xFF, 0xFF,
    0xC0, 0x7E, 0x00, 0x01, 0xF0, 0x1F, 0x80, 0x00, 0x7E, 0x0F, 0xC0, 0x00, 0x1F, 0x83, 0xF0, 0x00,
    0x03, 0xE0, 0xFC, 0x00, 0x00, 0xFC, 0x7E, 0x00, 0x00, 0x3F, 0x1F, 0x80, 0x00, 0x07, 0xC7, 0xC0,
    0x00, 0x01, 0xFB, 0xF0, 0x00, 0x00, 0x7E, 0xFC, 0x00, 0x00, 0x0F, 0xC0, 0x00, 0x78, 0x0F, 0x00,
    0x00, 0x1F, 0x07, 0xE0, 0x00, 0x0F, 0xE1, 0xF8, 0x00, 0x03, 0xF8, 0x7E, 0x00, 0x00, 0xFC, 0x1F,
    0x80, 0x00, 0x1F, 0x03, 0xC0, 0x00, 0x00, 0x00, 0x00, 0x00, 0x00, 0x00, 0x00, 0x00, 0x00, 0x00,
    0x00, 0x00, 0x00, 0x00, 0x00, 0x00, 0x00, 0x00, 0x00, 0x00, 0x00, 0x00, 0x1F, 0xC0, 0x00, 0x00,
    0x07, 0xF0, 0x00, 0x00, 0x01, 0xFE, 0x00, 0x00, 0x00, 0xFF, 0x80, 0x00, 0x00, 0x3F, 0xE0, 0x00,
    0x00, 0x0F, 0xFC, 0x00, 0x00, 0x07, 0xDF, 0x00, 0x00, 0x01, 0xF7, 0xE0, 0x00, 0x00, 0x7C, 0xF8,
    0x00, 0x00, 0x3E, 0x3E, 0x00, 0x00, 0x0F, 0x8F, 0xC0, 0x00, 0x07, 0xE1, 0xF0, 0x00, 0x01, 0xF0,
    0x7C, 0x00, 0x00, 0x7C, 0x1F, 0x80, 0x00, 0x3F, 0x03, 0xE0, 0x00, 0x0F, 0x80, 0xF8, 0x00, 0x03,
    0xE0, 0x3F, 0x00, 0x01, 0xF8, 0x07, 0xC0, 0x00, 0x7C, 0x01, 0xF8, 0x00, 0x1F, 0x00, 0x7E, 0x00,
    0x0F, 0xC0, 0x0F, 0x80, 0x03, 0xE0, 0x03, 0xF0, 0x01, 0xF8, 0x00, 0xFC, 0x00, 0x7F, 0xFF, 0xFF,
    0x00, 0x1F, 0xFF, 0xFF, 0xE0, 0x0F, 0xFF, 0xFF, 0xF8, 0x03, 0xFF, 0xFF, 0xFF, 0x00, 0xFF, 0xFF,
    0xFF, 0xC0, 0x7E, 0x00, 0x01, 0xF0, 0x1F, 0x80, 0x00, 0x7E, 0x0F, 0xC0, 0x00, 0x1F, 0x83, 0xF0,
    0x00, 0x03, 0xE0, 0xFC, 0x00, 0x00, 0xFC, 0x7E, 0x00, 0x00, 0x3F, 0x1F, 0x80, 0x00, 0x07, 0xC7,
    0xC0, 0x00, 0x01, 0xFB, 0xF0, 0x00, 0x00, 0x7E, 0xFC, 0x00, 0x00, 0x0F, 0xC0, 0x00, 0x07, 0xF0,
    0x00, 0x00, 0x03, 0xFE, 0x00, 0x00, 0x01, 0xFF, 0xC0, 0x00, 0x00, 0xFF, 0xF8, 0x00, 0x00, 0x3E,
    0x1E, 0x00, 0x00, 0x0F, 0x07, 0xC0, 0x00, 0x03, 0xC1, 0xF0, 0x00, 0x00, 0xF0, 0x7C, 0x00, 0x00,
    0x3E, 0x3E, 0x00, 0x00, 0x07, 0xFF, 0x80, 0x00, 0x01, 0xFF, 0xC0, 0x00, 0x00, 0x3F, 0xE0, 0x00,
    0x00, 0x03, 0xE0, 0x00, 0x00, 0x00, 0x00, 0x00, 0x00, 0x00, 0x7F, 0x00, 0x00, 0x00, 0x1F, 0xC0,
    0x00, 0x00, 0x07, 0xF8, 0x00, 0x00, 0x03, 0xFE, 0x00, 0x00, 0x00, 0xFF, 0x80, 0x00, 0x00, 0x3F,
    0xF0, 0x00, 0x00, 0x1F, 0x7C, 0x00, 0x00, 0x07, 0xDF, 0x80, 0x00, 0x01, 0xF3, 0xE0, 0x00, 0x00,
    0xF8, 0xF8, 0x00, 0x00, 0x3E, 0x3F, 0x00, 0x00, 0x1F, 0x87, 0xC0, 0x00, 0x07, 0xC1, 0xF0, 0x00,
    0x01, 0xF0, 0x7E, 0x00, 0x00, 0xFC, 0x0F, 0x80, 0x00, 0x3E, 0x03, 0xE0, 0x00, 0x0F, 0x80, 0xFC,
    0x00, 0x07, 0xE0, 0x1F, 0x00, 0x01, 0xF0, 0x07, 0xE0, 0x00, 0x7C, 0x01, 0xF8, 0x00, 0x3F, 0x00,
    0x3E, 0x00, 0x0F, 0x80, 0x0F, 0xC0, 0x07, 0xE0, 0x03, 0xF0, 0x01, 0xFF, 0xFF, 0xFC, 0x00, 0x7F,
    0xFF, 0xFF, 0x80, 0x3F, 0xFF, 0xFF, 0xE0, 0x0F, 0xFF, 0xFF, 0xFC, 0x03, 0xFF, 0xFF, 0xFF, 0x01,
    0xF8, 0x00, 0x07, 0xC0, 0x7E, 0x00, 0x01, 0xF8, 0x3F, 0x00, 0x00, 0x7E, 0x0F, 0xC0, 0x00, 0x0F,
    0x83, 0xF0, 0x00, 0x03, 0xF1, 0xF8, 0x00, 0x00, 0xFC, 0x7E, 0x00, 0x00, 0x1F, 0x1F, 0x00, 0x00,
    0x07, 0xEF, 0xC0, 0x00, 0x01, 0xFB, 0xF0, 0x00, 0x00, 0x3F, 0x00, 0x00, 0x3F, 0xFF, 0xFF, 0xFF,
    0x00, 0x00, 0x7F, 0xFF, 0xFF, 0xFF, 0x00, 0x00, 0x7F, 0xFF, 0xFF, 0xFF, 0x00, 0x00, 0xFF, 0xFF,
    0xFF, 0xFF, 0x00, 0x00, 0xF8, 0xFF, 0xFF, 0xFE, 0x00, 0x01, 0xF8, 0xF8, 0x00, 0x00, 0x00, 0x01,
    0xF0, 0xF8, 0x00, 0x00, 0x00, 0x03, 0xF0, 0xF8, 0x00, 0x00, 0x00, 0x03, 0xE0, 0xF8, 0x00, 0x00,
    0x00, 0x07, 0xE0, 0xF8, 0x00, 0x00, 0x00, 0x07, 0xC0, 0xF8, 0x00, 0x00, 0x00, 0x0F, 0xC0, 0xF8,
    0x00, 0x00, 0x00, 0x0F, 0xC0, 0xF8, 0x00, 0x00, 0x00, 0x1F, 0x80, 0xF8, 0x00, 0x00, 0x00, 0x1F,
    0x80, 0xF8, 0x00, 0x00, 0x00, 0x3F, 0x00, 0xF8, 0x00, 0x00, 0x00, 0x3F, 0x00, 0xF8, 0x00, 0x00,
    0x00, 0x7E, 0x00, 0xFF, 0xFF, 0xFC, 0x00, 0x7E, 0x00, 0xFF, 0xFF, 0xFC, 0x00, 0x7C, 0x00, 0xFF,
    0xFF, 0xFC, 0x00, 0xFC, 0x00, 0xFF, 0xFF, 0xFC, 0x00, 0xF8, 0x00, 0xF8, 0x00, 0x00, 0x01, 0xF8,
    0x00, 0xF8, 0x00, 0x00, 0x01, 0xFF, 0xFF, 0xF8, 0x00, 0x00, 0x03, 0xFF, 0xFF, 0xF8, 0x00, 0x00,
    0x03, 0xFF, 0xFF, 0xF8, 0x00, 0x00, 0x07, 0xFF, 0xFF, 0xF8, 0x00, 0x00, 0x07, 0xFF, 0xFF, 0xF8,
    0x00, 0x00, 0x0F, 0xC0, 0x00, 0xF8, 0x00, 0x00, 0x0F, 0xC0, 0x00, 0xF8, 0x00, 0x00, 0x1F, 0x80,
    0x00, 0xF8, 0x00, 0x00, 0x1F, 0x80, 0x00, 0xF8, 0x00, 0x00, 0x3F, 0x00, 0x00, 0xF8, 0x00, 0x00,
    0x3F, 0x00, 0x00, 0xFF, 0xFF, 0xFE, 0x7E, 0x00, 0x00, 0xFF, 0xFF, 0xFF, 0x7E, 0x00, 0x00, 0xFF,
    0xFF, 0xFF, 0xFC, 0x00, 0x00, 0xFF, 0xFF, 0xFF, 0xFC, 0x00, 0x00, 0xFF, 0xFF, 0xFF, 0x00, 0x01,
    0xF8, 0x00, 0x00, 0x07, 0xFF, 0xE0, 0x00, 0x07, 0xFF, 0xFE, 0x00, 0x03, 0xFF, 0xFF, 0xC0, 0x01,
    0xFF, 0xFF, 0xF8, 0x00, 0xFF, 0xC3, 0xFF, 0x00, 0x7F, 0x80, 0x1F, 0xE0, 0x3F, 0x80, 0x01, 0xFC,
    0x1F, 0xC0, 0x00, 0x3F, 0x07, 0xE0, 0x00, 0x07, 0xE3, 0xF0, 0x00, 0x01, 0xF8, 0xFC, 0x00, 0x00,
    0x3E, 0x3E, 0x00, 0x00, 0x0F, 0x9F, 0x80, 0x00, 0x00, 0x07, 0xE0, 0x00, 0x00, 0x01, 0xF0, 0x00,
    0x00, 0x00, 0x7C, 0x00, 0x00, 0x00, 0x1F, 0x00, 0x00, 0x00, 0x07, 0xC0, 0x00, 0x00, 0x01, 0xF0,
    0x00, 0x00, 0x00, 0x7C, 0x00, 0x00, 0x00, 0x1F, 0x00, 0x00, 0x00, 0x07, 0xC0, 0x00, 0x00, 0x01,
    0xF0, 0x00, 0x00, 0x00, 0x7C, 0x00, 0x00, 0x00, 0x1F, 0x80, 0x00, 0x00, 0x07, 0xE0, 0x00, 0x00,
    0x00, 0xF8, 0x00, 0x00, 0x3F, 0x3F, 0x00, 0x00, 0x0F, 0x8F, 0xC0, 0x00, 0x07, 0xE1, 0xF8, 0x00,
    0x01, 0xF8, 0x7F, 0x00, 0x00, 0xFC, 0x0F, 0xE0, 0x00, 0x7F, 0x01, 0xFE, 0x00, 0x7F, 0x80, 0x7F,
    0xE0, 0xFF, 0xC0, 0x0F, 0xFF, 0xFF, 0xE0, 0x00, 0xFF, 0xFF, 0xF0, 0x00, 0x1F, 0xFF, 0xF8, 0x00,
    0x01, 0xFF, 0xF8, 0x00, 0x00, 0x0F, 0xF0, 0x00, 0x00, 0x00, 0xE0, 0x00, 0x00, 0x00, 0x3F, 0x00,
    0x00, 0x00, 0x0F, 0xE0, 0x00, 0x00, 0x03, 0xFC, 0x00, 0x00, 0x00, 0x0F, 0x00, 0x00, 0x00, 0x03,
    0xC0, 0x00, 0x00, 0x01, 0xF0, 0x00, 0x00, 0x07, 0xFC, 0x00, 0x00, 0x01, 0xFE, 0x00, 0x00, 0x00,
    0x7E, 0x00, 0x00, 0x03, 0xE0, 0x00, 0x03, 0xE0, 0x00, 0x03, 0xF0, 0x00, 0x01, 0xF0, 0x00, 0x00,
    0xF8, 0x00, 0x00, 0xF8, 0x00, 0x00, 0x7C, 0x00, 0x00, 0x7C, 0x00, 0x00, 0x3C, 0x00, 0x00, 0x00,
    0x00, 0x00, 0x00, 0x00, 0x00, 0x00, 0x00, 0xFF, 0xFF, 0xFF, 0xFF, 0xFF, 0xFF, 0xFF, 0xFF, 0xFF,
    0xFF, 0xFF, 0xFF, 0xFF, 0xFF, 0xFF, 0xFC, 0x00, 0x00, 0xFC, 0x00, 0x00, 0xFC, 0x00, 0x00, 0xFC,
    0x00, 0x00, 0xFC, 0x00, 0x00, 0xFC, 0x00, 0x00, 0xFC, 0x00, 0x00, 0xFC, 0x00, 0x00, 0xFC, 0x00,
    0x00, 0xFC, 0x00, 0x00, 0xFC, 0x00, 0x00, 0xFF, 0xFF, 0xFE, 0xFF, 0xFF, 0xFE, 0xFF, 0xFF, 0xFE,
    0xFF, 0xFF, 0xFE, 0xFF, 0xFF, 0xFE, 0xFC, 0x00, 0x00, 0xFC, 0x00, 0x00, 0xFC, 0x00, 0x00, 0xFC,
    0x00, 0x00, 0xFC, 0x00, 0x00, 0xFC, 0x00, 0x00, 0xFC, 0x00, 0x00, 0xFC, 0x00, 0x00, 0xFC, 0x00,
    0x00, 0xFC, 0x00, 0x00, 0xFC, 0x00, 0x00, 0xFC, 0x00, 0x00, 0xFF, 0xFF, 0xFF, 0xFF, 0xFF, 0xFF,
    0xFF, 0xFF, 0xFF, 0xFF, 0xFF, 0xFF, 0xFF, 0xFF, 0xFF, 0x00, 0x03, 0xE0, 0x00, 0x07, 0xE0, 0x00,
    0x07, 0xC0, 0x00, 0x0F, 0x80, 0x00, 0x0F, 0x80, 0x00, 0x1F, 0x00, 0x00, 0x1F, 0x00, 0x00, 0x3E,
    0x00, 0x00, 0x3C, 0x00, 0x00, 0x00, 0x00, 0x00, 0x00, 0x00, 0x00, 0x00, 0x00, 0xFF, 0xFF, 0xFF,
    0xFF, 0xFF, 0xFF, 0xFF, 0xFF, 0xFF, 0xFF, 0xFF, 0xFF, 0xFF, 0xFF, 0xFF, 0xFC, 0x00, 0x00, 0xFC,
    0x00, 0x00, 0xFC, 0x00, 0x00, 0xFC, 0x00, 0x00, 0xFC, 0x00, 0x00, 0xFC, 0x00, 0x00, 0xFC, 0x00,
    0x00, 0xFC, 0x00, 0x00, 0xFC, 0x00, 0x00, 0xFC, 0x00, 0x00, 0xFC, 0x00, 0x00, 0xFF, 0xFF, 0xFE,
    0xFF, 0xFF, 0xFE, 0xFF, 0xFF, 0xFE, 0xFF, 0xFF, 0xFE, 0xFF, 0xFF, 0xFE, 0xFC, 0x00, 0x00, 0xFC,
    0x00, 0x00, 0xFC, 0x00, 0x00, 0xFC, 0x00, 0x00, 0xFC, 0x00, 0x00, 0xFC, 0x00, 0x00, 0xFC, 0x00,
    0x00, 0xFC, 0x00, 0x00, 0xFC, 0x00, 0x00, 0xFC, 0x00, 0x00, 0xFC, 0x00, 0x00, 0xFC, 0x00, 0x00,
    0xFF, 0xFF, 0xFF, 0xFF, 0xFF, 0xFF, 0xFF, 0xFF, 0xFF, 0xFF, 0xFF, 0xFF, 0xFF, 0xFF, 0xFF, 0x00,
    0x3C, 0x00, 0x00, 0x7E, 0x00, 0x00, 0xFF, 0x00, 0x01, 0xFF, 0x80, 0x03, 0xF7, 0xC0, 0x07, 0xE3,
    0xE0, 0x07, 0xC3, 0xF0, 0x0F, 0x81, 0xF8, 0x00, 0x00, 0x00, 0x00, 0x00, 0x00, 0x00, 0x00, 0x00,
    0x00, 0x00, 0x00, 0xFF, 0xFF, 0xFF, 0xFF, 0xFF, 0xFF, 0xFF, 0xFF, 0xFF, 0xFF, 0xFF, 0xFF, 0xFF,
    0xFF, 0xFF, 0xFC, 0x00, 0x00, 0xFC, 0x00, 0x00, 0xFC, 0x00, 0x00, 0xFC, 0x00, 0x00, 0xFC, 0x00,
    0x00, 0xFC, 0x00, 0x00, 0xFC, 0x00, 0x00, 0xFC, 0x00, 0x00, 0xFC, 0x00, 0x00, 0xFC, 0x00, 0x00,
    0xFC, 0x00, 0x00, 0xFF, 0xFF, 0xFE, 0xFF, 0xFF, 0xFE, 0xFF, 0xFF, 0xFE, 0xFF, 0xFF, 0xFE, 0xFF,
    0xFF, 0xFE, 0xFC, 0x00, 0x00, 0xFC, 0x00, 0x00, 0xFC, 0x00, 0x00, 0xFC, 0x00, 0x00, 0xFC, 0x00,
    0x00, 0xFC, 0x00, 0x00, 0xFC, 0x00, 0x00, 0xFC, 0x00, 0x00, 0xFC, 0x00, 0x00, 0xFC, 0x00, 0x00,
    0xFC, 0x00, 0x00, 0xFC, 0x00, 0x00, 0xFF, 0xFF, 0xFF, 0xFF, 0xFF, 0xFF, 0xFF, 0xFF, 0xFF, 0xFF,
    0xFF, 0xFF, 0xFF, 0xFF, 0xFF, 0x07, 0x80, 0xF0, 0x0F, 0xC1, 0xF0, 0x0F, 0xC3, 0xF8, 0x0F, 0xC3,
    0xF8, 0x0F, 0xC3, 0xF8, 0x0F, 0x81, 0xF0, 0x00, 0x00, 0x00, 0x00, 0x00, 0x00, 0x00, 0x00, 0x00,
    0x00, 0x00, 0x00, 0x00, 0x00, 0x00, 0xFF, 0xFF, 0xFF, 0xFF, 0xFF, 0xFF, 0xFF, 0xFF, 0xFF, 0xFF,
    0xFF, 0xFF, 0xFF, 0xFF, 0xFF, 0xFC, 0x00, 0x00, 0xFC, 0x00, 0x00, 0xFC, 0x00, 0x00, 0xFC, 0x00,
    0x00, 0xFC, 0x00, 0x00, 0xFC, 0x00, 0x00, 0xFC, 0x00, 0x00, 0xFC, 0x00, 0x00, 0xFC, 0x00, 0x00,
    0xFC, 0x00, 0x00, 0xFC, 0x00, 0x00, 0xFF, 0xFF, 0xFE, 0xFF, 0xFF, 0xFE, 0xFF, 0xFF, 0xFE, 0xFF,
    0xFF, 0xFE, 0xFF, 0xFF, 0xFE, 0xFC, 0x00, 0x00, 0xFC, 0x00, 0x00, 0xFC, 0x00, 0x00, 0xFC, 0x00,
    0x00, 0xFC, 0x00, 0x00, 0xFC, 0x00, 0x00, 0xFC, 0x00, 0x00, 0xFC, 0x00, 0x00, 0xFC, 0x00, 0x00,
    0xFC, 0x00, 0x00, 0xFC, 0x00, 0x00, 0xFC, 0x00, 0x00, 0xFF, 0xFF, 0xFF, 0xFF, 0xFF, 0xFF, 0xFF,
    0xFF, 0xFF, 0xFF, 0xFF, 0xFF, 0xFF, 0xFF, 0xFF, 0xF8, 0x3F, 0x07, 0xC1, 0xF8, 0x3E, 0x07, 0xC1,
    0xF0, 0x3E, 0x07, 0x80, 0x00, 0x00, 0x00, 0x0F, 0xC3, 0xF0, 0xFC, 0x3F, 0x0F, 0xC3, 0xF0, 0xFC,
    0x3F, 0x0F, 0xC3, 0xF0, 0xFC, 0x3F, 0x0F, 0xC3, 0xF0, 0xFC, 0x3F, 0x0F, 0xC3, 0xF0, 0xFC, 0x3F,
    0x0F, 0xC3, 0xF0, 0xFC, 0x3F, 0x0F, 0xC3, 0xF0, 0xFC, 0x3F, 0x0F, 0xC3, 0xF0, 0xFC, 0x3F, 0x0F,
    0xC3, 0xF0, 0xFC, 0x3F, 0x0F, 0xC3, 0xF0, 0x0F, 0x83, 0xE1, 0xF8, 0x7C, 0x3E, 0x0F, 0x87, 0xC1,
    0xE0, 0x78, 0x00, 0x00, 0x00, 0x00, 0xFC, 0x3F, 0x0F, 0xC3, 0xF0, 0xFC, 0x3F, 0x0F, 0xC3, 0xF0,
    0xFC, 0x3F, 0x0F, 0xC3, 0xF0, 0xFC, 0x3F, 0x0F, 0xC3, 0xF0, 0xFC, 0x3F, 0x0F, 0xC3, 0xF0, 0xFC,
    0x3F, 0x0F, 0xC3, 0xF0, 0xFC, 0x3F, 0x0F, 0xC3, 0xF0, 0xFC, 0x3F, 0x0F, 0xC3, 0xF0, 0xFC, 0x3F,
    0x0F, 0xC3, 0xF0, 0xFC, 0x3F, 0x00, 0x01, 0xE0, 0x03, 0xF8, 0x01, 0xFE, 0x01, 0xFF, 0x81, 0xF7,
    0xE1, 0xF1, 0xF9, 0xF8, 0x7D, 0xF8, 0x1F, 0x00, 0x00, 0x00, 0x00, 0x00, 0x00, 0x00, 0x00, 0x00,
    0x3F, 0x00, 0x1F, 0x80, 0x0F, 0xC0, 0x07, 0xE0, 0x03, 0xF0, 0x01, 0xF8, 0x00, 0xFC, 0x00, 0x7E,
    0x00, 0x3F, 0x00, 0x1F, 0x80, 0x0F, 0xC0, 0x07, 0xE0, 0x03, 0xF0, 0x01, 0xF8, 0x00, 0xFC, 0x00,
    0x7E, 0x00, 0x3F, 0x00, 0x1F, 0x80, 0x0F, 0xC0, 0x07, 0xE0, 0x03, 0xF0, 0x01, 0xF8, 0x00, 0xFC,
    0x00, 0x7E, 0x00, 0x3F, 0x00, 0x1F, 0x80, 0x0F, 0xC0, 0x07, 0xE0, 0x03, 0xF0, 0x01, 0xF8, 0x00,
    0xFC, 0x00, 0x7E, 0x00, 0x3F, 0x00, 0x1F, 0x80, 0x0F, 0xC0, 0x07, 0xE0, 0x03, 0xF0, 0x01, 0xF8,
    0x00, 0x78, 0x0F, 0x1F, 0x07, 0xEF, 0xE1, 0xFB, 0xF8, 0x7E, 0xFE, 0x1F, 0x9F, 0x03, 0xC0, 0x00,
    0x00, 0x00, 0x00, 0x00, 0x00, 0x00, 0x00, 0x00, 0x00, 0x00, 0x0F, 0xC0, 0x03, 0xF0, 0x00, 0xFC,
    0x00, 0x3F, 0x00, 0x0F, 0xC0, 0x03, 0xF0, 0x00, 0xFC, 0x00, 0x3F, 0x00, 0x0F, 0xC0, 0x03, 0xF0,
    0x00, 0xFC, 0x00, 0x3F, 0x00, 0x0F, 0xC0, 0x03, 0xF0, 0x00, 0xFC, 0x00, 0x3F, 0x00, 0x0F, 0xC0,
    0x03, 0xF0, 0x00, 0xFC, 0x00, 0x3F, 0x00, 0x0F, 0xC0, 0x03, 0xF0, 0x00, 0xFC, 0x00, 0x3F, 0x00,
    0x0F, 0xC0, 0x03, 0xF0, 0x00, 0xFC, 0x00, 0x3F, 0x00, 0x0F, 0xC0, 0x03, 0xF0, 0x00, 0xFC, 0x00,
    0x3F, 0x00, 0x0F, 0xC0, 0x03, 0xF0, 0x00, 0xFC, 0x00, 0x3F, 0x00, 0x0F, 0xC0, 0x03, 0xF0, 0x00,
    0x07, 0xFF, 0xFE, 0x00, 0x00, 0x7F, 0xFF, 0xFC, 0x00, 0x07, 0xFF, 0xFF, 0xF0, 0x00, 0x7F, 0xFF,
    0xFF, 0x80, 0x07, 0xFF, 0xFF, 0xFC, 0x00, 0x7C, 0x00, 0x1F, 0xE0, 0x07, 0xC0, 0x00, 0x7F, 0x00,
    0x7C, 0x00, 0x03, 0xF8, 0x07, 0xC0, 0x00, 0x1F, 0x80, 0x7C, 0x00, 0x00, 0xFC, 0x07, 0xC0, 0x00,
    0x0F, 0xC0, 0x7C, 0x00, 0x00, 0x7E, 0x07, 0xC0, 0x00, 0x07, 0xE0, 0x7C, 0x00, 0x00, 0x3E, 0x07,
    0xC0, 0x00, 0x03, 0xE0, 0x7C, 0x00, 0x00, 0x3E, 0x07, 0xC0, 0x00, 0x03, 0xEF, 0xFF, 0xFF, 0x00,
    0x3F, 0xFF, 0xFF, 0xF8, 0x03, 0xFF, 0xFF, 0xFF, 0x80, 0x3F, 0xFF, 0xFF, 0xF8, 0x03, 0xF0, 0x7E,
    0x00, 0x00, 0x3E, 0x07, 0xC0, 0x00, 0x03, 0xE0, 0x7C, 0x00, 0x00, 0x3E, 0x07, 0xC0, 0x00, 0x03,
    0xE0, 0x7C, 0x00, 0x00, 0x7E, 0x07, 0xC0, 0x00, 0x07, 0xE0, 0x7C, 0x00, 0x00, 0xFC, 0x07, 0xC0,
    0x00, 0x0F, 0xC0, 0x7C, 0x00, 0x01, 0xF8, 0x07, 0xC0, 0x00, 0x3F, 0x80, 0x7C, 0x00, 0x07, 0xF0,
    0x07, 0xC0, 0x01, 0xFE, 0x00, 0x7F, 0xFF, 0xFF, 0xC0, 0x07, 0xFF, 0xFF, 0xF8, 0x00, 0x7F, 0xFF,
    0xFF, 0x00, 0x07, 0xFF, 0xFF, 0xC0, 0x00, 0x7F, 0xFF, 0xF0, 0x00, 0x00, 0x3C, 0x1E, 0x00, 0x00,
    0xFE, 0x3C, 0x00, 0x03, 0xFF, 0xF8, 0x00, 0x07, 0xFF, 0xF0, 0x00, 0x0F, 0x3F, 0xC0, 0x00, 0x1E,
    0x1F, 0x00, 0x00, 0x00, 0x00, 0x00, 0x00, 0x00, 0x00, 0x00, 0x00, 0x00, 0x00, 0x00, 0x00, 0x00,
    0x00, 0x00, 0x00, 0x00, 0x00, 0x07, 0xF0, 0x00, 0x03, 0xFF, 0xE0, 0x00, 0x07, 0xFF, 0xE0, 0x00,
    0x0F, 0xFF, 0xE0, 0x00, 0x1F, 0xFF, 0xC0, 0x00, 0x3F, 0xFF, 0xC0, 0x00, 0x7F, 0xFF, 0x80, 0x00,
    0xFF, 0xFF, 0x80, 0x01, 0xFF, 0xDF, 0x80, 0x03, 0xFF, 0xBF, 0x00, 0x07, 0xFF, 0x3F, 0x00, 0x0F,
    0xFE, 0x3F, 0x00, 0x1F, 0xFC, 0x7E, 0x00, 0x3F, 0xFC, 0x7E, 0x00, 0x7F, 0xF8, 0xFE, 0x00, 0xFF,
    0xF0, 0xFC, 0x01, 0xFF, 0xE0, 0xFC, 0x03, 0xFF, 0xC1, 0xF8, 0x07, 0xFF, 0x81, 0xF8, 0x0F, 0xFF,
    0x01, 0xF8, 0x1F, 0xFE, 0x03, 0xF0, 0x3F, 0xFC, 0x03, 0xF0, 0x7F, 0xF8, 0x07, 0xF0, 0xFF, 0xF0,
    0x07, 0xE1, 0xFF, 0xE0, 0x07, 0xE3, 0xFF, 0xC0, 0x0F, 0xE7, 0xFF, 0x80, 0x0F, 0xCF, 0xFF, 0x00,
    0x0F, 0xDF, 0xFE, 0x00, 0x1F, 0xBF, 0xFC, 0x00, 0x1F, 0xFF, 0xF8, 0x00, 0x3F, 0xFF, 0xF0, 0x00,
    0x3F, 0xFF, 0xE0, 0x00, 0x3F, 0xFF, 0xC0, 0x00, 0x7F, 0xFF, 0x80, 0x00, 0x7F, 0xFF, 0x00, 0x00,
    0x7F, 0xFE, 0x00, 0x00, 0xFF, 0xFC, 0x00, 0x00, 0xFE, 0x00, 0x1F, 0x00, 0x00, 0x00, 0x03, 0xF0,
    0x00, 0x00, 0x00, 0x3E, 0x00, 0x00, 0x00, 0x03, 0xE0, 0x00, 0x00, 0x00, 0x7C, 0x00, 0x00, 0x00,
    0x07, 0xC0, 0x00, 0x00, 0x00, 0xF8, 0x00, 0x00, 0x00, 0x0F, 0x80, 0x00, 0x00, 0x00, 0xF0, 0x00,
    0x00, 0x00, 0x00, 0x00, 0x00, 0x00, 0x00, 0x00, 0x00, 0x00, 0x00, 0xFC, 0x00, 0x00, 0x01, 0xFF,
    0xF0, 0x00, 0x00, 0xFF, 0xFF, 0x80, 0x00, 0x3F, 0xFF, 0xFC, 0x00, 0x0F, 0xFF, 0xFF, 0xC0, 0x03,
    0xFF, 0x0F, 0xFC, 0x00, 0xFF, 0x00, 0x3F, 0xC0, 0x3F, 0x80, 0x03, 0xFC, 0x0F, 0xE0, 0x00, 0x1F,
    0x81, 0xF8, 0x00, 0x01, 0xF8, 0x7E, 0x00, 0x00, 0x3F, 0x0F, 0xC0, 0x00, 0x03, 0xF1, 0xF0, 0x00,
    0x00, 0x7E, 0x7E, 0x00, 0x00, 0x07, 0xCF, 0xC0, 0x00, 0x00, 0xFD, 0xF0, 0x00, 0x00, 0x1F, 0xBE,
    0x00, 0x00, 0x03, 0xF7, 0xC0, 0x00, 0x00, 0x3E, 0xF8, 0x00, 0x00, 0x07, 0xDF, 0x00, 0x00, 0x00,
    0xFB, 0xE0, 0x00, 0x00, 0x1F, 0x7C, 0x00, 0x00, 0x03, 0xEF, 0x80, 0x00, 0x00, 0x7D, 0xF0, 0x00,
    0x00, 0x1F, 0xBE, 0x00, 0x00, 0x03, 0xF7, 0xE0, 0x00, 0x00, 0x7E, 0xFC, 0x00, 0x00, 0x0F, 0x8F,
    0x80, 0x00, 0x03, 0xF1, 0xF8, 0x00, 0x00, 0x7E, 0x3F, 0x00, 0x00, 0x1F, 0x83, 0xF0, 0x00, 0x03,
    0xF0, 0x7F, 0x00, 0x00, 0xFC, 0x07, 0xF0, 0x00, 0x3F, 0x80, 0x7F, 0x80, 0x1F, 0xE0, 0x0F, 0xFC,
    0x1F, 0xF8, 0x00, 0xFF, 0xFF, 0xFE, 0x00, 0x07, 0xFF, 0xFF, 0x80, 0x00, 0x7F, 0xFF, 0xE0, 0x00,
    0x03, 0xFF, 0xF0, 0x00, 0x00, 0x0F, 0xF0, 0x00, 0x00, 0x00, 0x00, 0x1F, 0x00, 0x00, 0x00, 0x03,
    0xE0, 0x00, 0x00, 0x00, 0xFC, 0x00, 0x00, 0x00, 0x1F, 0x00, 0x00, 0x00, 0x07, 0xC0, 0x00, 0x00,
    0x00, 0xF8, 0x00, 0x00, 0x00, 0x3E, 0x00, 0x00, 0x00, 0x07, 0x80, 0x00, 0x00, 0x00, 0xF0, 0x00,
    0x00, 0x00, 0x00, 0x00, 0x00, 0x00, 0x00, 0x00, 0x00, 0x00, 0x00, 0xFC, 0x00, 0x00, 0x01, 0xFF,
    0xF0, 0x00, 0x00, 0xFF, 0xFF, 0x80, 0x00, 0x3F, 0xFF, 0xFC, 0x00, 0x0F, 0xFF, 0xFF, 0xC0, 0x03,
    0xFF, 0x0F, 0xFC, 0x00, 0xFF, 0x00, 0x3F, 0xC0, 0x3F, 0x80, 0x03, 0xFC, 0x0F, 0xE0, 0x00, 0x1F,
    0x81, 0xF8, 0x00, 0x01, 0xF8, 0x7E, 0x00, 0x00, 0x3F, 0x0F, 0xC0, 0x00, 0x03, 0xF1, 0xF0, 0x00,
    0x00, 0x7E, 0x7E, 0x00, 0x00, 0x07, 0xCF, 0xC0, 0x00, 0x00, 0xFD, 0xF0, 0x00, 0x00, 0x1F, 0xBE,
    0x00, 0x00, 0x03, 0xF7, 0xC0, 0x00, 0x00, 0x3E, 0xF8, 0x00, 0x00, 0x07, 0xDF, 0x00, 0x00, 0x00,
    0xFB, 0xE0, 0x00, 0x00, 0x1F, 0x7C, 0x00, 0x00, 0x03, 0xEF, 0x80, 0x00, 0x00, 0x7D, 0xF0, 0x00,
    0x00, 0x1F, 0xBE, 0x00, 0x00, 0x03, 0xF7, 0xE0, 0x00, 0x00, 0x7E, 0xFC, 0x00, 0x00, 0x0F, 0x8F,
    0x80, 0x00, 0x03, 0xF1, 0xF8, 0x00, 0x00, 0x7E, 0x3F, 0x00, 0x00, 0x1F, 0x83, 0xF0, 0x00, 0x03,
    0xF0, 0x7F, 0x00, 0x00, 0xFC, 0x07, 0xF0, 0x00, 0x3F, 0x80, 0x7F, 0x80, 0x1F, 0xE0, 0x0F, 0xFC,
    0x1F, 0xF8, 0x00, 0xFF, 0xFF, 0xFE, 0x00, 0x07, 0xFF, 0xFF, 0x80, 0x00, 0x7F, 0xFF, 0xE0, 0x00,
    0x03, 0xFF, 0xF0, 0x00, 0x00, 0x0F, 0xF0, 0x00, 0x00, 0x00, 0x00, 0xF0, 0x00, 0x00, 0x00, 0x3F,
    0x00, 0x00, 0x00, 0x0F, 0xF0, 0x00, 0x00, 0x03, 0xFF, 0x00, 0x00, 0x00, 0xFB, 0xF0, 0x00, 0x00,
    0x3E, 0x3F, 0x00, 0x00, 0x0F, 0xC3, 0xE0, 0x00, 0x01, 0xF0, 0x3E, 0x00, 0x00, 0x00, 0x00, 0x00,
    0x00, 0x00, 0x00, 0x00, 0x00, 0x00, 0x00, 0x00, 0x00, 0x00, 0x00, 0xFC, 0x00, 0x00, 0x01, 0xFF,
    0xF0, 0x00, 0x00, 0xFF, 0xFF, 0x80, 0x00, 0x3F, 0xFF, 0xFC, 0x00, 0x0F, 0xFF, 0xFF, 0xC0, 0x03,
    0xFF, 0x0F, 0xFC, 0x00, 0xFF, 0x00, 0x3F, 0xC0, 0x3F, 0x80, 0x03, 0xFC, 0x0F, 0xE0, 0x00, 0x1F,
    0x81, 0xF8, 0x00, 0x01, 0xF8, 0x7E, 0x00, 0x00, 0x3F, 0x0F, 0xC0, 0x00, 0x03, 0xF1, 0xF0, 0x00,
    0x00, 0x7E, 0x7E, 0x00, 0x00, 0x07, 0xCF, 0xC0, 0x00, 0x00, 0xFD, 0xF0, 0x00, 0x00, 0x1F, 0xBE,
    0x00, 0x00, 0x03, 0xF7, 0xC0, 0x00, 0x00, 0x3E, 0xF8, 0x00, 0x00, 0x07, 0xDF, 0x00, 0x00, 0x00,
    0xFB, 0xE0, 0x00, 0x00, 0x1F, 0x7C, 0x00, 0x00, 0x03, 0xEF, 0x80, 0x00, 0x00, 0x7D, 0xF0, 0x00,
    0x00, 0x1F, 0xBE, 0x00, 0x00, 0x03, 0xF7, 0xE0, 0x00, 0x00, 0x7E, 0xFC, 0x00, 0x00, 0x0F, 0x8F,
    0x80, 0x00, 0x03, 0xF1, 0xF8, 0x00, 0x00, 0x7E, 0x3F, 0x00, 0x00, 0x1F, 0x83, 0xF0, 0x00, 0x03,
    0xF0, 0x7F, 0x00, 0x00, 0xFC, 0x07, 0xF0, 0x00, 0x3F, 0x80, 0x7F, 0x80, 0x1F, 0xE0, 0x0F, 0xFC,
    0x1F, 0xF8, 0x00, 0xFF, 0xFF, 0xFE, 0x00, 0x07, 0xFF, 0xFF, 0x80, 0x00, 0x7F, 0xFF, 0xE0, 0x00,
    0x03, 0xFF, 0xF0, 0x00, 0x00, 0x0F, 0xF0, 0x00, 0x00, 0x00, 0x07, 0x03, 0x80, 0x00, 0x01, 0xF8,
    0x70, 0x00, 0x00, 0x7F, 0xFE, 0x00, 0x00, 0x1F, 0xFF, 0xC0, 0x00, 0x03, 0xCF, 0xF0, 0x00, 0x00,
    0x78, 0x7E, 0x00, 0x00, 0x00, 0x00, 0x00, 0x00, 0x00, 0x00, 0x00, 0x00, 0x00, 0x00, 0x00, 0x00,
    0x00, 0x00, 0x00, 0x00, 0x00, 0x00, 0x07, 0xE0, 0x00, 0x00, 0x0F, 0xFF, 0x80, 0x00, 0x07, 0xFF,
    0xFC, 0x00, 0x01, 0xFF, 0xFF, 0xE0, 0x00, 0x7F, 0xFF, 0xFE, 0x00, 0x1F, 0xF8, 0x7F, 0xE0, 0x07,
    0xF8, 0x01, 0xFE, 0x01, 0xFC, 0x00, 0x1F, 0xE0, 0x7F, 0x00, 0x00, 0xFC, 0x0F, 0xC0, 0x00, 0x0F,
    0xC3, 0xF0, 0x00, 0x01, 0xF8, 0x7E, 0x00, 0x00, 0x1F, 0x8F, 0x80, 0x00, 0x03, 0xF3, 0xF0, 0x00,
    0x00, 0x3E, 0x7E, 0x00, 0x00, 0x07, 0xEF, 0x80, 0x00, 0x00, 0xFD, 0xF0, 0x00, 0x00, 0x1F, 0xBE,
    0x00, 0x00, 0x01, 0xF7, 0xC0, 0x00, 0x00, 0x3E, 0xF8, 0x00, 0x00, 0x07, 0xDF, 0x00, 0x00, 0x00,
    0xFB, 0xE0, 0x00, 0x00, 0x1F, 0x7C, 0x00, 0x00, 0x03, 0xEF, 0x80, 0x00, 0x00, 0xFD, 0xF0, 0x00,
    0x00, 0x1F, 0xBF, 0x00, 0x00, 0x03, 0xF7, 0xE0, 0x00, 0x00, 0x7C, 0x7C, 0x00, 0x00, 0x1F, 0x8F,
    0xC0, 0x00, 0x03, 0xF1, 0xF8, 0x00, 0x00, 0xFC, 0x1F, 0x80, 0x00, 0x1F, 0x83, 0xF8, 0x00, 0x07,
    0xE0, 0x3F, 0x80, 0x01, 0xFC, 0x03, 0xFC, 0x00, 0xFF, 0x00, 0x7F, 0xE0, 0xFF, 0xC0, 0x07, 0xFF,
    0xFF, 0xF0, 0x00, 0x3F, 0xFF, 0xFC, 0x00, 0x03, 0xFF, 0xFF, 0x00, 0x00, 0x1F, 0xFF, 0x80, 0x00,
    0x00, 0x7F, 0x80, 0x00, 0x00, 0x3E, 0x07, 0x80, 0x00, 0x07, 0xC1, 0xF8, 0x00, 0x01, 0xFC, 0x3F,
    0x00, 0x00, 0x3F, 0x87, 0xF0, 0x00, 0x07, 0xF0, 0xFC, 0x00, 0x00, 0x7C, 0x0F, 0x80, 0x00, 0x00,
    0x00, 0x00, 0x00, 0x00, 0x00, 0x00, 0x00, 0x00, 0x00, 0x00, 0x00, 0x00, 0x00, 0x00, 0x00, 0x00,
    0x00, 0x07, 0xE0, 0x00, 0x00, 0x0F, 0xFF, 0x80, 0x00, 0x07, 0xFF, 0xFC, 0x00, 0x01, 0xFF, 0xFF,
    0xE0, 0x00, 0x7F, 0xFF, 0xFE, 0x00, 0x1F, 0xF8, 0x7F, 0xE0, 0x07, 0xF8, 0x01, 0xFE, 0x01, 0xFC,
    0x00, 0x1F, 0xE0, 0x7F, 0x00, 0x00, 0xFC, 0x0F, 0xC0, 0x00, 0x0F, 0xC3, 0xF0, 0x00, 0x01, 0xF8,
    0x7E, 0x00, 0x00, 0x1F, 0x8F, 0x80, 0x00, 0x03, 0xF3, 0xF0, 0x00, 0x00, 0x3E, 0x7E, 0x00, 0x00,
    0x07, 0xEF, 0x80, 0x00, 0x00, 0xFD, 0xF0, 0x00, 0x00, 0x1F, 0xBE, 0x00, 0x00, 0x01, 0xF7, 0xC0,
    0x00, 0x00, 0x3E, 0xF8, 0x00, 0x00, 0x07, 0xDF, 0x00, 0x00, 0x00, 0xFB, 0xE0, 0x00, 0x00, 0x1F,
    0x7C, 0x00, 0x00, 0x03, 0xEF, 0x80, 0x00, 0x00, 0xFD, 0xF0, 0x00, 0x00, 0x1F, 0xBF, 0x00, 0x00,
    0x03, 0xF7, 0xE0, 0x00, 0x00, 0x7C, 0x7C, 0x00, 0x00, 0x1F, 0x8F, 0xC0, 0x00, 0x03, 0xF1, 0xF8,
    0x00, 0x00, 0xFC, 0x1F, 0x80, 0x00, 0x1F, 0x83, 0xF8, 0x00, 0x07, 0xE0, 0x3F, 0x80, 0x01, 0xFC,
    0x03, 0xFC, 0x00, 0xFF, 0x00, 0x7F, 0xE0, 0xFF, 0xC0, 0x07, 0xFF, 0xFF, 0xF0, 0x00, 0x3F, 0xFF,
    0xFC, 0x00, 0x03, 0xFF, 0xFF, 0x00, 0x00, 0x1F, 0xFF, 0x80, 0x00, 0x00, 0x7F, 0x80, 0x00, 0x30,
    0x00, 0x0C, 0x3C, 0x00, 0x0F, 0x3F, 0x00, 0x0F, 0xDF, 0xC0, 0x0F, 0xE7, 0xF0, 0x0F, 0xE1, 0xFC,
    0x0F, 0xE0, 0x7F, 0x0F, 0xE0, 0x1F, 0xCF, 0xE0, 0x07, 0xFF, 0xE0, 0x01, 0xFF, 0xE0, 0x00, 0x7F,
    0xE0, 0x00, 0x1F, 0xE0, 0x00, 0x0F, 0xF0, 0x00, 0x0F, 0xFC, 0x00, 0x0F, 0xFF, 0x00, 0x0F, 0xFF,
    0xC0, 0x0F, 0xE7, 0xF0, 0x0F, 0xE1, 0xFC, 0x0F, 0xE0, 0x7F, 0x0F, 0xE0, 0x1F, 0xCF, 0xE0, 0x07,
    0xF7, 0xE0, 0x01, 0xF9, 0xE0, 0x00, 0x78, 0x60, 0x00, 0x18, 0x00, 0x00, 0x00, 0x00, 0x00, 0x00,
    0x00, 0x00, 0x00, 0x00, 0x3F, 0x00, 0xC0, 0x00, 0x7F, 0xFC, 0x3E, 0x00, 0x3F, 0xFF, 0xE7, 0xC0,
    0x0F, 0xFF, 0xFF, 0xF8, 0x03, 0xFF, 0xFF, 0xFE, 0x00, 0xFF, 0xC3, 0xFF, 0x80, 0x3F, 0xC0, 0x0F,
    0xF0, 0x0F, 0xE0, 0x00, 0xFF, 0x03, 0xF8, 0x00, 0x3F, 0xE0, 0x7E, 0x00, 0x07, 0xFE, 0x1F, 0x80,
    0x01, 0xFF, 0xC3, 0xF0, 0x00, 0x7E, 0xFC, 0x7C, 0x00, 0x1F, 0x9F, 0x9F, 0x80, 0x03, 0xF1, 0xF3,
    0xF0, 0x00, 0xFC, 0x3F, 0x7C, 0x00, 0x3F, 0x07, 0xEF, 0x80, 0x0F, 0xC0, 0xFD, 0xF0, 0x01, 0xF8,
    0x0F, 0xBE, 0x00, 0x7E, 0x01, 0xF7, 0xC0, 0x1F, 0x80, 0x3E, 0xF8, 0x03, 0xE0, 0x07, 0xDF, 0x00,
    0xFC, 0x00, 0xFB, 0xE0, 0x3F, 0x00, 0x1F, 0x7C, 0x0F, 0xC0, 0x07, 0xEF, 0x81, 0xF8, 0x00, 0xFD,
    0xF8, 0x7E, 0x00, 0x1F, 0xBF, 0x1F, 0x80, 0x03, 0xE3, 0xE7, 0xE0, 0x00, 0xFC, 0x7E, 0xFC, 0x00,
    0x1F, 0x8F, 0xFF, 0x00, 0x07, 0xE0, 0xFF, 0xC0, 0x00, 0xFC, 0x1F, 0xF0, 0x00, 0x3F, 0x01, 0xFE,
    0x00, 0x0F, 0xE0, 0x1F, 0xE0, 0x07, 0xF8, 0x07, 0xFF, 0x07, 0xFE, 0x00, 0xFF, 0xFF, 0xFF, 0x80,
    0x3F, 0xFF, 0xFF, 0xE0, 0x0F, 0xDF, 0xFF, 0xF8, 0x00, 0xF0, 0xFF, 0xFC, 0x00, 0x0E, 0x03, 0xFC,
    0x00, 0x00, 0x00, 0x00, 0x00, 0x00, 0x00, 0x7C, 0x00, 0x00, 0x01, 0xF0, 0x00, 0x00, 0x07, 0xE0,
    0x00, 0x00, 0x0F, 0x80, 0x00, 0x00, 0x3F, 0x00, 0x00, 0x00, 0x7C, 0x00, 0x00, 0x00, 0xF8, 0x00,
    0x00, 0x03, 0xE0, 0x00, 0x00, 0x07, 0x80, 0x00, 0x00, 0x00, 0x00, 0x00, 0x00, 0x00, 0x00, 0x00,
    0x00, 0x00, 0x00, 0xF8, 0x00, 0x00, 0x7F, 0xF0, 0x00, 0x01, 0xFF, 0xC0, 0x00, 0x07, 0xFF, 0x00,
    0x00, 0x1F, 0xFC, 0x00, 0x00, 0x7F, 0xF0, 0x00, 0x01, 0xFF, 0xC0, 0x00, 0x07, 0xFF, 0x00, 0x00,
    0x1F, 0xFC, 0x00, 0x00, 0x7F, 0xF0, 0x00, 0x01, 0xFF, 0xC0, 0x00, 0x07, 0xFF, 0x00, 0x00, 0x1F,
    0xFC, 0x00, 0x00, 0x7F, 0xF0, 0x00, 0x01, 0xFF, 0xC0, 0x00, 0x07, 0xFF, 0x00, 0x00, 0x1F, 0xFC,
    0x00, 0x00, 0x7F, 0xF0, 0x00, 0x01, 0xFF, 0xC0, 0x00, 0x07, 0xFF, 0x00, 0x00, 0x1F, 0xFC, 0x00,
    0x00, 0x7F, 0xF0, 0x00, 0x01, 0xFF, 0xC0, 0x00, 0x07, 0xFF, 0x00, 0x00, 0x1F, 0xFC, 0x00, 0x00,
    0x7F, 0xF0, 0x00, 0x01, 0xFF, 0xC0, 0x00, 0x07, 0xFF, 0x00, 0x00, 0x3F, 0xFC, 0x00, 0x00, 0xFD,
    0xF8, 0x00, 0x03, 0xF7, 0xE0, 0x00, 0x1F, 0x9F, 0xC0, 0x00, 0xFE, 0x3F, 0xC0, 0x07, 0xF0, 0x7F,
    0xC0, 0xFF, 0xC0, 0xFF, 0xFF, 0xFE, 0x01, 0xFF, 0xFF, 0xF0, 0x03, 0xFF, 0xFF, 0x00, 0x03, 0xFF,
    0xF0, 0x00, 0x01, 0xFF, 0x00, 0x00, 0x00, 0x00, 0x7C, 0x00, 0x00, 0x03, 0xF0, 0x00, 0x00, 0x1F,
    0x80, 0x00, 0x00, 0x7C, 0x00, 0x00, 0x01, 0xF0, 0x00, 0x00, 0x0F, 0x80, 0x00, 0x00, 0x3C, 0x00,
    0x00, 0x01, 0xF0, 0x00, 0x00, 0x07, 0x80, 0x00, 0x00, 0x00, 0x00, 0x00, 0x00, 0x00, 0x00, 0x00,
    0x00, 0x00, 0x00, 0xF8, 0x00, 0x00, 0x7F, 0xF0, 0x00, 0x01, 0xFF, 0xC0, 0x00, 0x07, 0xFF, 0x00,
    0x00, 0x1F, 0xFC, 0x00, 0x00, 0x7F, 0xF0, 0x00, 0x01, 0xFF, 0xC0, 0x00, 0x07, 0xFF, 0x00, 0x00,
    0x1F, 0xFC, 0x00, 0x00, 0x7F, 0xF0, 0x00, 0x01, 0xFF, 0xC0, 0x00, 0x07, 0xFF, 0x00, 0x00, 0x1F,
    0xFC, 0x00, 0x00, 0x7F, 0xF0, 0x00, 0x01, 0xFF, 0xC0, 0x00, 0x07, 0xFF, 0x00, 0x00, 0x1F, 0xFC,
    0x00, 0x00, 0x7F, 0xF0, 0x00, 0x01, 0xFF, 0xC0, 0x00, 0x07, 0xFF, 0x00, 0x00, 0x1F, 0xFC, 0x00,
    0x00, 0x7F, 0xF0, 0x00, 0x01, 0xFF, 0xC0, 0x00, 0x07, 0xFF, 0x00, 0x00, 0x1F, 0xFC, 0x00, 0x00,
    0x7F, 0xF0, 0x00, 0x01, 0xFF, 0xC0, 0x00, 0x07, 0xFF, 0x00, 0x00, 0x3F, 0xFC, 0x00, 0x00, 0xFD,
    0xF8, 0x00, 0x03, 0xF7, 0xE0, 0x00, 0x1F, 0x9F, 0xC0, 0x00, 0xFE, 0x3F, 0xC0, 0x07, 0xF0, 0x7F,
    0xC0, 0xFF, 0xC0, 0xFF, 0xFF, 0xFE, 0x01, 0xFF, 0xFF, 0xF0, 0x03, 0xFF, 0xFF, 0x00, 0x03, 0xFF,
    0xF0, 0x00, 0x01, 0xFF, 0x00, 0x00, 0x00, 0x07, 0x80, 0x00, 0x00, 0x3F, 0x00, 0x00, 0x01, 0xFE,
    0x00, 0x00, 0x0F, 0xFC, 0x00, 0x00, 0x7E, 0xF8, 0x00, 0x03, 0xF3, 0xF0, 0x00, 0x1F, 0x87, 0xE0,
    0x00, 0x7C, 0x0F, 0x80, 0x00, 0x00, 0x00, 0x00, 0x00, 0x00, 0x00, 0x00, 0x00, 0x00, 0x00, 0x00,
    0x00, 0x00, 0x00, 0xF8, 0x00, 0x00, 0x7F, 0xF0, 0x00, 0x01, 0xFF, 0xC0, 0x00, 0x07, 0xFF, 0x00,
    0x00, 0x1F, 0xFC, 0x00, 0x00, 0x7F, 0xF0, 0x00, 0x01, 0xFF, 0xC0, 0x00, 0x07, 0xFF, 0x00, 0x00,
    0x1F, 0xFC, 0x00, 0x00, 0x7F, 0xF0, 0x00, 0x01, 0xFF, 0xC0, 0x00, 0x07, 0xFF, 0x00, 0x00, 0x1F,
    0xFC, 0x00, 0x00, 0x7F, 0xF0, 0x00, 0x01, 0xFF, 0xC0, 0x00, 0x07, 0xFF, 0x00, 0x00, 0x1F, 0xFC,
    0x00, 0x00, 0x7F, 0xF0, 0x00, 0x01, 0xFF, 0xC0, 0x00, 0x07, 0xFF, 0x00, 0x00, 0x1F, 0xFC, 0x00,
    0x00, 0x7F, 0xF0, 0x00, 0x01, 0xFF, 0xC0, 0x00, 0x07, 0xFF, 0x00, 0x00, 0x1F, 0xFC, 0x00, 0x00,
    0x7F, 0xF0, 0x00, 0x01, 0xFF, 0xC0, 0x00, 0x07, 0xFF, 0x00, 0x00, 0x3F, 0xFC, 0x00, 0x00, 0xFD,
    0xF8, 0x00, 0x03, 0xF7, 0xE0, 0x00, 0x1F, 0x9F, 0xC0, 0x00, 0xFE, 0x3F, 0xC0, 0x07, 0xF0, 0x7F,
    0xC0, 0xFF, 0xC0, 0xFF, 0xFF, 0xFE, 0x01, 0xFF, 0xFF, 0xF0, 0x03, 0xFF, 0xFF, 0x00, 0x03, 0xFF,
    0xF0, 0x00, 0x01, 0xFF, 0x00, 0x00, 0x00, 0xF0, 0x3E, 0x00, 0x07, 0xE0, 0xF8, 0x00, 0x1F, 0x87,
    0xF0, 0x00, 0xFE, 0x1F, 0xC0, 0x01, 0xF8, 0x7F, 0x00, 0x07, 0xC0, 0xF8, 0x00, 0x00, 0x00, 0x00,
    0x00, 0x00, 0x00, 0x00, 0x00, 0x00, 0x00, 0x00, 0x00, 0x00, 0x00, 0x00, 0x00, 0x00, 0x00, 0x3E,
    0x00, 0x00, 0x1F, 0xFC, 0x00, 0x00, 0x7F, 0xF0, 0x00, 0x01, 0xFF, 0xC0, 0x00, 0x07, 0xFF, 0x00,
    0x00, 0x1F, 0xFC, 0x00, 0x00, 0x7F, 0xF0, 0x00, 0x01, 0xFF, 0xC0, 0x00, 0x07, 0xFF, 0x00, 0x00,
    0x1F, 0xFC, 0x00, 0x00, 0x7F, 0xF0, 0x00, 0x01, 0xFF, 0xC0, 0x00, 0x07, 0xFF, 0x00, 0x00, 0x1F,
    0xFC, 0x00, 0x00, 0x7F, 0xF0, 0x00, 0x01, 0xFF, 0xC0, 0x00, 0x07, 0xFF, 0x00, 0x00, 0x1F, 0xFC,
    0x00, 0x00, 0x7F, 0xF0, 0x00, 0x01, 0xFF, 0xC0, 0x00, 0x07, 0xFF, 0x00, 0x00, 0x1F, 0xFC, 0x00,
    0x00, 0x7F, 0xF0, 0x00, 0x01, 0xFF, 0xC0, 0x00, 0x07, 0xFF, 0x00, 0x00, 0x1F, 0xFC, 0x00, 0x00,
    0x7F, 0xF0, 0x00, 0x01, 0xFF, 0xC0, 0x00, 0x0F, 0xFF, 0x00, 0x00, 0x3F, 0x7E, 0x00, 0x00, 0xFD,
    0xF8, 0x00, 0x07, 0xE7, 0xF0, 0x00, 0x3F, 0x8F, 0xF0, 0x01, 0xFC, 0x1F, 0xF0, 0x3F, 0xF0, 0x3F,
    0xFF, 0xFF, 0x80, 0x7F, 0xFF, 0xFC, 0x00, 0xFF, 0xFF, 0xC0, 0x00, 0xFF, 0xFC, 0x00, 0x00, 0x7F,
    0xC0, 0x00, 0x00, 0x00, 0x3E, 0x00, 0x00, 0x00, 0x3F, 0x00, 0x00, 0x00, 0x1F, 0x00, 0x00, 0x00,
    0x1F, 0x80, 0x00, 0x00, 0x0F, 0x80, 0x00, 0x00, 0x0F, 0x80, 0x00, 0x00, 0x07, 0xC0, 0x00, 0x00,
    0x07, 0xC0, 0x00, 0x00, 0x03, 0xC0, 0x00, 0x00, 0x00, 0x00, 0x00, 0x00, 0x00, 0x00, 0x00, 0x00,
    0x00, 0x00, 0x00, 0x0F, 0xC0, 0x00, 0x01, 0xFB, 0xF0, 0x00, 0x01, 0xF9, 0xFC, 0x00, 0x01, 0xFC,
    0x7E, 0x00, 0x00, 0xFC, 0x3F, 0x80, 0x00, 0xFC, 0x0F, 0xC0, 0x00, 0x7E, 0x03, 0xF0, 0x00, 0x7E,
    0x01, 0xFC, 0x00, 0x7F, 0x00, 0x7E, 0x00, 0x3F, 0x00, 0x1F, 0x80, 0x3F, 0x00, 0x0F, 0xC0, 0x3F,
    0x80, 0x03, 0xF0, 0x1F, 0x80, 0x01, 0xFC, 0x1F, 0x80, 0x00, 0x7E, 0x0F, 0xC0, 0x00, 0x1F, 0x8F,
    0xC0, 0x00, 0x0F, 0xC7, 0xE0, 0x00, 0x03, 0xF7, 0xE0, 0x00, 0x00, 0xFF, 0xE0, 0x00, 0x00, 0x7F,
    0xF0, 0x00, 0x00, 0x1F, 0xF0, 0x00, 0x00, 0x0F, 0xF8, 0x00, 0x00, 0x03, 0xF8, 0x00, 0x00, 0x00,
    0xF8, 0x00, 0x00, 0x00, 0x7C, 0x00, 0x00, 0x00, 0x3E, 0x00, 0x00, 0x00, 0x1F, 0x00, 0x00, 0x00,
    0x0F, 0x80, 0x00, 0x00, 0x07, 0xC0, 0x00, 0x00, 0x03, 0xE0, 0x00, 0x00, 0x01, 0xF0, 0x00, 0x00,
    0x00, 0xF8, 0x00, 0x00, 0x00, 0x7C, 0x00, 0x00, 0x00, 0x3E, 0x00, 0x00, 0x00, 0x1F, 0x00, 0x00,
    0x00, 0x0F, 0x80, 0x00, 0x00, 0x07, 0xC0, 0x00, 0x00, 0x03, 0xE0, 0x00, 0x00, 0x01, 0xF0, 0x00,
    0x00, 0xF8, 0x00, 0x00, 0x7C, 0x00, 0x00, 0x3E, 0x00, 0x00, 0x1F, 0x00, 0x00, 0x0F, 0x80, 0x00,
    0x07, 0xC0, 0x00, 0x03, 0xE0, 0x00, 0x01, 0xF0, 0x00, 0x00, 0xFF, 0xFF, 0xC0, 0x7F, 0xFF, 0xF8,
    0x3F, 0xFF, 0xFE, 0x1F, 0xFF, 0xFF, 0x8F, 0x80, 0x7F, 0xE7, 0xC0, 0x03, 0xFB, 0xE0, 0x00, 0xFD,
    0xF0, 0x00, 0x3F, 0xF8, 0x00, 0x1F, 0xFC, 0x00, 0x07, 0xFE, 0x00, 0x03, 0xFF, 0x00, 0x01, 0xFF,
    0x80, 0x00, 0xFF, 0xC0, 0x00, 0xFF, 0xE0, 0x00, 0x7D, 0xF0, 0x00, 0x7E, 0xF8, 0x00, 0xFF, 0x7F,
    0xFF, 0xFF, 0x3F, 0xFF, 0xFF, 0x1F, 0xFF, 0xFF, 0x0F, 0xFF, 0xFE, 0x07, 0xFF, 0xFC, 0x03, 0xE0,
    0x00, 0x01, 0xF0, 0x00, 0x00, 0xF8, 0x00, 0x00, 0x7C, 0x00, 0x00, 0x3E, 0x00, 0x00, 0x1F, 0x00,
    0x00, 0x0F, 0x80, 0x00, 0x07, 0xC0, 0x00, 0x00, 0x00, 0x7C, 0x00, 0x01, 0xFF, 0xC0, 0x03, 0xFF,
    0xF8, 0x03, 0xFF, 0xFE, 0x03, 0xFF, 0xFF, 0x83, 0xFC, 0x1F, 0xE1, 0xF8, 0x03, 0xF1, 0xF8, 0x00,
    0xFC, 0xFC, 0x00, 0x7E, 0x7C, 0x00, 0x3F, 0x3E, 0x00, 0x0F, 0x9F, 0x00, 0x07, 0xCF, 0x80, 0x03,
    0xE7, 0xC0, 0x03, 0xF3, 0xE0, 0x01, 0xF1, 0xF0, 0x01, 0xF8, 0xF8, 0x01, 0xF8, 0x7C, 0x1F, 0xF8,
    0x3E, 0x1F, 0xF0, 0x1F, 0x0F, 0xFC, 0x0F, 0x87, 0xFF, 0x87, 0xC3, 0xFF, 0xE3, 0xE0, 0x07, 0xF9,
    0xF0, 0x00, 0xFE, 0xF8, 0x00, 0x1F, 0x7C, 0x00, 0x0F, 0xFE, 0x00, 0x03, 0xFF, 0x00, 0x01, 0xFF,
    0x80, 0x00, 0xFF, 0xC0, 0x00, 0x7F, 0xE0, 0x00, 0x3F, 0xF0, 0x00, 0x3F, 0xF8, 0x00, 0x1F, 0xFC,
    0x00, 0x3F, 0xBE, 0x0F, 0xFF, 0xDF, 0x0F, 0xFF, 0xCF, 0x87, 0xFF, 0xC7, 0xC3, 0xFF, 0xC3, 0xE1,
    0xFF, 0x80, 0x07, 0xC0, 0x00, 0x0F, 0xC0, 0x00, 0x0F, 0xC0, 0x00, 0x0F, 0x80, 0x00, 0x1F, 0x80,
    0x00, 0x1F, 0x00, 0x00, 0x1E, 0x00, 0x00, 0x3E, 0x00, 0x00, 0x3C, 0x00, 0x00, 0x00, 0x00, 0x00,
    0x00, 0x00, 0x03, 0xF8, 0x00, 0x3F, 0xFC, 0x01, 0xFF, 0xFE, 0x07, 0xFF, 0xFE, 0x1F, 0xFF, 0xFE,
    0x3F, 0x80, 0xFC, 0xFC, 0x00, 0xFD, 0xF0, 0x00, 0xF8, 0xE0, 0x01, 0xF0, 0x00, 0x03, 0xE0, 0x00,
    0x07, 0xC0, 0x00, 0x1F, 0x80, 0x1F, 0xFF, 0x03, 0xFF, 0xFE, 0x3F, 0xFF, 0xFC, 0xFF, 0xFF, 0xFB,
    0xFF, 0xE1, 0xF7, 0xF0, 0x03, 0xFF, 0x80, 0x07, 0xFF, 0x00, 0x0F, 0xFC, 0x00, 0x1F, 0xF8, 0x00,
    0x7F, 0xF0, 0x00, 0xFF, 0xF0, 0x03, 0xFB, 0xF0, 0x1F, 0xF7, 0xFF, 0xFF, 0xE7, 0xFF, 0xFF, 0xC7,
    0xFF, 0xEF, 0x87, 0xFF, 0x9F, 0x03, 0xF8, 0x00, 0x00, 0x03, 0xE0, 0x00, 0x0F, 0xC0, 0x00, 0x3F,
    0x00, 0x00, 0x7C, 0x00, 0x01, 0xF8, 0x00, 0x03, 0xE0, 0x00, 0x0F, 0x80, 0x00, 0x1F, 0x00, 0x00,
    0x3C, 0x00, 0x00, 0x00, 0x00, 0x00, 0x00, 0x00, 0x03, 0xF8, 0x00, 0x3F, 0xFC, 0x01, 0xFF, 0xFE,
    0x07, 0xFF, 0xFE, 0x1F, 0xFF, 0xFE, 0x3F, 0x80, 0xFC, 0xFC, 0x00, 0xFD, 0xF0, 0x00, 0xF8, 0xE0,
    0x01, 0xF0, 0x00, 0x03, 0xE0, 0x00, 0x07, 0xC0, 0x00, 0x1F, 0x80, 0x1F, 0xFF, 0x03, 0xFF, 0xFE,
    0x3F, 0xFF, 0xFC, 0xFF, 0xFF, 0xFB, 0xFF, 0xE1, 0xF7, 0xF0, 0x03, 0xFF, 0x80, 0x07, 0xFF, 0x00,
    0x0F, 0xFC, 0x00, 0x1F, 0xF8, 0x00, 0x7F, 0xF0, 0x00, 0xFF, 0xF0, 0x03, 0xFB, 0xF0, 0x1F, 0xF7,
    0xFF, 0xFF, 0xE7, 0xFF, 0xFF, 0xC7, 0xFF, 0xEF, 0x87, 0xFF, 0x9F, 0x03, 0xF8, 0x00, 0x00, 0x3C,
    0x00, 0x00, 0xFC, 0x00, 0x03, 0xFC, 0x00, 0x0F, 0xFC, 0x00, 0x3E, 0x7C, 0x00, 0xFC, 0xFC, 0x03,
    0xF0, 0xFC, 0x07, 0xC0, 0xF8, 0x00, 0x00, 0x00, 0x00, 0x00, 0x00, 0x00, 0x00, 0x00, 0x03, 0xF8,
    0x00, 0x3F, 0xFC, 0x01, 0xFF, 0xFE, 0x07, 0xFF, 0xFE, 0x1F, 0xFF, 0xFE, 0x3F, 0x80, 0xFC, 0xFC,
    0x00, 0xFD, 0xF0, 0x00, 0xF8, 0xE0, 0x01, 0xF0, 0x00, 0x03, 0xE0, 0x00, 0x07, 0xC0, 0x00, 0x1F,
    0x80, 0x1F, 0xFF, 0x03, 0xFF, 0xFE, 0x3F, 0xFF, 0xFC, 0xFF, 0xFF, 0xFB, 0xFF, 0xE1, 0xF7, 0xF0,
    0x03, 0xFF, 0x80, 0x07, 0xFF, 0x00, 0x0F, 0xFC, 0x00, 0x1F, 0xF8, 0x00, 0x7F, 0xF0, 0x00, 0xFF,
    0xF0, 0x03, 0xFB, 0xF0, 0x1F, 0xF7, 0xFF, 0xFF, 0xE7, 0xFF, 0xFF, 0xC7, 0xFF, 0xEF, 0x87, 0xFF,
    0x9F, 0x03, 0xF8, 0x00, 0x01, 0xE0, 0xF0, 0x07, 0xF1, 0xE0, 0x1F, 0xFF, 0x80, 0x3F, 0xFF, 0x00,
    0xFB, 0xFE, 0x01, 0xE1, 0xF8, 0x00, 0x00, 0x00, 0x00, 0x00, 0x00, 0x00, 0x00, 0x00, 0x00, 0x00,
    0x00, 0x01, 0xFC, 0x00, 0x1F, 0xFE, 0x00, 0xFF, 0xFF, 0x03, 0xFF, 0xFF, 0x0F, 0xFF, 0xFF, 0x1F,
    0xC0, 0x7E, 0x7E, 0x00, 0x7E, 0xF8, 0x00, 0x7C, 0x70, 0x00, 0xF8, 0x00, 0x01, 0xF0, 0x00, 0x03,
    0xE0, 0x00, 0x0F, 0xC0, 0x0F, 0xFF, 0x81, 0xFF, 0xFF, 0x1F, 0xFF, 0xFE, 0x7F, 0xFF, 0xFD, 0xFF,
    0xF0, 0xFB, 0xF8, 0x01, 0xFF, 0xC0, 0x03, 0xFF, 0x80, 0x07, 0xFE, 0x00, 0x0F, 0xFC, 0x00, 0x3F,
    0xF8, 0x00, 0x7F, 0xF8, 0x01, 0xFD, 0xF8, 0x0F, 0xFB, 0xFF, 0xFF, 0xF3, 0xFF, 0xFF, 0xE3, 0xFF,
    0xF7, 0xC3, 0xFF, 0xCF, 0x81, 0xFC, 0x00, 0x07, 0x81, 0xE0, 0x1F, 0x87, 0xE0, 0x7F, 0x0F, 0xE0,
    0xFE, 0x1F, 0xC0, 0xFC, 0x3F, 0x01, 0xF0, 0x3E, 0x00, 0x00, 0x00, 0x00, 0x00, 0x00, 0x00, 0x00,
    0x00, 0x00, 0x00, 0x00, 0x01, 0xFC, 0x00, 0x1F, 0xFE, 0x00, 0xFF, 0xFF, 0x03, 0xFF, 0xFF, 0x0F,
    0xFF, 0xFF, 0x1F, 0xC0, 0x7E, 0x7E, 0x00, 0x7E, 0xF8, 0x00, 0x7C, 0x70, 0x00, 0xF8, 0x00, 0x01,
    0xF0, 0x00, 0x03, 0xE0, 0x00, 0x0F, 0xC0, 0x0F, 0xFF, 0x81, 0xFF, 0xFF, 0x1F, 0xFF, 0xFE, 0x7F,
    0xFF, 0xFD, 0xFF, 0xF0, 0xFB, 0xF8, 0x01, 0xFF, 0xC0, 0x03, 0xFF, 0x80, 0x07, 0xFE, 0x00, 0x0F,
    0xFC, 0x00, 0x3F, 0xF8, 0x00, 0x7F, 0xF8, 0x01, 0xFD, 0xF8, 0x0F, 0xFB, 0xFF, 0xFF, 0xF3, 0xFF,
    0xFF, 0xE3, 0xFF, 0xF7, 0xC3, 0xFF, 0xCF, 0x81, 0xFC, 0x00, 0x00, 0x3C, 0x00, 0x01, 0xFE, 0x00,
    0x07, 0xFE, 0x00, 0x1F, 0xFE, 0x00, 0x7C, 0x3E, 0x00, 0xF8, 0x7C, 0x01, 0xE0, 0x78, 0x03, 0xC0,
    0xF0, 0x07, 0xC3, 0xE0, 0x07, 0xFF, 0x80, 0x0F, 0xFF, 0x00, 0x0F, 0xFC, 0x00, 0x07, 0xE0, 0x00,
    0x00, 0x00, 0x00, 0x1F, 0xC0, 0x01, 0xFF, 0xE0, 0x0F, 0xFF, 0xF0, 0x3F, 0xFF, 0xF0, 0xFF, 0xFF,
    0xF1, 0xFC, 0x07, 0xE7, 0xE0, 0x07, 0xEF, 0x80, 0x07, 0xC7, 0x00, 0x0F, 0x80, 0x00, 0x1F, 0x00,
    0x00, 0x3E, 0x00, 0x00, 0xFC, 0x00, 0xFF, 0xF8, 0x1F, 0xFF, 0xF1, 0xFF, 0xFF, 0xE7, 0xFF, 0xFF,
    0xDF, 0xFF, 0x0F, 0xBF, 0x80, 0x1F, 0xFC, 0x00, 0x3F, 0xF8, 0x00, 0x7F, 0xE0, 0x00, 0xFF, 0xC0,
    0x03, 0xFF, 0x80, 0x07, 0xFF, 0x80, 0x1F, 0xDF, 0x80, 0xFF, 0xBF, 0xFF, 0xFF, 0x3F, 0xFF, 0xFE,
    0x3F, 0xFF, 0x7C, 0x3F, 0xFC, 0xF8, 0x1F, 0xC0, 0x00, 0x00, 0x7E, 0x00, 0x0F, 0xC0, 0x00, 0x7F,
    0xF8, 0x0F, 0xFE, 0x00, 0x3F, 0xFF, 0xC7, 0xFF, 0xF0, 0x0F, 0xFF, 0xFD, 0xFF, 0xFF, 0x03, 0xFF,
    0xFF, 0xFF, 0xFF, 0xF0, 0x7F, 0x01, 0xFF, 0xC0, 0x7F, 0x1F, 0x80, 0x1F, 0xF0, 0x07, 0xE3, 0xE0,
    0x03, 0xFC, 0x00, 0x7E, 0x1C, 0x00, 0x3F, 0x00, 0x07, 0xC0, 0x00, 0x07, 0xE0, 0x00, 0xFC, 0x00,
    0x00, 0xF8, 0x00, 0x0F, 0x80, 0x00, 0x1F, 0x00, 0x01, 0xF0, 0x07, 0xFF, 0xFF, 0xFF, 0xFE, 0x0F,
    0xFF, 0xFF, 0xFF, 0xFF, 0xC7, 0xFF, 0xFF, 0xFF, 0xFF, 0xF9, 0xFF, 0xFF, 0xFF, 0xFF, 0xFF, 0x7F,
    0xFF, 0xFF, 0xFF, 0xFF, 0xEF, 0xE0, 0x07, 0xC0, 0x00, 0x03, 0xF0, 0x00, 0xF8, 0x00, 0x00, 0x7E,
    0x00, 0x1F, 0x00, 0x00, 0x0F, 0x80, 0x03, 0xF0, 0x00, 0x01, 0xF0, 0x00, 0xFE, 0x00, 0x0F, 0xBE,
    0x00, 0x1F, 0xE0, 0x01, 0xFF, 0xE0, 0x07, 0xFE, 0x00, 0x7E, 0x7E, 0x03, 0xFF, 0xE0, 0x3F, 0xCF,
    0xFF, 0xFE, 0xFF, 0xFF, 0xF0, 0xFF, 0xFF, 0x8F, 0xFF, 0xFC, 0x0F, 0xFF, 0xE0, 0xFF, 0xFF, 0x00,
    0xFF, 0xF0, 0x07, 0xFF, 0x80, 0x03, 0xF8, 0x00, 0x3F, 0xC0, 0x00, 0x00, 0x3F, 0x00, 0x00, 0xFF,
    0xF0, 0x00, 0xFF, 0xFE, 0x00, 0xFF, 0xFF, 0x80, 0xFF, 0xFF, 0xE0, 0xFE, 0x07, 0xF8, 0xFE, 0x00,
    0xFC, 0x7E, 0x00, 0x3F, 0x7E, 0x00, 0x0F, 0xBF, 0x00, 0x07, 0x1F, 0x00, 0x00, 0x1F, 0x80, 0x00,
    0x0F, 0xC0, 0x00, 0x07, 0xE0, 0x00, 0x03, 0xE0, 0x00, 0x01, 0xF0, 0x00, 0x00, 0xF8, 0x00, 0x00,
    0x7E, 0x00, 0x00, 0x3F, 0x00, 0x00, 0x0F, 0x80, 0x00, 0x07, 0xC0, 0x00, 0xE3, 0xF0, 0x00, 0x7C,
    0xFC, 0x00, 0x7E, 0x7F, 0x00, 0x7E, 0x1F, 0xC0, 0x7F, 0x0F, 0xFF, 0xFF, 0x03, 0xFF, 0xFF, 0x00,
    0x7F, 0xFF, 0x00, 0x1F, 0xFE, 0x00, 0x01, 0xFC, 0x00, 0x00, 0x78, 0x00, 0x00, 0x3F, 0x80, 0x00,
    0x1F, 0xE0, 0x00, 0x0F, 0xF0, 0x00, 0x00, 0x7C, 0x00, 0x00, 0x1E, 0x00, 0x00, 0x3F, 0x00, 0x01,
    0xFF, 0x00, 0x00, 0xFF, 0x80, 0x00, 0x7F, 0x00, 0x03, 0xE0, 0x00, 0x00, 0xFC, 0x00, 0x00, 0x1F,
    0x80, 0x00, 0x03, 0xE0, 0x00, 0x00, 0xFC, 0x00, 0x00, 0x1F, 0x00, 0x00, 0x03, 0xE0, 0x00, 0x00,
    0xF8, 0x00, 0x00, 0x1E, 0x00, 0x00, 0x00, 0x00, 0x00, 0x00, 0x00, 0x00, 0x00, 0xFC, 0x00, 0x01,
    0xFF, 0xE0, 0x00, 0xFF, 0xFE, 0x00, 0xFF, 0xFF, 0xC0, 0x3F, 0xFF, 0xF8, 0x1F, 0xC0, 0xFE, 0x0F,
    0xC0, 0x0F, 0xC3, 0xE0, 0x01, 0xF9, 0xF8, 0x00, 0x7E, 0x7C, 0x00, 0x0F, 0x9F, 0x00, 0x03, 0xEF,
    0xC0, 0x00, 0xFF, 0xFF, 0xFF, 0xFF, 0xFF, 0xFF, 0xFF, 0xFF, 0xFF, 0xFF, 0xFF, 0xFF, 0xFF, 0xFF,
    0xFF, 0xFF, 0xFF, 0xF8, 0x00, 0x00, 0x3F, 0x00, 0x00, 0x07, 0xC0, 0x00, 0x01, 0xF0, 0x00, 0x00,
    0x7E, 0x00, 0x0F, 0x0F, 0x80, 0x07, 0xE3, 0xF0, 0x01, 0xF8, 0x7F, 0x01, 0xFC, 0x1F, 0xFF, 0xFF,
    0x03, 0xFF, 0xFF, 0x80, 0x3F, 0xFF, 0xC0, 0x07, 0xFF, 0xC0, 0x00, 0x3F, 0x80, 0x00, 0x00, 0x01,
    0xF0, 0x00, 0x00, 0xFC, 0x00, 0x00, 0x7E, 0x00, 0x00, 0x1F, 0x00, 0x00, 0x0F, 0xC0, 0x00, 0x03,
    0xE0, 0x00, 0x01, 0xF0, 0x00, 0x00, 0x7C, 0x00, 0x00, 0x1E, 0x00, 0x00, 0x00, 0x00, 0x00, 0x00,
    0x00, 0x00, 0x00, 0xFC, 0x00, 0x01, 0xFF, 0xE0, 0x00, 0xFF, 0xFE, 0x00, 0xFF, 0xFF, 0xC0, 0x3F,
    0xFF, 0xF8, 0x1F, 0xC0, 0xFE, 0x0F, 0xC0, 0x0F, 0xC3, 0xE0, 0x01, 0xF9, 0xF8, 0x00, 0x7E, 0x7C,
    0x00, 0x0F, 0x9F, 0x00, 0x03, 0xEF, 0xC0, 0x00, 0xFF, 0xFF, 0xFF, 0xFF, 0xFF, 0xFF, 0xFF, 0xFF,
    0xFF, 0xFF, 0xFF, 0xFF, 0xFF, 0xFF, 0xFF, 0xFF, 0xFF, 0xF8, 0x00, 0x00, 0x3F, 0x00, 0x00, 0x07,
    0xC0, 0x00, 0x01, 0xF0, 0x00, 0x00, 0x7E, 0x00, 0x0F, 0x0F, 0x80, 0x07, 0xE3, 0xF0, 0x01, 0xF8,
    0x7F, 0x01, 0xFC, 0x1F, 0xFF, 0xFF, 0x03, 0xFF, 0xFF, 0x80, 0x3F, 0xFF, 0xC0, 0x07, 0xFF, 0xC0,
    0x00, 0x3F, 0x80, 0x00, 0x00, 0x1E, 0x00, 0x00, 0x0F, 0xC0, 0x00, 0x07, 0xF8, 0x00, 0x03, 0xFF,
    0x00, 0x01, 0xFB, 0xE0, 0x00, 0xFC, 0xFC, 0x00, 0x7E, 0x1F, 0x80, 0x1F, 0x03, 0xE0, 0x00, 0x00,
    0x00, 0x00, 0x00, 0x00, 0x00, 0x00, 0x00, 0x00, 0x00, 0xFC, 0x00, 0x01, 0xFF, 0xE0, 0x00, 0xFF,
    0xFE, 0x00, 0xFF, 0xFF, 0xC0, 0x3F, 0xFF, 0xF8, 0x1F, 0xC0, 0xFE, 0x0F, 0xC0, 0x0F, 0xC3, 0xE0,
    0x01, 0xF9, 0xF8, 0x00, 0x7E, 0x7C, 0x00, 0x0F, 0x9F, 0x00, 0x03, 0xEF, 0xC0, 0x00, 0xFF, 0xFF,
    0xFF, 0xFF, 0xFF, 0xFF, 0xFF, 0xFF, 0xFF, 0xFF, 0xFF, 0xFF, 0xFF, 0xFF, 0xFF, 0xFF, 0xFF, 0xF8,
    0x00, 0x00, 0x3F, 0x00, 0x00, 0x07, 0xC0, 0x00, 0x01, 0xF0, 0x00, 0x00, 0x7E, 0x00, 0x0F, 0x0F,
    0x80, 0x07, 0xE3, 0xF0, 0x01, 0xF8, 0x7F, 0x01, 0xFC, 0x1F, 0xFF, 0xFF, 0x03, 0xFF, 0xFF, 0x80,
    0x3F, 0xFF, 0xC0, 0x07, 0xFF, 0xC0, 0x00, 0x3F, 0x80, 0x00, 0x03, 0xC0, 0xF0, 0x01, 0xF8, 0x7E,
    0x00, 0xFE, 0x1F, 0xC0, 0x3F, 0x87, 0xF0, 0x07, 0xE1, 0xF8, 0x01, 0xF0, 0x3E, 0x00, 0x00, 0x00,
    0x00, 0x00, 0x00, 0x00, 0x00, 0x00, 0x00, 0x00, 0x00, 0x00, 0x00, 0x03, 0xF0, 0x00, 0x07, 0xFF,
    0x80, 0x03, 0xFF, 0xF8, 0x03, 0xFF, 0xFF, 0x00, 0xFF, 0xFF, 0xE0, 0x7F, 0x03, 0xF8, 0x3F, 0x00,
    0x3F, 0x0F, 0x80, 0x07, 0xE7, 0xE0, 0x01, 0xF9, 0xF0, 0x00, 0x3E, 0x7C, 0x00, 0x0F, 0xBF, 0x00,
    0x03, 0xFF, 0xFF, 0xFF, 0xFF, 0xFF, 0xFF, 0xFF, 0xFF, 0xFF, 0xFF, 0xFF, 0xFF, 0xFF, 0xFF, 0xFF,
    0xFF, 0xFF, 0xE0, 0x00, 0x00, 0xFC, 0x00, 0x00, 0x1F, 0x00, 0x00, 0x07, 0xC0, 0x00, 0x01, 0xF8,
    0x00, 0x3C, 0x3E, 0x00, 0x1F, 0x8F, 0xC0, 0x07, 0xE1, 0xFC, 0x07, 0xF0, 0x7F, 0xFF, 0xFC, 0x0F,
    0xFF, 0xFE, 0x00, 0xFF, 0xFF, 0x00, 0x1F, 0xFF, 0x00, 0x00, 0xFE, 0x00, 0x7C, 0x3F, 0x07, 0xE0,
    0xF8, 0x3F, 0x07, 0xC0, 0xF8, 0x3E, 0x07, 0x80, 0x00, 0x00, 0x00, 0x0F, 0xC3, 0xF0, 0xFC, 0x3F,
    0x0F, 0xC3, 0xF0, 0xFC, 0x3F, 0x0F, 0xC3, 0xF0, 0xFC, 0x3F, 0x0F, 0xC3, 0xF0, 0xFC, 0x3F, 0x0F,
    0xC3, 0xF0, 0xFC, 0x3F, 0x0F, 0xC3, 0xF0, 0xFC, 0x3F, 0x0F, 0xC3, 0xF0, 0xFC, 0x3F, 0x07, 0xC3,
    0xF1, 0xF8, 0x7C, 0x1F, 0x0F, 0x83, 0xC1, 0xF0, 0x78, 0x00, 0x00, 0x00, 0x00, 0xFC, 0x3F, 0x0F,
    0xC3, 0xF0, 0xFC, 0x3F, 0x0F, 0xC3, 0xF0, 0xFC, 0x3F, 0x0F, 0xC3, 0xF0, 0xFC, 0x3F, 0x0F, 0xC3,
    0xF0, 0xFC, 0x3F, 0x0F, 0xC3, 0xF0, 0xFC, 0x3F, 0x0F, 0xC3, 0xF0, 0xFC, 0x3F, 0x0F, 0xC3, 0xF0,
    0x01, 0xE0, 0x00, 0xFC, 0x00, 0x7F, 0x80, 0x3F, 0xF0, 0x1F, 0xBE, 0x0F, 0xCF, 0xC7, 0xE1, 0xF9,
    0xF0, 0x3E, 0x00, 0x00, 0x00, 0x00, 0x00, 0x00, 0x00, 0x00, 0x00, 0x03, 0xF0, 0x00, 0xFC, 0x00,
    0x3F, 0x00, 0x0F, 0xC0, 0x03, 0xF0, 0x00, 0xFC, 0x00, 0x3F, 0x00, 0x0F, 0xC0, 0x03, 0xF0, 0x00,
    0xFC, 0x00, 0x3F, 0x00, 0x0F, 0xC0, 0x03, 0xF0, 0x00, 0xFC, 0x00, 0x3F, 0x00, 0x0F, 0xC0, 0x03,
    0xF0, 0x00, 0xFC, 0x00, 0x3F, 0x00, 0x0F, 0xC0, 0x03, 0xF0, 0x00, 0xFC, 0x00, 0x3F, 0x00, 0x0F,
    0xC0, 0x03, 0xF0, 0x00, 0xFC, 0x00, 0x3F, 0x00, 0x0F, 0xC0, 0x3C, 0x0F, 0x9F, 0x83, 0xE7, 0xE1,
    0xFF, 0xF8, 0x7F, 0x7E, 0x1F, 0xDF, 0x03, 0xE0, 0x00, 0x00, 0x00, 0x00, 0x00, 0x00, 0x00, 0x00,
    0x00, 0x00, 0x00, 0x0F, 0xC0, 0x03, 0xF0, 0x00, 0xFC, 0x00, 0x3F, 0x00, 0x0F, 0xC0, 0x03, 0xF0,
    0x00, 0xFC, 0x00, 0x3F, 0x00, 0x0F, 0xC0, 0x03, 0xF0, 0x00, 0xFC, 0x00, 0x3F, 0x00, 0x0F, 0xC0,
    0x03, 0xF0, 0x00, 0xFC, 0x00, 0x3F, 0x00, 0x0F, 0xC0, 0x03, 0xF0, 0x00, 0xFC, 0x00, 0x3F, 0x00,
    0x0F, 0xC0, 0x03, 0xF0, 0x00, 0xFC, 0x00, 0x3F, 0x00, 0x0F, 0xC0, 0x03, 0xF0, 0x00, 0xFC, 0x00,
    0x3F, 0x00, 0x00, 0x00, 0x00, 0x00, 0x70, 0x00, 0x00, 0x1F, 0x00, 0xC0, 0x0F, 0xE0, 0xF0, 0x03,
    0xFC, 0xFE, 0x00, 0x3F, 0xFF, 0x00, 0x03, 0xFF, 0x00, 0x01, 0xFF, 0x00, 0x01, 0xFF, 0xE0, 0x00,
    0xFF, 0xF8, 0x00, 0x3F, 0x1F, 0x00, 0x0F, 0x07, 0xE0, 0x01, 0x00, 0xFC, 0x00, 0x00, 0x1F, 0x00,
    0x07, 0xE3, 0xE0, 0x0F, 0xFE, 0xF8, 0x07, 0xFF, 0xDF, 0x03, 0xFF, 0xFF, 0xC1, 0xFF, 0xFF, 0xF0,
    0xFE, 0x01, 0xFE, 0x3F, 0x00, 0x3F, 0x9F, 0x80, 0x07, 0xE7, 0xE0, 0x01, 0xF9, 0xF0, 0x00, 0x3F,
    0xFC, 0x00, 0x0F, 0xFF, 0x00, 0x03, 0xFF, 0x80, 0x00, 0x7F, 0xE0, 0x00, 0x1F, 0xF8, 0x00, 0x07,
    0xFE, 0x00, 0x01, 0xFF, 0xC0, 0x00, 0xFF, 0xF0, 0x00, 0x3E, 0x7C, 0x00, 0x0F, 0x9F, 0x80, 0x07,
    0xE7, 0xE0, 0x01, 0xF0, 0xFC, 0x00, 0xFC, 0x3F, 0xC0, 0xFE, 0x07, 0xFF, 0xFF, 0x80, 0xFF, 0xFF,
    0xC0, 0x1F, 0xFF, 0xE0, 0x01, 0xFF, 0xE0, 0x00, 0x1F, 0xE0, 0x00, 0x01, 0xE0, 0xF0, 0x03, 0xF8,
    0xF0, 0x07, 0xFF, 0xF0, 0x07, 0xFF, 0xE0, 0x07, 0xBF, 0xE0, 0x0F, 0x0F, 0xC0, 0x00, 0x00, 0x00,
    0x00, 0x00, 0x00, 0x00, 0x00, 0x00, 0x00, 0x00, 0x00, 0x00, 0x1F, 0x80, 0xFC, 0x7F, 0xE0, 0xFD,
    0xFF, 0xF8, 0xFF, 0xFF, 0xF8, 0xFF, 0xFF, 0xFC, 0xFF, 0xC1, 0xFE, 0xFF, 0x00, 0x7E, 0xFE, 0x00,
    0x3E, 0xFC, 0x00, 0x3F, 0xFC, 0x00, 0x3F, 0xFC, 0x00, 0x3F, 0xFC, 0x00, 0x1F, 0xFC, 0x00, 0x1F,
    0xFC, 0x00, 0x1F, 0xFC, 0x00, 0x1F, 0xFC, 0x00, 0x1F, 0xFC, 0x00, 0x1F, 0xFC, 0x00, 0x1F, 0xFC,
    0x00, 0x1F, 0xFC, 0x00, 0x1F, 0xFC, 0x00, 0x1F, 0xFC, 0x00, 0x1F, 0xFC, 0x00, 0x1F, 0xFC, 0x00,
    0x1F, 0xFC, 0x00, 0x1F, 0xFC, 0x00, 0x1F, 0xFC, 0x00, 0x1F, 0xFC, 0x00, 0x1F, 0xFC, 0x00, 0x1F,
    0x01, 0xF0, 0x00, 0x00, 0x3E, 0x00, 0x00, 0x07, 0xE0, 0x00, 0x00, 0x7C, 0x00, 0x00, 0x07, 0xC0,
    0x00, 0x00, 0xF8, 0x00, 0x00, 0x0F, 0x80, 0x00, 0x00, 0xF0, 0x00, 0x00, 0x1E, 0x00, 0x00, 0x00,
    0x00, 0x00, 0x00, 0x00, 0x00, 0x00, 0x1F, 0x80, 0x00, 0x1F, 0xFE, 0x00, 0x07, 0xFF, 0xF0, 0x01,
    0xFF, 0xFF, 0x00, 0x7F, 0xFF, 0xF0, 0x1F, 0xC0, 0xFF, 0x07, 0xF0, 0x07, 0xE0, 0xFC, 0x00, 0x7E,
    0x3F, 0x00, 0x07, 0xC7, 0xE0, 0x00, 0xFC, 0xF8, 0x00, 0x0F, 0xBF, 0x00, 0x01, 0xF7, 0xE0, 0x00,
    0x3E, 0xFC, 0x00, 0x07, 0xDF, 0x00, 0x00, 0xFF, 0xE0, 0x00, 0x1F, 0xFC, 0x00, 0x03, 0xEF, 0xC0,
    0x00, 0x7D, 0xF8, 0x00, 0x0F, 0x9F, 0x00, 0x01, 0xF3, 0xE0, 0x00, 0x7E, 0x7E, 0x00, 0x0F, 0x87,
    0xE0, 0x03, 0xF0, 0xFE, 0x00, 0xFE, 0x0F, 0xE0, 0x3F, 0x81, 0xFF, 0xFF, 0xE0, 0x1F, 0xFF, 0xF8,
    0x00, 0xFF, 0xFE, 0x00, 0x0F, 0xFF, 0x80, 0x00, 0x3F, 0x80, 0x00, 0x00, 0x01, 0xF0, 0x00, 0x00,
    0x7E, 0x00, 0x00, 0x0F, 0x80, 0x00, 0x03, 0xF0, 0x00, 0x00, 0x7C, 0x00, 0x00, 0x1F, 0x00, 0x00,
    0x03, 0xE0, 0x00, 0x00, 0xF8, 0x00, 0x00, 0x1E, 0x00, 0x00, 0x00, 0x00, 0x00, 0x00, 0x00, 0x00,
    0x00, 0x1F, 0x80, 0x00, 0x1F, 0xFE, 0x00, 0x07, 0xFF, 0xF0, 0x01, 0xFF, 0xFF, 0x00, 0x7F, 0xFF,
    0xF0, 0x1F, 0xC0, 0xFF, 0x07, 0xF0, 0x07, 0xE0, 0xFC, 0x00, 0x7E, 0x3F, 0x00, 0x07, 0xC7, 0xE0,
    0x00, 0xFC, 0xF8, 0x00, 0x0F, 0xBF, 0x00, 0x01, 0xF7, 0xE0, 0x00, 0x3E, 0xFC, 0x00, 0x07, 0xDF,
    0x00, 0x00, 0xFF, 0xE0, 0x00, 0x1F, 0xFC, 0x00, 0x03, 0xEF, 0xC0, 0x00, 0x7D, 0xF8, 0x00, 0x0F,
    0x9F, 0x00, 0x01, 0xF3, 0xE0, 0x00, 0x7E, 0x7E, 0x00, 0x0F, 0x87, 0xE0, 0x03, 0xF0, 0xFE, 0x00,
    0xFE, 0x0F, 0xE0, 0x3F, 0x81, 0xFF, 0xFF, 0xE0, 0x1F, 0xFF, 0xF8, 0x00, 0xFF, 0xFE, 0x00, 0x0F,
    0xFF, 0x80, 0x00, 0x3F, 0x80, 0x00, 0x00, 0x1F, 0x00, 0x00, 0x07, 0xF0, 0x00, 0x01, 0xFE, 0x00,
    0x00, 0x7F, 0xE0, 0x00, 0x1F, 0xBE, 0x00, 0x07, 0xE3, 0xE0, 0x00, 0xF8, 0x7E, 0x00, 0x3E, 0x07,
    0xE0, 0x00, 0x00, 0x00, 0x00, 0x00, 0x00, 0x00, 0x00, 0x00, 0x00, 0x00, 0x1F, 0x80, 0x00, 0x1F,
    0xFE, 0x00, 0x07, 0xFF, 0xF0, 0x01, 0xFF, 0xFF, 0x00, 0x7F, 0xFF, 0xF0, 0x1F, 0xC0, 0xFF, 0x07,
    0xF0, 0x07, 0xE0, 0xFC, 0x00, 0x7E, 0x3F, 0x00, 0x07, 0xC7, 0xE0, 0x00, 0xFC, 0xF8, 0x00, 0x0F,
    0xBF, 0x00, 0x01, 0xF7, 0xE0, 0x00, 0x3E, 0xFC, 0x00, 0x07, 0xDF, 0x00, 0x00, 0xFF, 0xE0, 0x00,
    0x1F, 0xFC, 0x00, 0x03, 0xEF, 0xC0, 0x00, 0x7D, 0xF8, 0x00, 0x0F, 0x9F, 0x00, 0x01, 0xF3, 0xE0,
    0x00, 0x7E, 0x7E, 0x00, 0x0F, 0x87, 0xE0, 0x03, 0xF0, 0xFE, 0x00, 0xFE, 0x0F, 0xE0, 0x3F, 0x81,
    0xFF, 0xFF, 0xE0, 0x1F, 0xFF, 0xF8, 0x00, 0xFF, 0xFE, 0x00, 0x0F, 0xFF, 0x80, 0x00, 0x3F, 0x80,
    0x00, 0x00, 0xF0, 0x78, 0x00, 0x3F, 0x8F, 0x00, 0x0F, 0xFF, 0xE0, 0x01, 0xFF, 0xF8, 0x00, 0x3C,
    0xFF, 0x00, 0x07, 0x87, 0xC0, 0x00, 0x00, 0x00, 0x00, 0x00, 0x00, 0x00, 0x00, 0x00, 0x00, 0x00,
    0x00, 0x00, 0x00, 0x00, 0xFC, 0x00, 0x00, 0xFF, 0xF0, 0x00, 0x3F, 0xFF, 0x80, 0x0F, 0xFF, 0xF8,
    0x03, 0xFF, 0xFF, 0x80, 0xFE, 0x07, 0xF8, 0x3F, 0x80, 0x3F, 0x07, 0xE0, 0x03, 0xF1, 0xF8, 0x00,
    0x3E, 0x3F, 0x00, 0x07, 0xE7, 0xC0, 0x00, 0x7D, 0xF8, 0x00, 0x0F, 0xBF, 0x00, 0x01, 0xF7, 0xE0,
    0x00, 0x3E, 0xF8, 0x00, 0x07, 0xFF, 0x00, 0x00, 0xFF, 0xE0, 0x00, 0x1F, 0x7E, 0x00, 0x03, 0xEF,
    0xC0, 0x00, 0x7C, 0xF8, 0x00, 0x0F, 0x9F, 0x00, 0x03, 0xF3, 0xF0, 0x00, 0x7C, 0x3F, 0x00, 0x1F,
    0x87, 0xF0, 0x07, 0xF0, 0x7F, 0x01, 0xFC, 0x0F, 0xFF, 0xFF, 0x00, 0xFF, 0xFF, 0xC0, 0x07, 0xFF,
    0xF0, 0x00, 0x7F, 0xFC, 0x00, 0x01, 0xFC, 0x00, 0x03, 0xC0, 0x78, 0x00, 0xFC, 0x1F, 0x80, 0x1F,
    0x87, 0xF0, 0x03, 0xF0, 0xFE, 0x00, 0x7E, 0x0F, 0xC0, 0x07, 0x81, 0xF0, 0x00, 0x00, 0x00, 0x00,
    0x00, 0x00, 0x00, 0x00, 0x00, 0x00, 0x00, 0x00, 0x00, 0x00, 0x00, 0xFC, 0x00, 0x00, 0xFF, 0xF0,
    0x00, 0x3F, 0xFF, 0x80, 0x0F, 0xFF, 0xF8, 0x03, 0xFF, 0xFF, 0x80, 0xFE, 0x07, 0xF8, 0x3F, 0x80,
    0x3F, 0x07, 0xE0, 0x03, 0xF1, 0xF8, 0x00, 0x3E, 0x3F, 0x00, 0x07, 0xE7, 0xC0, 0x00, 0x7D, 0xF8,
    0x00, 0x0F, 0xBF, 0x00, 0x01, 0xF7, 0xE0, 0x00, 0x3E, 0xF8, 0x00, 0x07, 0xFF, 0x00, 0x00, 0xFF,
    0xE0, 0x00, 0x1F, 0x7E, 0x00, 0x03, 0xEF, 0xC0, 0x00, 0x7C, 0xF8, 0x00, 0x0F, 0x9F, 0x00, 0x03,
    0xF3, 0xF0, 0x00, 0x7C, 0x3F, 0x00, 0x1F, 0x87, 0xF0, 0x07, 0xF0, 0x7F, 0x01, 0xFC, 0x0F, 0xFF,
    0xFF, 0x00, 0xFF, 0xFF, 0xC0, 0x07, 0xFF, 0xF0, 0x00, 0x7F, 0xFC, 0x00, 0x01, 0xFC, 0x00, 0x00,
    0x3C, 0x00, 0x00, 0x7E, 0x00, 0x00, 0xFF, 0x00, 0x00, 0xFF, 0x00, 0x00, 0xFF, 0x00, 0x00, 0x7E,
    0x00, 0x00, 0x3C, 0x00, 0x00, 0x00, 0x00, 0x00, 0x00, 0x00, 0x00, 0x00, 0x00, 0x00, 0x00, 0x00,
    0xFF, 0xFF, 0xFF, 0xFF, 0xFF, 0xFF, 0xFF, 0xFF, 0xFF, 0xFF, 0xFF, 0xFF, 0xFF, 0xFF, 0xFF, 0x00,
    0x00, 0x00, 0x00, 0x00, 0x00, 0x00, 0x00, 0x00, 0x00, 0x3C, 0x00, 0x00, 0x7E, 0x00, 0x00, 0x7E,
    0x00, 0x00, 0xFF, 0x00, 0x00, 0xFF, 0x00, 0x00, 0x7E, 0x00, 0x00, 0x3E, 0x00, 0x00, 0x00, 0x00,
    0x00, 0x00, 0x00, 0x00, 0x01, 0xF8, 0x0C, 0x00, 0xFF, 0xF1, 0xF0, 0x1F, 0xFF, 0xFF, 0x03, 0xFF,
    0xFF, 0xE0, 0x7F, 0xFF, 0xFC, 0x0F, 0xE0, 0x7F, 0x81, 0xFC, 0x01, 0xF8, 0x1F, 0x80, 0x3F, 0xC3,
    0xF0, 0x07, 0xFC, 0x3F, 0x00, 0xFF, 0xE3, 0xE0, 0x1F, 0xBE, 0x7E, 0x03, 0xF3, 0xE7, 0xE0, 0x3E,
    0x3E, 0x7E, 0x07, 0xC3, 0xE7, 0xC0, 0xFC, 0x3F, 0x7C, 0x1F, 0x83, 0xF7, 0xC3, 0xF0, 0x3E, 0x7E,
    0x7E, 0x03, 0xE7, 0xEF, 0xC0, 0x3E, 0x3E, 0xF8, 0x03, 0xE3, 0xFF, 0x00, 0x7E, 0x3F, 0xF0, 0x07,
    0xC1, 0xFE, 0x00, 0xFC, 0x1F, 0xC0, 0x1F, 0xC1, 0xFE, 0x03, 0xF8, 0x3F, 0xFF, 0xFF, 0x03, 0xFF,
    0xFF, 0xE0, 0x7F, 0xFF, 0xFC, 0x07, 0xCF, 0xFF, 0x80, 0x38, 0x1F, 0xC0, 0x00, 0x00, 0x00, 0x00,
    0x03, 0xE0, 0x00, 0x07, 0xE0, 0x00, 0x03, 0xF0, 0x00, 0x01, 0xF0, 0x00, 0x01, 0xF8, 0x00, 0x00,
    0xF8, 0x00, 0x00, 0x7C, 0x00, 0x00, 0x7C, 0x00, 0x00, 0x3C, 0x00, 0x00, 0x00, 0x00, 0x00, 0x00,
    0x00, 0x00, 0x00, 0x00, 0xFC, 0x00, 0x1F, 0xFC, 0x00, 0x1F, 0xFC, 0x00, 0x1F, 0xFC, 0x00, 0x1F,
    0xFC, 0x00, 0x1F, 0xFC, 0x00, 0x1F, 0xFC, 0x00, 0x1F, 0xFC, 0x00, 0x1F, 0xFC, 0x00, 0x1F, 0xFC,
    0x00, 0x1F, 0xFC, 0x00, 0x1F, 0xFC, 0x00, 0x1F, 0xFC, 0x00, 0x1F, 0xFC, 0x00, 0x1F, 0xFC, 0x00,
    0x1F, 0xFC, 0x00, 0x1F, 0xFC, 0x00, 0x1F, 0xFC, 0x00, 0x3F, 0xFC, 0x00, 0x3F, 0x7C, 0x00, 0x3F,
    0x7C, 0x00, 0x3F, 0x7E, 0x00, 0x7F, 0x7F, 0x00, 0xFF, 0x3F, 0x83, 0xFF, 0x3F, 0xFF, 0xFF, 0x1F,
    0xFF, 0xDF, 0x0F, 0xFF, 0x9F, 0x07, 0xFE, 0x1F, 0x00, 0xF8, 0x00, 0x00, 0x03, 0xE0, 0x00, 0x07,
    0xE0, 0x00, 0x0F, 0xC0, 0x00, 0x0F, 0x80, 0x00, 0x0F, 0x80, 0x00, 0x1F, 0x00, 0x00, 0x1E, 0x00,
    0x00, 0x3E, 0x00, 0x00, 0x3C, 0x00, 0x00, 0x00, 0x00, 0x00, 0x00, 0x00, 0x00, 0x00, 0x00, 0xFC,
    0x00, 0x1F, 0xFC, 0x00, 0x1F, 0xFC, 0x00, 0x1F, 0xFC, 0x00, 0x1F, 0xFC, 0x00, 0x1F, 0xFC, 0x00,
    0x1F, 0xFC, 0x00, 0x1F, 0xFC, 0x00, 0x1F, 0xFC, 0x00, 0x1F, 0xFC, 0x00, 0x1F, 0xFC, 0x00, 0x1F,
    0xFC, 0x00, 0x1F, 0xFC, 0x00, 0x1F, 0xFC, 0x00, 0x1F, 0xFC, 0x00, 0x1F, 0xFC, 0x00, 0x1F, 0xFC,
    0x00, 0x1F, 0xFC, 0x00, 0x3F, 0xFC, 0x00, 0x3F, 0x7C, 0x00, 0x3F, 0x7C, 0x00, 0x3F, 0x7E, 0x00,
    0x7F, 0x7F, 0x00, 0xFF, 0x3F, 0x83, 0xFF, 0x3F, 0xFF, 0xFF, 0x1F, 0xFF, 0xDF, 0x0F, 0xFF, 0x9F,
    0x07, 0xFE, 0x1F, 0x00, 0xF8, 0x00, 0x00, 0x3C, 0x00, 0x00, 0x7E, 0x00, 0x00, 0xFF, 0x00, 0x01,
    0xFF, 0x80, 0x03, 0xF7, 0xC0, 0x07, 0xE7, 0xE0, 0x0F, 0xC3, 0xF0, 0x0F, 0x81, 0xF0, 0x00, 0x00,
    0x00, 0x00, 0x00, 0x00, 0x00, 0x00, 0x00, 0x00, 0x00, 0x00, 0xFC, 0x00, 0x1F, 0xFC, 0x00, 0x1F,
    0xFC, 0x00, 0x1F, 0xFC, 0x00, 0x1F, 0xFC, 0x00, 0x1F, 0xFC, 0x00, 0x1F, 0xFC, 0x00, 0x1F, 0xFC,
    0x00, 0x1F, 0xFC, 0x00, 0x1F, 0xFC, 0x00, 0x1F, 0xFC, 0x00, 0x1F, 0xFC, 0x00, 0x1F, 0xFC, 0x00,
    0x1F, 0xFC, 0x00, 0x1F, 0xFC, 0x00, 0x1F, 0xFC, 0x00, 0x1F, 0xFC, 0x00, 0x1F, 0xFC, 0x00, 0x3F,
    0xFC, 0x00, 0x3F, 0x7C, 0x00, 0x3F, 0x7C, 0x00, 0x3F, 0x7E, 0x00, 0x7F, 0x7F, 0x00, 0xFF, 0x3F,
    0x83, 0xFF, 0x3F, 0xFF, 0xFF, 0x1F, 0xFF, 0xDF, 0x0F, 0xFF, 0x9F, 0x07, 0xFE, 0x1F, 0x00, 0xF8,
    0x00, 0x07, 0x81, 0xF0, 0x0F, 0xC1, 0xF0, 0x0F, 0xC3, 0xF8, 0x1F, 0xC3, 0xF8, 0x0F, 0xC3, 0xF8,
    0x0F, 0x81, 0xF0, 0x00, 0x00, 0x00, 0x00, 0x00, 0x00, 0x00, 0x00, 0x00, 0x00, 0x00, 0x00, 0x00,
    0x00, 0x00, 0xFC, 0x00, 0x1F, 0xFC, 0x00, 0x1F, 0xFC, 0x00, 0x1F, 0xFC, 0x00, 0x1F, 0xFC, 0x00,
    0x1F, 0xFC, 0x00, 0x1F, 0xFC, 0x00, 0x1F, 0xFC, 0x00, 0x1F, 0xFC, 0x00, 0x1F, 0xFC, 0x00, 0x1F,
    0xFC, 0x00, 0x1F, 0xFC, 0x00, 0x1F, 0xFC, 0x00, 0x1F, 0xFC, 0x00, 0x1F, 0xFC, 0x00, 0x1F, 0xFC,
    0x00, 0x1F, 0xFC, 0x00, 0x1F, 0xFC, 0x00, 0x3F, 0xFC, 0x00, 0x3F, 0x7C, 0x00, 0x3F, 0x7C, 0x00,
    0x3F, 0x7E, 0x00, 0x7F, 0x7F, 0x00, 0xFF, 0x3F, 0x83, 0xFF, 0x3F, 0xFF, 0xFF, 0x1F, 0xFF, 0xDF,
    0x0F, 0xFF, 0x9F, 0x07, 0xFE, 0x1F, 0x00, 0xF8, 0x00, 0x00, 0x01, 0xF0, 0x00, 0x00, 0x7E, 0x00,
    0x00, 0x0F, 0x80, 0x00, 0x03, 0xF0, 0x00, 0x00, 0x7C, 0x00, 0x00, 0x1F, 0x00, 0x00, 0x03, 0xE0,
    0x00, 0x00, 0xF8, 0x00, 0x00, 0x1E, 0x00, 0x00, 0x00, 0x00, 0x00, 0x00, 0x00, 0x00, 0x00, 0x00,
    0x00, 0x0F, 0xC0, 0x00, 0x7F, 0xF8, 0x00, 0x0F, 0x9F, 0x00, 0x03, 0xF3, 0xF0, 0x00, 0x7C, 0x3E,
    0x00, 0x0F, 0x87, 0xE0, 0x03, 0xF0, 0xFC, 0x00, 0x7C, 0x0F, 0x80, 0x1F, 0x81, 0xF8, 0x03, 0xF0,
    0x1F, 0x00, 0x7C, 0x03, 0xE0, 0x1F, 0x80, 0x7E, 0x03, 0xE0, 0x07, 0xC0, 0x7C, 0x00, 0xF8, 0x1F,
    0x80, 0x1F, 0x83, 0xE0, 0x01, 0xF0, 0x7C, 0x00, 0x3F, 0x1F, 0x00, 0x03, 0xE3, 0xE0, 0x00, 0x7C,
    0xFC, 0x00, 0x0F, 0xDF, 0x00, 0x00, 0xFB, 0xE0, 0x00, 0x1F, 0x7C, 0x00, 0x03, 0xFF, 0x00, 0x00,
    0x3F, 0xE0, 0x00, 0x07, 0xF8, 0x00, 0x00, 0x7F, 0x00, 0x00, 0x0F, 0xE0, 0x00, 0x01, 0xF8, 0x00,
    0x00, 0x3F, 0x00, 0x00, 0x07, 0xC0, 0x00, 0x00, 0xF8, 0x00, 0x00, 0x3F, 0x00, 0x00, 0x07, 0xC0,
    0x00, 0x01, 0xF8, 0x00, 0x07, 0xFE, 0x00, 0x00, 0xFF, 0xC0, 0x00, 0x1F, 0xF0, 0x00, 0x07, 0xFC,
    0x00, 0x00, 0xFE, 0x00, 0x00, 0x00, 0xFC, 0x00, 0x00, 0x3F, 0x00, 0x00, 0x0F, 0xC0, 0x00, 0x03,
    0xF0, 0x00, 0x00, 0xFC, 0x00, 0x00, 0x3F, 0x00, 0x00, 0x0F, 0xC0, 0x00, 0x03, 0xF0, 0x00, 0x00,
    0xFC, 0x00, 0x00, 0x3F, 0x07, 0xE0, 0x0F, 0xC7, 0xFF, 0x03, 0xF7, 0xFF, 0xE0, 0xFD, 0xFF, 0xFC,
    0x3F, 0xFF, 0xFF, 0x8F, 0xFC, 0x0F, 0xF3, 0xFE, 0x00, 0xFC, 0xFF, 0x00, 0x1F, 0xBF, 0x80, 0x07,
    0xEF, 0xE0, 0x00, 0xFF, 0xF0, 0x00, 0x3F, 0xFC, 0x00, 0x07, 0xFF, 0x00, 0x01, 0xFF, 0xC0, 0x00,
    0x7F, 0xF0, 0x00, 0x1F, 0xFC, 0x00, 0x07, 0xFF, 0x00, 0x01, 0xFF, 0xC0, 0x00, 0x7F, 0xF0, 0x00,
    0x1F, 0xFC, 0x00, 0x0F, 0xFF, 0x80, 0x03, 0xFF, 0xE0, 0x01, 0xFB, 0xFC, 0x00, 0x7E, 0xFF, 0x80,
    0x3F, 0x3F, 0xF0, 0x3F, 0xCF, 0xFF, 0xFF, 0xE3, 0xF7, 0xFF, 0xF0, 0xFD, 0xFF, 0xF8, 0x3F, 0x1F,
    0xFC, 0x0F, 0xC1, 0xF8, 0x03, 0xF0, 0x00, 0x00, 0xFC, 0x00, 0x00, 0x3F, 0x00, 0x00, 0x0F, 0xC0,
    0x00, 0x03, 0xF0, 0x00, 0x00, 0xFC, 0x00, 0x00, 0x3F, 0x00, 0x00, 0x0F, 0xC0, 0x00, 0x03, 0xF0,
    0x00, 0x00, 0x7C, 0x00, 0x00, 0x00, 0x03, 0xC0, 0x78, 0x00, 0xFC, 0x1F, 0x80, 0x1F, 0x87, 0xF0,
    0x03, 0xF0, 0xFE, 0x00, 0x7E, 0x0F, 0xC0, 0x07, 0x81, 0xF0, 0x00, 0x00, 0x00, 0x00, 0x00, 0x00,
    0x00, 0x00, 0x00, 0x00, 0x00, 0x00, 0x00, 0x00, 0x00, 0x00, 0x00, 0x7E, 0x00, 0x03, 0xFF, 0xC0,
    0x00, 0x7C, 0xF8, 0x00, 0x1F, 0x9F, 0x80, 0x03, 0xE1, 0xF0, 0x00, 0x7C, 0x3F, 0x00, 0x1F, 0x87,
    0xE0, 0x03, 0xE0, 0x7C, 0x00, 0xFC, 0x0F, 0xC0, 0x1F, 0x80, 0xF8, 0x03, 0xE0, 0x1F, 0x00, 0xFC,
    0x03, 0xF0, 0x1F, 0x00, 0x3E, 0x03, 0xE0, 0x07, 0xC0, 0xFC, 0x00, 0xFC, 0x1F, 0x00, 0x0F, 0x83,
    0xE0, 0x01, 0xF8, 0xF8, 0x00, 0x1F, 0x1F, 0x00, 0x03, 0xE7, 0xE0, 0x00, 0x7E, 0xF8, 0x00, 0x07,
    0xDF, 0x00, 0x00, 0xFB, 0xE0, 0x00, 0x1F, 0xF8, 0x00, 0x01, 0xFF, 0x00, 0x00, 0x3F, 0xC0, 0x00,
    0x03, 0xF8, 0x00, 0x00, 0x7F, 0x00, 0x00, 0x0F, 0xC0, 0x00, 0x01, 0xF8, 0x00, 0x00, 0x3E, 0x00,
    0x00, 0x07, 0xC0, 0x00, 0x01, 0xF8, 0x00, 0x00, 0x3E, 0x00, 0x00, 0x0F, 0xC0, 0x00, 0x3F, 0xF0,
    0x00, 0x07, 0xFE, 0x00, 0x00, 0xFF, 0x80, 0x00, 0x3F, 0xE0, 0x00, 0x07, 0xF0, 0x00, 0x00,
};

static const MeshInkFontGlyph inter_25_regularGlyphs[] = {
    { 0, 0, 229, 0, 0, 0, 0 }, // U+0020
    { 8, 39, 227, 3, 38, 39, 0 }, // !
    { 14, 15, 377, 5, 38, 27, 39 }, // "
    { 32, 38, 522, 0, 38, 152, 66 }, // #
    { 29, 50, 530, 2, 44, 182, 218 }, // $
    { 40, 40, 793, 5, 39, 200, 400 }, // %
    { 31, 40, 530, 2, 39, 155, 600 }, // &
    { 5, 15, 241, 5, 38, 10, 755 }, // '
    { 12, 49, 292, 5, 41, 74, 765 }, // (
    { 12, 49, 292, 2, 41, 74, 839 }, // )
    { 21, 22, 411, 2, 38, 58, 913 }, // *
    { 26, 26, 545, 4, 28, 85, 971 }, // +
    { 9, 15, 227, 2, 5, 17, 1056 }, // ,
    { 18, 6, 378, 3, 19, 14, 1073 }, // -
    { 8, 8, 227, 3, 7, 8, 1087 }, // .
    { 18, 46, 294, 0, 40, 104, 1095 }, // /
    { 28, 40, 522, 2, 39, 140, 1199 }, // 0
    { 15, 38, 331, 2, 38, 72, 1339 }, // 1
    { 25, 39, 499, 3, 39, 122, 1411 }, // 2
    { 27, 40, 511, 3, 39, 135, 1533 }, // 3
    { 29, 38, 533, 2, 38, 138, 1668 }, // 4
    { 26, 39, 491, 2, 38, 127, 1806 }, // 5
    { 27, 40, 510, 2, 39, 135, 1933 }, // 6
    { 25, 38, 462, 2, 38, 119, 2068 }, // 7
    { 27, 40, 509, 2, 39, 135, 2187 }, // 8
    { 27, 40, 510, 2, 39, 135, 2322 }, // 9
    { 8, 28, 227, 3, 27, 28, 2457 }, // :
    { 10, 37, 237, 2, 27, 47, 2485 }, // ;
    { 25, 28, 545, 4, 29, 88, 2532 }, // <
    { 24, 16, 545, 5, 23, 48, 2620 }, // =
    { 25, 28, 545, 5, 29, 88, 2668 }, // >
    { 24, 40, 428, 1, 39, 120, 2756 }, // ?
    { 46, 48, 806, 2, 37, 276, 2876 }, // @
    { 34, 38, 568, 1, 38, 162, 3152 }, // A
    { 28, 38, 542, 4, 38, 133, 3314 }, // B
    { 34, 40, 607, 2, 39, 170, 3447 }, // C
    { 31, 38, 595, 4, 38, 148, 3617 }, // D
    { 24, 38, 497, 4, 38, 114, 3765 }, // E
    { 24, 38, 485, 4, 38, 114, 3879 }, // F
    { 34, 40, 619, 2, 39, 170, 3993 }, // G
    { 30, 38, 613, 4, 38, 143, 4163 }, // H
    { 6, 38, 217, 4, 38, 29, 4306 }, // I
    { 23, 39, 469, 2, 38, 113, 4335 }, // J
    { 30, 38, 553, 4, 38, 143, 4448 }, // K
    { 23, 38, 465, 4, 38, 110, 4591 }, // L
    { 39, 38, 744, 4, 38, 186, 4701 }, // M
    { 31, 38, 620, 4, 38, 148, 4887 }, // N
    { 35, 40, 634, 2, 39, 175, 5035 }, // O
    { 27, 38, 527, 4, 38, 129, 5210 }, // P
    { 35, 43, 634, 2, 39, 189, 5339 }, // Q
    { 28, 38, 534, 4, 38, 133, 5528 }, // R
    { 29, 40, 530, 2, 39, 145, 5661 }, // S
    { 29, 38, 531, 2, 38, 138, 5806 }, // T
    { 30, 39, 612, 4, 38, 147, 5944 }, // U
    { 34, 38, 568, 1, 38, 162, 6091 }, // V
    { 49, 38, 815, 1, 38, 233, 6253 }, // W
    { 33, 38, 561, 1, 38, 157, 6486 }, // X
    { 33, 38, 559, 1, 38, 157, 6643 }, // Y
    { 28, 38, 521, 2, 38, 133, 6800 }, // Z
    { 11, 49, 292, 5, 41, 68, 6933 }, // [
    { 18, 46, 294, 0, 40, 104, 7001 }, // <backslash>
    { 11, 49, 292, 2, 41, 68, 7105 }, // ]
    { 22, 17, 387, 1, 37, 47, 7173 }, // ^
    { 24, 5, 380, 0, 0, 15, 7220 }, // _
    { 9, 9, 254, 3, 40, 11, 7235 }, // `
    { 23, 30, 460, 2, 29, 87, 7246 }, // a
    { 26, 39, 502, 3, 38, 127, 7333 }, // b
    { 25, 30, 467, 2, 29, 94, 7460 }, // c
    { 26, 39, 502, 2, 38, 127, 7554 }, // d
    { 26, 30, 477, 2, 29, 98, 7681 }, // e
    { 18, 40, 297, 0, 40, 90, 7779 }, // f
    { 26, 41, 502, 2, 29, 134, 7869 }, // g
    { 24, 38, 485, 3, 38, 114, 8003 }, // h
    { 8, 39, 195, 2, 39, 39, 8117 }, // i
    { 11, 50, 195, -1, 39, 69, 8156 }, // j
    { 25, 38, 450, 3, 38, 119, 8225 }, // k
    { 6, 38, 195, 3, 38, 29, 8344 }, // l
    { 39, 29, 723, 3, 29, 142, 8373 }, // m
    { 24, 29, 484, 3, 29, 87, 8515 }, // n
    { 27, 30, 490, 2, 29, 102, 8602 }, // o
    { 26, 40, 502, 3, 29, 130, 8704 }, // p
    { 26, 40, 502, 2, 29, 130, 8834 }, // q
    { 15, 29, 304, 3, 29, 55, 8964 }, // r
    { 23, 30, 430, 2, 29, 87, 9019 }, // s
    { 16, 36, 270, 0, 35, 72, 9106 }, // t
    { 24, 30, 485, 3, 29, 90, 9178 }, // u
    { 27, 29, 459, 1, 29, 98, 9268 }, // v
    { 40, 29, 670, 1, 29, 145, 9366 }, // w
    { 26, 29, 448, 1, 29, 95, 9511 }, // x
    { 27, 40, 459, 1, 29, 135, 9606 }, // y
    { 22, 29, 446, 3, 29, 80, 9741 }, // z
    { 16, 49, 347, 3, 41, 98, 9821 }, // {
    { 5, 64, 270, 6, 51, 40, 9919 }, // |
    { 17, 49, 347, 2, 41, 105, 9959 }, // }
    { 27, 10, 545, 4, 20, 34, 10064 }, // ~
    { 0, 0, 229, 0, 0, 0, 10098 }, // U+00A0
    { 8, 39, 228, 3, 29, 39, 10098 }, // U+00A1
    { 25, 38, 467, 2, 38, 119, 10137 }, // U+00A2
    { 27, 39, 504, 2, 39, 132, 10256 }, // U+00A3
    { 33, 33, 598, 2, 32, 137, 10388 }, // U+00A4
    { 28, 38, 452, 0, 38, 133, 10525 }, // U+00A5
    { 5, 46, 218, 4, 38, 29, 10658 }, // U+00A6
    { 25, 47, 468, 2, 39, 147, 10687 }, // U+00A7
    { 18, 7, 484, 6, 39, 16, 10834 }, // U+00A8
    { 40, 40, 756, 4, 39, 200, 10850 }, // U+00A9
    { 20, 23, 372, 1, 39, 58, 11050 }, // U+00AA
    { 26, 25, 474, 2, 28, 82, 11108 }, // U+00AB
    { 22, 11, 545, 5, 19, 31, 11190 }, // U+00AC
    { 30, 31, 548, 2, 39, 117, 11221 }, // U+00AE
    { 16, 5, 385, 4, 38, 10, 11338 }, // U+00AF
    { 18, 18, 373, 3, 39, 41, 11348 }, // U+00B0
    { 25, 28, 545, 5, 29, 88, 11389 }, // U+00B1
    { 18, 22, 358, 2, 44, 50, 11477 }, // U+00B2
    { 19, 22, 363, 2, 44, 53, 11527 }, // U+00B3
    { 10, 9, 254, 3, 40, 12, 11580 }, // U+00B4
    { 27, 40, 482, 3, 29, 135, 11592 }, // U+00B5
    { 25, 38, 495, 2, 38, 119, 11727 }, // U+00B6
    { 8, 8, 227, 3, 22, 8, 11846 }, // U+00B7
    { 10, 13, 217, 3, 2, 17, 11854 }, // U+00B8
    { 11, 22, 245, 2, 44, 31, 11871 }, // U+00B9
    { 22, 23, 395, 1, 39, 64, 11902 }, // U+00BA
    { 27, 25, 474, 1, 28, 85, 11966 }, // U+00BB
    { 38, 38, 654, 1, 38, 181, 12051 }, // U+00BC
    { 40, 38, 689, 1, 38, 190, 12232 }, // U+00BD
    { 41, 38, 721, 2, 38, 195, 12422 }, // U+00BE
    { 23, 40, 428, 2, 29, 115, 12617 }, // U+00BF
    { 34, 50, 568, 1, 50, 213, 12732 }, // U+00C0
    { 34, 50, 568, 1, 50, 213, 12945 }, // U+00C1
    { 34, 50, 568, 1, 50, 213, 13158 }, // U+00C2
    { 34, 49, 568, 1, 49, 209, 13371 }, // U+00C3
    { 34, 49, 568, 1, 49, 209, 13580 }, // U+00C4
    { 34, 52, 568, 1, 52, 221, 13789 }, // U+00C5
    { 48, 38, 823, 1, 38, 228, 14010 }, // U+00C6
    { 34, 50, 607, 2, 39, 213, 14238 }, // U+00C7
    { 24, 50, 497, 4, 50, 150, 14451 }, // U+00C8
    { 24, 50, 497, 4, 50, 150, 14601 }, // U+00C9
    { 24, 50, 497, 4, 50, 150, 14751 }, // U+00CA
    { 24, 49, 497, 4, 49, 147, 14901 }, // U+00CB
    { 10, 50, 217, 0, 50, 63, 15048 }, // U+00CC
    { 10, 50, 217, 4, 50, 63, 15111 }, // U+00CD
    { 17, 50, 217, -2, 50, 107, 15174 }, // U+00CE
    { 18, 49, 217, -2, 49, 111, 15281 }, // U+00CF
    { 36, 38, 610, 0, 38, 171, 15392 }, // U+00D0
    { 31, 49, 620, 4, 49, 190, 15563 }, // U+00D1
    { 35, 51, 634, 2, 50, 224, 15753 }, // U+00D2
    { 35, 51, 634, 2, 50, 224, 15977 }, // U+00D3
    { 35, 51, 634, 2, 50, 224, 16201 }, // U+00D4
    { 35, 50, 634, 2, 49, 219, 16425 }, // U+00D5
    { 35, 50, 634, 2, 49, 219, 16644 }, // U+00D6
    { 25, 25, 545, 5, 27, 79, 16863 }, // U+00D7
    { 35, 42, 634, 2, 40, 184, 16942 }, // U+00D8
    { 30, 51, 612, 4, 50, 192, 17126 }, // U+00D9
    { 30, 51, 612, 4, 50, 192, 17318 }, // U+00DA
    { 30, 51, 612, 4, 50, 192, 17510 }, // U+00DB
    { 30, 50, 612, 4, 49, 188, 17702 }, // U+00DC
    { 33, 50, 559, 1, 50, 207, 17890 }, // U+00DD
    { 25, 38, 523, 4, 38, 119, 18097 }, // U+00DE
    { 25, 39, 506, 4, 39, 122, 18216 }, // U+00DF
    { 23, 41, 460, 2, 40, 118, 18338 }, // U+00E0
    { 23, 41, 460, 2, 40, 118, 18456 }, // U+00E1
    { 23, 41, 460, 2, 40, 118, 18574 }, // U+00E2
    { 23, 40, 460, 2, 39, 115, 18692 }, // U+00E3
    { 23, 40, 460, 2, 39, 115, 18807 }, // U+00E4
    { 23, 44, 460, 2, 43, 127, 18922 }, // U+00E5
    { 43, 30, 756, 2, 29, 162, 19049 }, // U+00E6
    { 25, 40, 467, 2, 29, 125, 19211 }, // U+00E7
    { 26, 41, 477, 2, 40, 134, 19336 }, // U+00E8
    { 26, 41, 477, 2, 40, 134, 19470 }, // U+00E9
    { 26, 41, 477, 2, 40, 134, 19604 }, // U+00EA
    { 26, 40, 477, 2, 39, 130, 19738 }, // U+00EB
    { 10, 40, 195, -1, 40, 50, 19868 }, // U+00EC
    { 10, 40, 195, 3, 40, 50, 19918 }, // U+00ED
    { 18, 40, 195, -3, 40, 90, 19968 }, // U+00EE
    { 18, 39, 195, -3, 39, 88, 20058 }, // U+00EF
    { 26, 42, 479, 2, 41, 137, 20146 }, // U+00F0
    { 24, 39, 484, 3, 39, 117, 20283 }, // U+00F1
    { 27, 41, 490, 2, 40, 139, 20400 }, // U+00F2
    { 27, 41, 490, 2, 40, 139, 20539 }, // U+00F3
    { 27, 41, 490, 2, 40, 139, 20678 }, // U+00F4
    { 27, 40, 490, 2, 39, 135, 20817 }, // U+00F5
    { 27, 40, 490, 2, 39, 135, 20952 }, // U+00F6
    { 24, 27, 545, 5, 28, 81, 21087 }, // U+00F7
    { 28, 32, 490, 1, 30, 112, 21168 }, // U+00F8
    { 24, 41, 485, 3, 40, 123, 21280 }, // U+00F9
    { 24, 41, 485, 3, 40, 123, 21403 }, // U+00FA
    { 24, 41, 485, 3, 40, 123, 21526 }, // U+00FB
    { 24, 40, 485, 3, 39, 120, 21649 }, // U+00FC
    { 27, 51, 459, 1, 40, 173, 21769 }, // U+00FD
    { 26, 49, 502, 3, 38, 160, 21942 }, // U+00FE
    { 27, 50, 459, 1, 39, 169, 22102 }, // U+00FF
};

static const MeshInkFontUnicodeInterval inter_25_regularIntervals[] = {
    { 0x20, 0x7E, 0x0 },
    { 0xA0, 0xAC, 0x5F },
    { 0xAE, 0xFF, 0x6C },
};

static constexpr MeshInkFontData inter_25_regular = {
    inter_25_regularBitmaps,
    inter_25_regularGlyphs,
    inter_25_regularIntervals,
    3,
    63,
    51,
    -13,
    false,
    nullptr,
    0,
    nullptr,
    nullptr,
    nullptr,
    nullptr,
    0,
    0,
    0,
    0,
    nullptr,
    0,
    nullptr,
    nullptr,
    nullptr,
    nullptr,
};
