/**
 * generated by fontconvert.py
 * name: inter_20_regular
 * size: 20
 * mode: 1-bit
 * Command used: fontconvert.py inter_20_regular 20 Inter-Regular.ttf --no-default-intervals --additional-intervals 0x20,0xFF --no-kern-liga
 */
#pragma once
#include "MeshInkFontData.h"

static const uint8_t inter_20_regularBitmaps[14574] = {
    0x3C, 0xF9, 0xF3, 0xE7, 0xCF, 0x9F, 0x3E, 0x7C, 0xF9, 0xF3, 0xE7, 0xCF, 0x9F, 0x3E, 0x7C, 0xF9,
    0xF3, 0xE7, 0xC7, 0x80, 0x00, 0x00, 0x01, 0xF3, 0xF7, 0xEF, 0xDF, 0x0C, 0xF1, 0xFE, 0x3F, 0xC7,
    0xF8, 0xFF, 0x1F, 0xE3, 0xFC, 0x7F, 0x8F, 0xF1, 0xFE, 0x3F, 0xC7, 0xF8, 0xF0, 0x00, 0x70, 0x1C,
    0x00, 0x3C, 0x07, 0x80, 0x0F, 0x01, 0xC0, 0x03, 0xC0, 0xF0, 0x00, 0xE0, 0x3C, 0x00, 0x38, 0x0F,
    0x00, 0x1E, 0x03, 0xC0, 0x07, 0x80, 0xF0, 0x01, 0xE0, 0x38, 0x0F, 0xFF, 0xFF, 0xF3, 0xFF, 0xFF,
    0xFC, 0xFF, 0xFF, 0xFF, 0x1F, 0xFF, 0xFF, 0x80, 0xF0, 0x1E, 0x00, 0x3C, 0x07, 0x00, 0x0F, 0x01,
    0xC0, 0x03, 0xC0, 0xF0, 0x00, 0xE0, 0x3C, 0x00, 0x78, 0x0F, 0x01, 0xFF, 0xFF, 0xFC, 0x7F, 0xFF,
    0xFF, 0x3F, 0xFF, 0xFF, 0xCF, 0xFF, 0xFF, 0xF0, 0x1C, 0x07, 0x80, 0x0F, 0x01, 0xE0, 0x03, 0xC0,
    0x78, 0x00, 0xF0, 0x1E, 0x00, 0x3C, 0x07, 0x00, 0x0F, 0x03, 0xC0, 0x03, 0x80, 0xF0, 0x01, 0xE0,
    0x3C, 0x00, 0x00, 0x38, 0x00, 0x00, 0x70, 0x00, 0x00, 0xE0, 0x00, 0x01, 0xC0, 0x00, 0x1F, 0xF0,
    0x00, 0xFF, 0xF8, 0x03, 0xFF, 0xF8, 0x0F, 0xFF, 0xF8, 0x3F, 0x3B, 0xF8, 0xFC, 0x71, 0xF1, 0xF0,
    0xE1, 0xF3, 0xC1, 0xC3, 0xE7, 0x83, 0x83, 0xCF, 0x07, 0x00, 0x1F, 0x0E, 0x00, 0x3F, 0x1C, 0x00,
    0x3F, 0xB8, 0x00, 0x7F, 0xF0, 0x00, 0x7F, 0xF8, 0x00, 0x3F, 0xFE, 0x00, 0x1F, 0xFE, 0x00, 0x07,
    0xFF, 0x00, 0x0E, 0xFE, 0x00, 0x1C, 0x7E, 0x00, 0x38, 0x7C, 0x00, 0x70, 0x7F, 0xC0, 0xE0, 0xFF,
    0xC1, 0xC1, 0xFF, 0x83, 0x83, 0xDF, 0x87, 0x0F, 0x9F, 0x8E, 0x3F, 0x3F, 0xFF, 0xFC, 0x3F, 0xFF,
    0xF0, 0x3F, 0xFF, 0xC0, 0x1F, 0xFF, 0x00, 0x07, 0xF0, 0x00, 0x03, 0x80, 0x00, 0x07, 0x00, 0x00,
    0x0E, 0x00, 0x00, 0x1C, 0x00, 0x1F, 0x80, 0x00, 0xF0, 0x3F, 0xE0, 0x01, 0xF0, 0x7F, 0xF0, 0x01,
    0xE0, 0xF8, 0xF0, 0x03, 0xC0, 0xF0, 0xF0, 0x07, 0xC0, 0xF0, 0x78, 0x07, 0x80, 0xF0, 0x78, 0x0F,
    0x00, 0xF0, 0x78, 0x1F, 0x00, 0xF0, 0x78, 0x1E, 0x00, 0xF0, 0x70, 0x3C, 0x00, 0xF8, 0xF0, 0x7C,
    0x00, 0x7F, 0xF0, 0x78, 0x00, 0x7F, 0xE0, 0xF0, 0x00, 0x1F, 0xC1, 0xF0, 0x00, 0x06, 0x03, 0xE0,
    0x00, 0x00, 0x03, 0xC0, 0x00, 0x00, 0x07, 0x80, 0x00, 0x00, 0x0F, 0x81, 0xF0, 0x00, 0x0F, 0x07,
    0xF8, 0x00, 0x1E, 0x0F, 0xFC, 0x00, 0x3E, 0x0F, 0xFE, 0x00, 0x3C, 0x1E, 0x1E, 0x00, 0x78, 0x1E,
    0x0F, 0x00, 0xF8, 0x1E, 0x0F, 0x00, 0xF0, 0x1E, 0x0F, 0x01, 0xE0, 0x1E, 0x0F, 0x03, 0xE0, 0x1E,
    0x0F, 0x03, 0xC0, 0x1E, 0x1E, 0x07, 0x80, 0x0F, 0xBE, 0x0F, 0x80, 0x0F, 0xFC, 0x1F, 0x00, 0x07,
    0xFC, 0x00, 0x00, 0x01, 0xF0, 0x00, 0xFC, 0x00, 0x01, 0xFF, 0x80, 0x01, 0xFF, 0xE0, 0x01, 0xFF,
    0xF8, 0x00, 0xF8, 0x7C, 0x00, 0xF8, 0x1E, 0x00, 0x7C, 0x0F, 0x80, 0x3C, 0x07, 0xC0, 0x1F, 0x03,
    0xC0, 0x0F, 0x83, 0xE0, 0x03, 0xE3, 0xF0, 0x01, 0xF3, 0xF0, 0x00, 0x7F, 0xF0, 0x00, 0x1F, 0xF0,
    0x00, 0x0F, 0xE0, 0x00, 0x0F, 0xF0, 0x00, 0x0F, 0xFC, 0x00, 0x0F, 0xFE, 0x07, 0x0F, 0xCF, 0x87,
    0xCF, 0xC3, 0xE3, 0xE7, 0xC1, 0xF9, 0xE3, 0xC0, 0x7E, 0xF1, 0xE0, 0x1F, 0xF8, 0xF0, 0x07, 0xFC,
    0x78, 0x01, 0xFC, 0x3E, 0x00, 0x7C, 0x1F, 0x80, 0x7F, 0x07, 0xE0, 0xFF, 0xC1, 0xFF, 0xFF, 0xE0,
    0x7F, 0xFE, 0xF8, 0x1F, 0xFC, 0x3E, 0x01, 0xF0, 0x00, 0xFF, 0xFF, 0xFF, 0xFF, 0xFF, 0xFF, 0x00,
    0x03, 0xC3, 0xC1, 0xE1, 0xF0, 0xF0, 0xF8, 0x7C, 0x3C, 0x3E, 0x1F, 0x0F, 0x07, 0x87, 0xC3, 0xE1,
    0xF0, 0xF0, 0x78, 0x3C, 0x1E, 0x0F, 0x07, 0x83, 0xC1, 0xE0, 0xF0, 0x7C, 0x3E, 0x1F, 0x07, 0x83,
    0xE1, 0xF0, 0x78, 0x3E, 0x1F, 0x07, 0x83, 0xE0, 0xF0, 0x7C, 0x1E, 0x00, 0x1E, 0x07, 0xC0, 0xF0,
    0x3C, 0x0F, 0x81, 0xE0, 0x7C, 0x1F, 0x03, 0xC0, 0xF0, 0x3E, 0x0F, 0x81, 0xE0, 0x78, 0x1E, 0x07,
    0xC1, 0xF0, 0x7C, 0x1F, 0x07, 0xC1, 0xF0, 0x7C, 0x1F, 0x07, 0xC1, 0xE0, 0x78, 0x1E, 0x0F, 0x83,
    0xE0, 0xF0, 0x7C, 0x1F, 0x07, 0x83, 0xE0, 0xF0, 0x7C, 0x1E, 0x07, 0x80, 0x01, 0xC0, 0x01, 0xE0,
    0x00, 0x70, 0x00, 0x38, 0x07, 0x1C, 0x77, 0xCE, 0xFB, 0xFF, 0xFC, 0x7F, 0xFC, 0x0F, 0xF8, 0x03,
    0xF8, 0x07, 0xFF, 0x0F, 0xFF, 0xEF, 0xDD, 0xFF, 0x8E, 0x79, 0x87, 0x0C, 0x03, 0x80, 0x01, 0xC0,
    0x00, 0xE0, 0x00, 0x00, 0x78, 0x00, 0x03, 0xC0, 0x00, 0x1E, 0x00, 0x00, 0xF0, 0x00, 0x07, 0x80,
    0x00, 0x3C, 0x00, 0x01, 0xE0, 0x00, 0x0F, 0x00, 0x7F, 0xFF, 0xFF, 0xFF, 0xFF, 0xFF, 0xFF, 0xFF,
    0xFF, 0xFF, 0xF0, 0x07, 0x80, 0x00, 0x3C, 0x00, 0x01, 0xE0, 0x00, 0x0F, 0x00, 0x00, 0x78, 0x00,
    0x03, 0xC0, 0x00, 0x1E, 0x00, 0x00, 0xF0, 0x00, 0x3C, 0x79, 0xF3, 0xE7, 0x8F, 0x1E, 0x3C, 0xF1,
    0xE3, 0xC7, 0x80, 0x7F, 0xFD, 0xFF, 0xFB, 0xFF, 0xF7, 0xFF, 0xE0, 0x00, 0xF9, 0xFB, 0xF7, 0xEF,
    0x86, 0x00, 0x00, 0x3C, 0x00, 0xF0, 0x03, 0xC0, 0x1E, 0x00, 0x78, 0x01, 0xE0, 0x07, 0x80, 0x3C,
    0x00, 0xF0, 0x03, 0xC0, 0x1F, 0x00, 0x78, 0x01, 0xE0, 0x07, 0x80, 0x3C, 0x00, 0xF0, 0x03, 0xC0,
    0x0F, 0x00, 0x78, 0x01, 0xE0, 0x07, 0x80, 0x3E, 0x00, 0xF0, 0x03, 0xC0, 0x0F, 0x00, 0x78, 0x01,
    0xE0, 0x07, 0x80, 0x1E, 0x00, 0xF0, 0x03, 0xC0, 0x0F, 0x00, 0x3C, 0x01, 0xE0, 0x07, 0x80, 0x1E,
    0x00, 0x70, 0x00, 0x00, 0xFE, 0x00, 0x0F, 0xFE, 0x00, 0xFF, 0xFC, 0x07, 0xFF, 0xF8, 0x1F, 0x87,
    0xE0, 0xF8, 0x07, 0xC3, 0xC0, 0x0F, 0x9F, 0x00, 0x3E, 0x78, 0x00, 0x79, 0xE0, 0x01, 0xEF, 0x80,
    0x07, 0xFE, 0x00, 0x1F, 0xF8, 0x00, 0x3F, 0xC0, 0x00, 0xFF, 0x00, 0x03, 0xFC, 0x00, 0x0F, 0xF0,
    0x00, 0x3F, 0xC0, 0x00, 0xFF, 0x00, 0x03, 0xFE, 0x00, 0x0F, 0xF8, 0x00, 0x7F, 0xE0, 0x01, 0xF7,
    0x80, 0x07, 0x9F, 0x00, 0x1E, 0x7C, 0x00, 0xF8, 0xF8, 0x07, 0xC3, 0xF0, 0x3F, 0x07, 0xF1, 0xF8,
    0x0F, 0xFF, 0xC0, 0x1F, 0xFE, 0x00, 0x3F, 0xF0, 0x00, 0x1F, 0x00, 0x01, 0xF0, 0x1F, 0x83, 0xFC,
    0x3F, 0xE3, 0xFF, 0x7F, 0x7B, 0xF3, 0xDE, 0x1E, 0xE0, 0xF6, 0x07, 0x80, 0x3C, 0x01, 0xE0, 0x0F,
    0x00, 0x78, 0x03, 0xC0, 0x1E, 0x00, 0xF0, 0x07, 0x80, 0x3C, 0x01, 0xE0, 0x0F, 0x00, 0x78, 0x03,
    0xC0, 0x1E, 0x00, 0xF0, 0x07, 0x80, 0x3C, 0x01, 0xE0, 0x0F, 0x00, 0x78, 0x03, 0xC0, 0x01, 0xFC,
    0x00, 0x3F, 0xF8, 0x07, 0xFF, 0xE0, 0x3F, 0xFF, 0x83, 0xF0, 0x7E, 0x3E, 0x00, 0xF9, 0xF0, 0x07,
    0xCF, 0x00, 0x1E, 0x78, 0x00, 0xF3, 0xC0, 0x07, 0x80, 0x00, 0x3C, 0x00, 0x03, 0xE0, 0x00, 0x1E,
    0x00, 0x01, 0xF0, 0x00, 0x1F, 0x00, 0x01, 0xF8, 0x00, 0x1F, 0x80, 0x00, 0xF8, 0x00, 0x0F, 0x80,
    0x00, 0xF8, 0x00, 0x0F, 0x80, 0x00, 0xF8, 0x00, 0x0F, 0x80, 0x00, 0xF8, 0x00, 0x0F, 0x80, 0x00,
    0xF8, 0x00, 0x0F, 0x80, 0x00, 0xFF, 0xFF, 0xEF, 0xFF, 0xFF, 0xFF, 0xFF, 0xFF, 0xFF, 0xFF, 0xE0,
    0x01, 0xFE, 0x00, 0x1F, 0xFE, 0x00, 0xFF, 0xFC, 0x07, 0xFF, 0xF8, 0x3F, 0x03, 0xE1, 0xF0, 0x07,
    0xC7, 0xC0, 0x0F, 0x1E, 0x00, 0x3C, 0x78, 0x00, 0xF8, 0x00, 0x03, 0xC0, 0x00, 0x0F, 0x00, 0x00,
    0x7C, 0x00, 0x03, 0xE0, 0x03, 0xFF, 0x80, 0x1F, 0xF8, 0x00, 0x7F, 0xE0, 0x01, 0xFF, 0xE0, 0x03,
    0xFF, 0xC0, 0x00, 0x1F, 0x00, 0x00, 0x3E, 0x00, 0x00, 0x78, 0x00, 0x01, 0xE0, 0x00, 0x07, 0xFE,
    0x00, 0x1F, 0xF8, 0x00, 0x79, 0xF0, 0x03, 0xE7, 0xE0, 0x1F, 0x8F, 0xE1, 0xFC, 0x3F, 0xFF, 0xE0,
    0x7F, 0xFF, 0x00, 0x7F, 0xF8, 0x00, 0x3F, 0x00, 0x00, 0x07, 0xC0, 0x00, 0x0F, 0xC0, 0x00, 0x3F,
    0x80, 0x00, 0xFF, 0x00, 0x01, 0xFE, 0x00, 0x07, 0xFC, 0x00, 0x1F, 0xF8, 0x00, 0x3F, 0xF0, 0x00,
    0xFB, 0xE0, 0x01, 0xE7, 0xC0, 0x07, 0xCF, 0x80, 0x1F, 0x1F, 0x00, 0x3C, 0x3E, 0x00, 0xF8, 0x7C,
    0x03, 0xE0, 0xF8, 0x07, 0x81, 0xF0, 0x1F, 0x03, 0xE0, 0x7C, 0x07, 0xC0, 0xF0, 0x0F, 0x83, 0xE0,
    0x1F, 0x0F, 0x80, 0x3E, 0x1F, 0xFF, 0xFF, 0xFF, 0xFF, 0xFF, 0xFF, 0xFF, 0xFF, 0xFF, 0xFF, 0xFE,
    0x00, 0x07, 0xC0, 0x00, 0x0F, 0x80, 0x00, 0x1F, 0x00, 0x00, 0x3E, 0x00, 0x00, 0x7C, 0x00, 0x00,
    0xF8, 0x00, 0x3F, 0xFF, 0xE1, 0xFF, 0xFF, 0x0F, 0xFF, 0xF8, 0x7F, 0xFF, 0xC3, 0xC0, 0x00, 0x1E,
    0x00, 0x01, 0xF0, 0x00, 0x0F, 0x80, 0x00, 0x7C, 0x00, 0x03, 0xE0, 0x00, 0x1E, 0x00, 0x00, 0xF3,
    0xFC, 0x07, 0xFF, 0xF0, 0x3F, 0xFF, 0xE1, 0xFF, 0xFF, 0x0F, 0xC0, 0xFC, 0x78, 0x03, 0xF0, 0x00,
    0x0F, 0x80, 0x00, 0x3C, 0x00, 0x01, 0xE0, 0x00, 0x0F, 0x80, 0x00, 0x7C, 0x00, 0x03, 0xFF, 0x00,
    0x1E, 0xF8, 0x01, 0xF7, 0xC0, 0x0F, 0x9F, 0x00, 0xF8, 0xFF, 0x1F, 0xC3, 0xFF, 0xFC, 0x0F, 0xFF,
    0xC0, 0x1F, 0xF8, 0x00, 0x1F, 0x00, 0x00, 0xFE, 0x00, 0x0F, 0xFE, 0x00, 0x7F, 0xFC, 0x03, 0xFF,
    0xF8, 0x1F, 0x83, 0xF0, 0xF8, 0x07, 0xC3, 0xE0, 0x0F, 0x9F, 0x00, 0x1E, 0x78, 0x00, 0x79, 0xE0,
    0x00, 0x07, 0x80, 0x00, 0x3E, 0x3F, 0x80, 0xF3, 0xFF, 0x83, 0xDF, 0xFF, 0x0F, 0xFF, 0xFE, 0x3F,
    0xC0, 0xFC, 0xFE, 0x01, 0xFB, 0xF0, 0x03, 0xEF, 0x80, 0x07, 0xBE, 0x00, 0x1E, 0xF8, 0x00, 0x7F,
    0xE0, 0x01, 0xF7, 0x80, 0x07, 0x9E, 0x00, 0x1E, 0x7C, 0x00, 0xF9, 0xF0, 0x03, 0xE3, 0xE0, 0x1F,
    0x07, 0xF3, 0xFC, 0x1F, 0xFF, 0xE0, 0x3F, 0xFF, 0x00, 0x3F, 0xF0, 0x00, 0x1F, 0x00, 0x7F, 0xFF,
    0xF7, 0xFF, 0xFF, 0xFF, 0xFF, 0xFF, 0xFF, 0xFF, 0xF0, 0x00, 0x0F, 0x80, 0x00, 0xF8, 0x00, 0x07,
    0xC0, 0x00, 0x7C, 0x00, 0x03, 0xE0, 0x00, 0x3E, 0x00, 0x01, 0xF0, 0x00, 0x1F, 0x00, 0x00, 0xF8,
    0x00, 0x0F, 0x80, 0x00, 0x7C, 0x00, 0x07, 0xC0, 0x00, 0x3E, 0x00, 0x03, 0xE0, 0x00, 0x1F, 0x00,
    0x01, 0xF0, 0x00, 0x0F, 0x80, 0x00, 0xF8, 0x00, 0x07, 0xC0, 0x00, 0x7C, 0x00, 0x03, 0xE0, 0x00,
    0x3E, 0x00, 0x01, 0xF0, 0x00, 0x1F, 0x00, 0x00, 0xF8, 0x00, 0x0F, 0x80, 0x00, 0x7C, 0x00, 0x00,
    0x01, 0xFC, 0x00, 0x1F, 0xFE, 0x00, 0xFF, 0xFC, 0x07, 0xFF, 0xF8, 0x3F, 0x07, 0xE0, 0xF8, 0x07,
    0xC7, 0xC0, 0x1F, 0x1F, 0x00, 0x3C, 0x7C, 0x00, 0xF1, 0xF0, 0x03, 0xC7, 0xC0, 0x0F, 0x0F, 0x00,
    0x7C, 0x3E, 0x03, 0xE0, 0x7F, 0xFF, 0x00, 0xFF, 0xF8, 0x03, 0xFF, 0xE0, 0x1F, 0xFF, 0xE0, 0xFE,
    0x3F, 0x87, 0xE0, 0x1F, 0x1F, 0x00, 0x3E, 0xF8, 0x00, 0xFB, 0xE0, 0x01, 0xEF, 0x00, 0x07, 0xBE,
    0x00, 0x1E, 0xF8, 0x00, 0x7B, 0xE0, 0x03, 0xE7, 0xC0, 0x1F, 0x9F, 0xE1, 0xFC, 0x3F, 0xFF, 0xE0,
    0x7F, 0xFF, 0x00, 0x7F, 0xF8, 0x00, 0x3F, 0x00, 0x01, 0xFC, 0x00, 0x1F, 0xFC, 0x01, 0xFF, 0xF8,
    0x0F, 0xFF, 0xF0, 0x3F, 0x07, 0xE1, 0xF8, 0x07, 0xC7, 0xC0, 0x1F, 0x3E, 0x00, 0x3E, 0xF8, 0x00,
    0xFB, 0xE0, 0x01, 0xEF, 0x00, 0x07, 0xBE, 0x00, 0x1E, 0xF8, 0x00, 0xFB, 0xE0, 0x03, 0xF7, 0xC0,
    0x1F, 0xDF, 0x80, 0xFF, 0x3F, 0x8F, 0xF8, 0x7F, 0xFF, 0xE0, 0xFF, 0xF7, 0x81, 0xFF, 0x9E, 0x01,
    0xF0, 0x78, 0x00, 0x01, 0xE0, 0x00, 0x0F, 0xBE, 0x00, 0x3C, 0xF8, 0x01, 0xF1, 0xF0, 0x07, 0x87,
    0xE0, 0x3E, 0x0F, 0xE3, 0xF0, 0x3F, 0xFF, 0xC0, 0x7F, 0xFE, 0x00, 0x7F, 0xE0, 0x00, 0x7E, 0x00,
    0x00, 0xF9, 0xFB, 0xF7, 0xEF, 0x86, 0x00, 0x00, 0x00, 0x00, 0x00, 0x00, 0x00, 0x00, 0x00, 0xF9,
    0xFB, 0xF7, 0xEF, 0x86, 0x00, 0x00, 0x79, 0xFB, 0xF7, 0xE7, 0xC6, 0x00, 0x00, 0x00, 0x00, 0x00,
    0x00, 0x00, 0x00, 0x00, 0x78, 0xF3, 0xE7, 0xCF, 0x1E, 0x3C, 0x79, 0xE3, 0xC7, 0x8F, 0x00, 0x00,
    0x00, 0x30, 0x00, 0x0F, 0x00, 0x03, 0xF0, 0x00, 0xFF, 0x00, 0x3F, 0xF0, 0x0F, 0xFC, 0x03, 0xFE,
    0x00, 0xFF, 0x80, 0x3F, 0xE0, 0x0F, 0xF8, 0x00, 0xFE, 0x00, 0x0F, 0xC0, 0x00, 0xFF, 0x80, 0x03,
    0xFE, 0x00, 0x0F, 0xF8, 0x00, 0x3F, 0xE0, 0x00, 0xFF, 0x80, 0x03, 0xFE, 0x00, 0x0F, 0xF0, 0x00,
    0x3F, 0x00, 0x00, 0xF0, 0x00, 0x03, 0x00, 0x00, 0x00, 0xFF, 0xFF, 0xFF, 0xFF, 0xFF, 0xFF, 0xFF,
    0xFF, 0xFF, 0xF0, 0x00, 0x00, 0x00, 0x00, 0x00, 0x00, 0x00, 0x00, 0x00, 0x00, 0x00, 0x1F, 0xFF,
    0xFF, 0xFF, 0xFF, 0xFF, 0xFF, 0xF7, 0xFF, 0xFE, 0xC0, 0x00, 0x0F, 0x00, 0x00, 0xFC, 0x00, 0x0F,
    0xF0, 0x00, 0x7F, 0xC0, 0x01, 0xFF, 0x00, 0x07, 0xFC, 0x00, 0x1F, 0xF0, 0x00, 0x7F, 0xC0, 0x01,
    0xFF, 0x00, 0x07, 0xF0, 0x00, 0x3F, 0x00, 0x0F, 0xF0, 0x03, 0xFC, 0x00, 0xFF, 0x00, 0x7F, 0xE0,
    0x1F, 0xF8, 0x07, 0xFE, 0x00, 0xFF, 0x80, 0x0F, 0xE0, 0x00, 0xF8, 0x00, 0x0E, 0x00, 0x00, 0x00,
    0x00, 0x00, 0x03, 0xF8, 0x01, 0xFF, 0xC0, 0x7F, 0xFC, 0x1F, 0xFF, 0xC7, 0xE0, 0xFC, 0xF8, 0x0F,
    0xBE, 0x00, 0xFF, 0xC0, 0x1F, 0xF8, 0x03, 0xE0, 0x00, 0x7C, 0x00, 0x0F, 0x00, 0x03, 0xE0, 0x00,
    0xFC, 0x00, 0x7F, 0x00, 0x1F, 0xC0, 0x07, 0xF0, 0x01, 0xF8, 0x00, 0x3E, 0x00, 0x07, 0x80, 0x00,
    0xF0, 0x00, 0x1E, 0x00, 0x03, 0xC0, 0x00, 0x00, 0x00, 0x00, 0x00, 0x00, 0x00, 0x00, 0x00, 0x00,
    0x07, 0x80, 0x01, 0xF8, 0x00, 0x3F, 0x00, 0x07, 0xE0, 0x00, 0xF8, 0x00, 0x06, 0x00, 0x00, 0x01,
    0xFC, 0x00, 0x00, 0x01, 0xFF, 0xFC, 0x00, 0x00, 0x7F, 0xFF, 0xF0, 0x00, 0x1F, 0xFF, 0xFF, 0xC0,
    0x03, 0xFC, 0x01, 0xFE, 0x00, 0x7E, 0x00, 0x03, 0xF0, 0x0F, 0xC0, 0x00, 0x1F, 0x81, 0xF8, 0x00,
    0x00, 0xF8, 0x1F, 0x00, 0x00, 0x07, 0xC3, 0xE0, 0x1F, 0x00, 0x3E, 0x3C, 0x07, 0xFD, 0xE1, 0xE7,
    0xC0, 0xFF, 0xFE, 0x1E, 0x78, 0x1F, 0xFF, 0xE0, 0xF7, 0x83, 0xF0, 0xFE, 0x0F, 0xF8, 0x3C, 0x03,
    0xE0, 0xFF, 0x07, 0xC0, 0x3E, 0x0F, 0xF0, 0x78, 0x01, 0xE0, 0xFF, 0x07, 0x80, 0x1E, 0x0F, 0xF0,
    0x78, 0x01, 0xE0, 0xFF, 0x07, 0x80, 0x1E, 0x0F, 0xF0, 0x78, 0x01, 0xE0, 0xFF, 0x07, 0x80, 0x1E,
    0x0F, 0xF0, 0x78, 0x03, 0xE0, 0xFF, 0x83, 0xC0, 0x3E, 0x0F, 0xF8, 0x3E, 0x07, 0xE1, 0xE7, 0x83,
    0xF0, 0xFE, 0x1E, 0x78, 0x1F, 0xFF, 0xFF, 0xE7, 0xC0, 0xFF, 0xEF, 0xFC, 0x3C, 0x07, 0xF8, 0x7F,
    0x83, 0xE0, 0x0E, 0x01, 0xE0, 0x1F, 0x00, 0x00, 0x00, 0x01, 0xF8, 0x00, 0x00, 0x00, 0x0F, 0xC0,
    0x00, 0x00, 0x00, 0x7F, 0x00, 0x02, 0x00, 0x03, 0xFF, 0x03, 0xF0, 0x00, 0x0F, 0xFF, 0xFF, 0x00,
    0x00, 0x3F, 0xFF, 0xF0, 0x00, 0x00, 0xFF, 0xFC, 0x00, 0x00, 0x00, 0x00, 0x00, 0x00, 0x00, 0x0F,
    0x80, 0x00, 0x01, 0xF8, 0x00, 0x00, 0x1F, 0x80, 0x00, 0x01, 0xFC, 0x00, 0x00, 0x3F, 0xC0, 0x00,
    0x03, 0xFE, 0x00, 0x00, 0x7D, 0xE0, 0x00, 0x07, 0x9E, 0x00, 0x00, 0x79, 0xF0, 0x00, 0x0F, 0x8F,
    0x00, 0x00, 0xF0, 0xF0, 0x00, 0x0F, 0x0F, 0x80, 0x01, 0xF0, 0x78, 0x00, 0x1E, 0x07, 0x80, 0x01,
    0xE0, 0x7C, 0x00, 0x3E, 0x03, 0xC0, 0x03, 0xC0, 0x3E, 0x00, 0x7C, 0x03, 0xE0, 0x07, 0xC0, 0x1E,
    0x00, 0x7F, 0xFF, 0xF0, 0x0F, 0xFF, 0xFF, 0x00, 0xFF, 0xFF, 0xF0, 0x0F, 0xFF, 0xFF, 0x81, 0xF0,
    0x00, 0xF8, 0x1F, 0x00, 0x07, 0x81, 0xE0, 0x00, 0x7C, 0x3E, 0x00, 0x07, 0xC3, 0xE0, 0x00, 0x3E,
    0x7C, 0x00, 0x03, 0xE7, 0xC0, 0x00, 0x1E, 0x7C, 0x00, 0x01, 0xF0, 0xFF, 0xFC, 0x03, 0xFF, 0xFE,
    0x0F, 0xFF, 0xFC, 0x3F, 0xFF, 0xF8, 0xF8, 0x0F, 0xF3, 0xE0, 0x07, 0xCF, 0x80, 0x0F, 0xBE, 0x00,
    0x3E, 0xF8, 0x00, 0x7B, 0xE0, 0x01, 0xEF, 0x80, 0x0F, 0xBE, 0x00, 0x3E, 0xF8, 0x01, 0xF3, 0xE0,
    0x3F, 0x8F, 0xFF, 0xFC, 0x3F, 0xFF, 0xF0, 0xFF, 0xFF, 0xE3, 0xFF, 0xFF, 0xCF, 0x80, 0x1F, 0xBE,
    0x00, 0x1F, 0xF8, 0x00, 0x7F, 0xE0, 0x00, 0xFF, 0x80, 0x03, 0xFE, 0x00, 0x0F, 0xF8, 0x00, 0x3F,
    0xE0, 0x01, 0xFF, 0x80, 0x0F, 0xFF, 0xFF, 0xFE, 0xFF, 0xFF, 0xF3, 0xFF, 0xFF, 0x8F, 0xFF, 0xF8,
    0x00, 0x00, 0x3F, 0xC0, 0x00, 0x3F, 0xFE, 0x00, 0x0F, 0xFF, 0xF0, 0x03, 0xFF, 0xFF, 0x00, 0xFE,
    0x0F, 0xF0, 0x3F, 0x00, 0x3F, 0x0F, 0xC0, 0x03, 0xE1, 0xF0, 0x00, 0x3E, 0x7C, 0x00, 0x07, 0xCF,
    0x80, 0x00, 0x79, 0xE0, 0x00, 0x0F, 0x7C, 0x00, 0x00, 0x0F, 0x80, 0x00, 0x01, 0xF0, 0x00, 0x00,
    0x3E, 0x00, 0x00, 0x07, 0x80, 0x00, 0x00, 0xF0, 0x00, 0x00, 0x1F, 0x00, 0x00, 0x03, 0xE0, 0x00,
    0x00, 0x7C, 0x00, 0x00, 0x0F, 0x80, 0x00, 0x00, 0xF0, 0x00, 0x07, 0x9F, 0x00, 0x00, 0xF3, 0xE0,
    0x00, 0x3E, 0x3E, 0x00, 0x07, 0xC7, 0xE0, 0x01, 0xF0, 0x7F, 0x00, 0xFE, 0x07, 0xFF, 0xFF, 0x80,
    0x7F, 0xFF, 0xE0, 0x07, 0xFF, 0xF8, 0x00, 0x3F, 0xFC, 0x00, 0x00, 0xFC, 0x00, 0xFF, 0xF8, 0x00,
    0x7F, 0xFF, 0xC0, 0x3F, 0xFF, 0xF8, 0x1F, 0xFF, 0xFE, 0x0F, 0x81, 0xFF, 0x87, 0xC0, 0x0F, 0xE3,
    0xE0, 0x01, 0xF1, 0xF0, 0x00, 0x7C, 0xF8, 0x00, 0x1F, 0x7C, 0x00, 0x0F, 0xBE, 0x00, 0x03, 0xDF,
    0x00, 0x01, 0xEF, 0x80, 0x00, 0xFF, 0xC0, 0x00, 0x7F, 0xE0, 0x00, 0x3F, 0xF0, 0x00, 0x1F, 0xF8,
    0x00, 0x0F, 0xFC, 0x00, 0x07, 0xFE, 0x00, 0x03, 0xFF, 0x00, 0x01, 0xEF, 0x80, 0x00, 0xF7, 0xC0,
    0x00, 0xFB, 0xE0, 0x00, 0x7D, 0xF0, 0x00, 0x7C, 0xF8, 0x00, 0x7E, 0x7C, 0x00, 0x7E, 0x3E, 0x00,
    0xFF, 0x1F, 0xFF, 0xFF, 0x0F, 0xFF, 0xFE, 0x07, 0xFF, 0xFE, 0x03, 0xFF, 0xFC, 0x00, 0xFF, 0xFF,
    0xEF, 0xFF, 0xFF, 0xFF, 0xFF, 0xFF, 0xFF, 0xFF, 0xF8, 0x00, 0x0F, 0x80, 0x00, 0xF8, 0x00, 0x0F,
    0x80, 0x00, 0xF8, 0x00, 0x0F, 0x80, 0x00, 0xF8, 0x00, 0x0F, 0x80, 0x00, 0xF8, 0x00, 0x0F, 0x80,
    0x00, 0xFF, 0xFF, 0xEF, 0xFF, 0xFE, 0xFF, 0xFF, 0xEF, 0xFF, 0xFC, 0xF8, 0x00, 0x0F, 0x80, 0x00,
    0xF8, 0x00, 0x0F, 0x80, 0x00, 0xF8, 0x00, 0x0F, 0x80, 0x00, 0xF8, 0x00, 0x0F, 0x80, 0x00, 0xF8,
    0x00, 0x0F, 0xFF, 0xFF, 0xFF, 0xFF, 0xFF, 0xFF, 0xFF, 0xFF, 0xFF, 0xF0, 0xFF, 0xFF, 0xEF, 0xFF,
    0xFE, 0xFF, 0xFF, 0xEF, 0xFF, 0xFE, 0xF8, 0x00, 0x0F, 0x80, 0x00, 0xF8, 0x00, 0x0F, 0x80, 0x00,
    0xF8, 0x00, 0x0F, 0x80, 0x00, 0xF8, 0x00, 0x0F, 0x80, 0x00, 0xF8, 0x00, 0x0F, 0x80, 0x00, 0xFF,
    0xFF, 0xCF, 0xFF, 0xFC, 0xFF, 0xFF, 0xCF, 0xFF, 0xFC, 0xF8, 0x00, 0x0F, 0x80, 0x00, 0xF8, 0x00,
    0x0F, 0x80, 0x00, 0xF8, 0x00, 0x0F, 0x80, 0x00, 0xF8, 0x00, 0x0F, 0x80, 0x00, 0xF8, 0x00, 0x0F,
    0x80, 0x00, 0xF8, 0x00, 0x0F, 0x80, 0x00, 0xF8, 0x00, 0x00, 0x00, 0x3F, 0xC0, 0x00, 0x3F, 0xFE,
    0x00, 0x0F, 0xFF, 0xF0, 0x03, 0xFF, 0xFF, 0x00, 0xFE, 0x0F, 0xF0, 0x3F, 0x00, 0x3F, 0x0F, 0xC0,
    0x03, 0xE1, 0xF0, 0x00, 0x3E, 0x7C, 0x00, 0x07, 0xCF, 0x80, 0x00, 0x79, 0xE0, 0x00, 0x0F, 0x7C,
    0x00, 0x00, 0x0F, 0x80, 0x00, 0x01, 0xF0, 0x00, 0x00, 0x3E, 0x00, 0x00, 0x07, 0x80, 0x0F, 0xFE,
    0xF0, 0x03, 0xFF, 0xFF, 0x00, 0x7F, 0xFF, 0xE0, 0x0F, 0xFF, 0xFC, 0x00, 0xFF, 0xFF, 0x80, 0x00,
    0x3E, 0xF0, 0x00, 0x07, 0xDF, 0x00, 0x00, 0xF3, 0xE0, 0x00, 0x3E, 0x3E, 0x00, 0x07, 0xC7, 0xE0,
    0x01, 0xF0, 0x7F, 0x00, 0xFE, 0x07, 0xFF, 0xFF, 0x80, 0x7F, 0xFF, 0xE0, 0x07, 0xFF, 0xF8, 0x00,
    0x3F, 0xFC, 0x00, 0x00, 0xFC, 0x00, 0xF0, 0x00, 0x0F, 0x7C, 0x00, 0x07, 0xFE, 0x00, 0x03, 0xFF,
    0x00, 0x01, 0xFF, 0x80, 0x00, 0xFF, 0xC0, 0x00, 0x7F, 0xE0, 0x00, 0x3F, 0xF0, 0x00, 0x1F, 0xF8,
    0x00, 0x0F, 0xFC, 0x00, 0x07, 0xFE, 0x00, 0x03, 0xFF, 0x00, 0x01, 0xFF, 0x80, 0x00, 0xFF, 0xFF,
    0xFF, 0xFF, 0xFF, 0xFF, 0xFF, 0xFF, 0xFF, 0xFF, 0xFF, 0xFF, 0xFF, 0xFF, 0xFF, 0xFF, 0xFE, 0x00,
    0x03, 0xFF, 0x00, 0x01, 0xFF, 0x80, 0x00, 0xFF, 0xC0, 0x00, 0x7F, 0xE0, 0x00, 0x3F, 0xF0, 0x00,
    0x1F, 0xF8, 0x00, 0x0F, 0xFC, 0x00, 0x07, 0xFE, 0x00, 0x03, 0xFF, 0x00, 0x01, 0xFF, 0x80, 0x00,
    0xFF, 0xC0, 0x00, 0x7F, 0xE0, 0x00, 0x3E, 0xF7, 0xFF, 0xFF, 0xFF, 0xFF, 0xFF, 0xFF, 0xFF, 0xFF,
    0xFF, 0xFF, 0xFF, 0xFF, 0xFF, 0xFF, 0xFF, 0xFF, 0xFF, 0xFF, 0xE0, 0x00, 0x01, 0xE0, 0x00, 0x3C,
    0x00, 0x07, 0x80, 0x00, 0xF0, 0x00, 0x1E, 0x00, 0x03, 0xC0, 0x00, 0x78, 0x00, 0x0F, 0x00, 0x01,
    0xE0, 0x00, 0x3C, 0x00, 0x07, 0x80, 0x00, 0xF0, 0x00, 0x1E, 0x00, 0x03, 0xC0, 0x00, 0x78, 0x00,
    0x0F, 0x00, 0x01, 0xE0, 0x00, 0x3C, 0x00, 0x07, 0x80, 0x00, 0xF7, 0x80, 0x1E, 0xF0, 0x03, 0xDE,
    0x00, 0x7B, 0xC0, 0x0F, 0x78, 0x03, 0xEF, 0x80, 0x7D, 0xF8, 0x1F, 0x9F, 0xCF, 0xE3, 0xFF, 0xF8,
    0x3F, 0xFE, 0x01, 0xFF, 0x80, 0x0F, 0x80, 0xF0, 0x00, 0x3F, 0xF8, 0x00, 0x7E, 0xF8, 0x00, 0xFC,
    0xF8, 0x00, 0xF8, 0xF8, 0x01, 0xF8, 0xF8, 0x03, 0xF0, 0xF8, 0x07, 0xE0, 0xF8, 0x0F, 0xC0, 0xF8,
    0x1F, 0x80, 0xF8, 0x3F, 0x00, 0xF8, 0x7E, 0x00, 0xF8, 0xFC, 0x00, 0xF9, 0xF8, 0x00, 0xFB, 0xF0,
    0x00, 0xFB, 0xF0, 0x00, 0xFF, 0xF8, 0x00, 0xFF, 0xFC, 0x00, 0xFF, 0x7C, 0x00, 0xFE, 0x3E, 0x00,
    0xFC, 0x3F, 0x00, 0xF8, 0x1F, 0x80, 0xF8, 0x0F, 0x80, 0xF8, 0x07, 0xC0, 0xF8, 0x07, 0xE0, 0xF8,
    0x03, 0xE0, 0xF8, 0x01, 0xF0, 0xF8, 0x01, 0xF8, 0xF8, 0x00, 0xFC, 0xF8, 0x00, 0x7C, 0xF8, 0x00,
    0x3E, 0xF8, 0x00, 0x3F, 0xF0, 0x00, 0x1F, 0x00, 0x03, 0xE0, 0x00, 0x7C, 0x00, 0x0F, 0x80, 0x01,
    0xF0, 0x00, 0x3E, 0x00, 0x07, 0xC0, 0x00, 0xF8, 0x00, 0x1F, 0x00, 0x03, 0xE0, 0x00, 0x7C, 0x00,
    0x0F, 0x80, 0x01, 0xF0, 0x00, 0x3E, 0x00, 0x07, 0xC0, 0x00, 0xF8, 0x00, 0x1F, 0x00, 0x03, 0xE0,
    0x00, 0x7C, 0x00, 0x0F, 0x80, 0x01, 0xF0, 0x00, 0x3E, 0x00, 0x07, 0xC0, 0x00, 0xF8, 0x00, 0x1F,
    0x00, 0x03, 0xE0, 0x00, 0x7F, 0xFF, 0xFF, 0xFF, 0xFF, 0xFF, 0xFF, 0xFF, 0xFF, 0xF8, 0xFC, 0x00,
    0x00, 0x7F, 0xFC, 0x00, 0x00, 0xFF, 0xF8, 0x00, 0x03, 0xFF, 0xF0, 0x00, 0x07, 0xFF, 0xF0, 0x00,
    0x1F, 0xFF, 0xE0, 0x00, 0x3F, 0xFF, 0xE0, 0x00, 0x7F, 0xFF, 0xC0, 0x01, 0xFF, 0xF7, 0x80, 0x03,
    0xDF, 0xFF, 0x80, 0x07, 0xBF, 0xEF, 0x00, 0x1F, 0x7F, 0xDF, 0x00, 0x3C, 0xFF, 0xBE, 0x00, 0xF9,
    0xFF, 0x3C, 0x01, 0xF3, 0xFE, 0x7C, 0x03, 0xC7, 0xFC, 0xF8, 0x0F, 0x8F, 0xF8, 0xF0, 0x1E, 0x1F,
    0xF1, 0xF0, 0x7C, 0x3F, 0xE1, 0xE0, 0xF8, 0x7F, 0xC3, 0xE1, 0xE0, 0xFF, 0x87, 0xC7, 0xC1, 0xFF,
    0x07, 0x8F, 0x03, 0xFE, 0x0F, 0x9E, 0x07, 0xFC, 0x0F, 0x7C, 0x0F, 0xF8, 0x1E, 0xF0, 0x1F, 0xF0,
    0x3F, 0xE0, 0x3F, 0xE0, 0x3F, 0x80, 0x7F, 0xC0, 0x7F, 0x00, 0xFF, 0x80, 0x7E, 0x01, 0xFF, 0x00,
    0xF8, 0x03, 0xFE, 0x01, 0xF0, 0x07, 0x80, 0xF8, 0x00, 0x07, 0xFE, 0x00, 0x07, 0xFF, 0x80, 0x03,
    0xFF, 0xC0, 0x01, 0xFF, 0xF0, 0x00, 0xFF, 0xF8, 0x00, 0x7F, 0xFE, 0x00, 0x3F, 0xFF, 0x80, 0x1F,
    0xFF, 0xC0, 0x0F, 0xFD, 0xF0, 0x07, 0xFE, 0x7C, 0x03, 0xFF, 0x3E, 0x01, 0xFF, 0x8F, 0x80, 0xFF,
    0xC7, 0xE0, 0x7F, 0xE1, 0xF0, 0x3F, 0xF0, 0x7C, 0x1F, 0xF8, 0x3E, 0x0F, 0xFC, 0x0F, 0x87, 0xFE,
    0x03, 0xE3, 0xFF, 0x01, 0xF1, 0xFF, 0x80, 0x7C, 0xFF, 0xC0, 0x3F, 0x7F, 0xE0, 0x0F, 0xBF, 0xF0,
    0x03, 0xFF, 0xF8, 0x01, 0xFF, 0xFC, 0x00, 0x7F, 0xFE, 0x00, 0x1F, 0xFF, 0x00, 0x0F, 0xFF, 0x80,
    0x03, 0xFF, 0xC0, 0x00, 0xFF, 0xE0, 0x00, 0x7E, 0x00, 0x3F, 0xC0, 0x00, 0x1F, 0xFF, 0x00, 0x03,
    0xFF, 0xFC, 0x00, 0x7F, 0xFF, 0xE0, 0x0F, 0xE0, 0xFF, 0x01, 0xF8, 0x01, 0xF8, 0x3F, 0x00, 0x0F,
    0x83, 0xE0, 0x00, 0x7C, 0x7C, 0x00, 0x03, 0xC7, 0xC0, 0x00, 0x3E, 0x78, 0x00, 0x03, 0xEF, 0x80,
    0x00, 0x1E, 0xF8, 0x00, 0x01, 0xFF, 0x80, 0x00, 0x1F, 0xF8, 0x00, 0x01, 0xFF, 0x00, 0x00, 0x1F,
    0xF0, 0x00, 0x01, 0xFF, 0x80, 0x00, 0x1F, 0xF8, 0x00, 0x01, 0xFF, 0x80, 0x00, 0x1E, 0xF8, 0x00,
    0x01, 0xE7, 0x80, 0x00, 0x3E, 0x7C, 0x00, 0x03, 0xE7, 0xC0, 0x00, 0x7C, 0x3E, 0x00, 0x07, 0xC3,
    0xF0, 0x00, 0xF8, 0x1F, 0xC0, 0x3F, 0x80, 0xFF, 0xFF, 0xF0, 0x07, 0xFF, 0xFE, 0x00, 0x3F, 0xFF,
    0xC0, 0x00, 0xFF, 0xF0, 0x00, 0x01, 0xF8, 0x00, 0xFF, 0xF8, 0x03, 0xFF, 0xFE, 0x0F, 0xFF, 0xFC,
    0x3F, 0xFF, 0xF8, 0xF8, 0x0F, 0xF3, 0xE0, 0x07, 0xEF, 0x80, 0x0F, 0xBE, 0x00, 0x1E, 0xF8, 0x00,
    0x7F, 0xE0, 0x01, 0xFF, 0x80, 0x07, 0xFE, 0x00, 0x1F, 0xF8, 0x00, 0x7B, 0xE0, 0x03, 0xEF, 0x80,
    0x0F, 0xBE, 0x00, 0xFC, 0xFF, 0xFF, 0xF3, 0xFF, 0xFF, 0x8F, 0xFF, 0xFC, 0x3F, 0xFF, 0xC0, 0xF8,
    0x00, 0x03, 0xE0, 0x00, 0x0F, 0x80, 0x00, 0x3E, 0x00, 0x00, 0xF8, 0x00, 0x03, 0xE0, 0x00, 0x0F,
    0x80, 0x00, 0x3E, 0x00, 0x00, 0xF8, 0x00, 0x03, 0xE0, 0x00, 0x0F, 0x80, 0x00, 0x00, 0x00, 0x3F,
    0xC0, 0x00, 0x1F, 0xFF, 0x00, 0x03, 0xFF, 0xFC, 0x00, 0x7F, 0xFF, 0xE0, 0x0F, 0xE0, 0xFF, 0x01,
    0xF8, 0x01, 0xF8, 0x3F, 0x00, 0x0F, 0x83, 0xE0, 0x00, 0x7C, 0x7C, 0x00, 0x03, 0xC7, 0xC0, 0x00,
    0x3E, 0x78, 0x00, 0x03, 0xEF, 0x80, 0x00, 0x1E, 0xF8, 0x00, 0x01, 0xFF, 0x80, 0x00, 0x1F, 0xF8,
    0x00, 0x01, 0xFF, 0x00, 0x00, 0x1F, 0xF0, 0x00, 0x01, 0xFF, 0x80, 0x00, 0x1F, 0xF8, 0x00, 0x01,
    0xFF, 0x80, 0x00, 0x1E, 0xF8, 0x00, 0x01, 0xE7, 0x80, 0xF8, 0x3E, 0x7C, 0x07, 0xC3, 0xE7, 0xC0,
    0x3E, 0x7C, 0x3E, 0x03, 0xE7, 0xC3, 0xF0, 0x1F, 0xF8, 0x1F, 0xC0, 0xFF, 0x80, 0xFF, 0xFF, 0xF0,
    0x07, 0xFF, 0xFE, 0x00, 0x3F, 0xFF, 0xE0, 0x00, 0xFF, 0xFF, 0x00, 0x01, 0xF8, 0xF8, 0x00, 0x00,
    0x0F, 0x80, 0x00, 0x00, 0x7C, 0xFF, 0xFC, 0x01, 0xFF, 0xFF, 0x03, 0xFF, 0xFF, 0x07, 0xFF, 0xFF,
    0x8F, 0x80, 0xFF, 0x1F, 0x00, 0x3F, 0x3E, 0x00, 0x3E, 0x7C, 0x00, 0x3E, 0xF8, 0x00, 0x7D, 0xF0,
    0x00, 0xFB, 0xE0, 0x01, 0xF7, 0xC0, 0x03, 0xEF, 0x80, 0x07, 0xDF, 0x00, 0x1F, 0x3E, 0x00, 0x7E,
    0x7F, 0xFF, 0xF8, 0xFF, 0xFF, 0xE1, 0xFF, 0xFF, 0x83, 0xFF, 0xFE, 0x07, 0xFF, 0xFC, 0x0F, 0x80,
    0xF8, 0x1F, 0x01, 0xF8, 0x3E, 0x01, 0xF0, 0x7C, 0x01, 0xF0, 0xF8, 0x03, 0xE1, 0xF0, 0x03, 0xE3,
    0xE0, 0x07, 0xC7, 0xC0, 0x07, 0xCF, 0x80, 0x0F, 0x9F, 0x00, 0x0F, 0xBE, 0x00, 0x1F, 0x80, 0x01,
    0xFF, 0x00, 0x0F, 0xFF, 0x80, 0x3F, 0xFF, 0x80, 0xFF, 0xFF, 0x83, 0xF0, 0x3F, 0x8F, 0xC0, 0x1F,
    0x1F, 0x00, 0x1F, 0x3C, 0x00, 0x3E, 0x78, 0x00, 0x3C, 0xF0, 0x00, 0x01, 0xF0, 0x00, 0x03, 0xF0,
    0x00, 0x03, 0xF8, 0x00, 0x07, 0xFE, 0x00, 0x07, 0xFF, 0x80, 0x03, 0xFF, 0xE0, 0x01, 0xFF, 0xE0,
    0x00, 0x7F, 0xF0, 0x00, 0x0F, 0xE0, 0x00, 0x07, 0xE0, 0x00, 0x07, 0xC0, 0x00, 0x07, 0xFC, 0x00,
    0x0F, 0xFC, 0x00, 0x1F, 0xF8, 0x00, 0x3D, 0xF8, 0x00, 0xF9, 0xF8, 0x03, 0xF3, 0xFC, 0x3F, 0xC3,
    0xFF, 0xFF, 0x03, 0xFF, 0xFC, 0x01, 0xFF, 0xF0, 0x00, 0x7F, 0x00, 0x7F, 0xFF, 0xFF, 0xFF, 0xFF,
    0xFF, 0xFF, 0xFF, 0xFF, 0xFF, 0xFF, 0xFF, 0x00, 0x3E, 0x00, 0x00, 0x3E, 0x00, 0x00, 0x3E, 0x00,
    0x00, 0x3E, 0x00, 0x00, 0x3E, 0x00, 0x00, 0x3E, 0x00, 0x00, 0x3E, 0x00, 0x00, 0x3E, 0x00, 0x00,
    0x3E, 0x00, 0x00, 0x3E, 0x00, 0x00, 0x3E, 0x00, 0x00, 0x3E, 0x00, 0x00, 0x3E, 0x00, 0x00, 0x3E,
    0x00, 0x00, 0x3E, 0x00, 0x00, 0x3E, 0x00, 0x00, 0x3E, 0x00, 0x00, 0x3E, 0x00, 0x00, 0x3E, 0x00,
    0x00, 0x3E, 0x00, 0x00, 0x3E, 0x00, 0x00, 0x3E, 0x00, 0x00, 0x3E, 0x00, 0x00, 0x3E, 0x00, 0x00,
    0x3E, 0x00, 0x00, 0x3E, 0x00, 0x00, 0x3E, 0x00, 0xF0, 0x00, 0x0F, 0x7C, 0x00, 0x07, 0xFE, 0x00,
    0x03, 0xFF, 0x00, 0x01, 0xFF, 0x80, 0x00, 0xFF, 0xC0, 0x00, 0x7F, 0xE0, 0x00, 0x3F, 0xF0, 0x00,
    0x1F, 0xF8, 0x00, 0x0F, 0xFC, 0x00, 0x07, 0xFE, 0x00, 0x03, 0xFF, 0x00, 0x01, 0xFF, 0x80, 0x00,
    0xFF, 0xC0, 0x00, 0x7F, 0xE0, 0x00, 0x3F, 0xF0, 0x00, 0x1F, 0xF8, 0x00, 0x0F, 0xFC, 0x00, 0x07,
    0xFE, 0x00, 0x03, 0xFF, 0x00, 0x01, 0xFF, 0x80, 0x00, 0xFF, 0xC0, 0x00, 0x7B, 0xE0, 0x00, 0x3D,
    0xF0, 0x00, 0x3E, 0x7C, 0x00, 0x1F, 0x3F, 0x00, 0x1F, 0x0F, 0xC0, 0x1F, 0x87, 0xFC, 0x7F, 0x81,
    0xFF, 0xFF, 0x80, 0x7F, 0xFF, 0x80, 0x0F, 0xFF, 0x80, 0x00, 0xFE, 0x00, 0x78, 0x00, 0x01, 0xF7,
    0xC0, 0x00, 0x1F, 0x7C, 0x00, 0x03, 0xE3, 0xC0, 0x00, 0x3E, 0x3E, 0x00, 0x03, 0xC3, 0xE0, 0x00,
    0x7C, 0x1E, 0x00, 0x07, 0xC1, 0xF0, 0x00, 0x78, 0x1F, 0x00, 0x0F, 0x80, 0xF0, 0x00, 0xF8, 0x0F,
    0x80, 0x0F, 0x00, 0x78, 0x01, 0xF0, 0x07, 0xC0, 0x1F, 0x00, 0x7C, 0x01, 0xE0, 0x03, 0xC0, 0x3E,
    0x00, 0x3E, 0x03, 0xC0, 0x03, 0xE0, 0x3C, 0x00, 0x1E, 0x07, 0xC0, 0x01, 0xF0, 0x78, 0x00, 0x1F,
    0x07, 0x80, 0x00, 0xF0, 0xF8, 0x00, 0x0F, 0x8F, 0x00, 0x00, 0x78, 0xF0, 0x00, 0x07, 0x9F, 0x00,
    0x00, 0x7D, 0xE0, 0x00, 0x03, 0xDE, 0x00, 0x00, 0x3F, 0xC0, 0x00, 0x03, 0xFC, 0x00, 0x00, 0x1F,
    0xC0, 0x00, 0x01, 0xF8, 0x00, 0x00, 0x1F, 0x80, 0x00, 0x78, 0x00, 0x3E, 0x00, 0x0F, 0x78, 0x00,
    0x3E, 0x00, 0x1F, 0x7C, 0x00, 0x7E, 0x00, 0x1F, 0x7C, 0x00, 0x7F, 0x00, 0x1E, 0x3C, 0x00, 0x7F,
    0x00, 0x1E, 0x3C, 0x00, 0x7F, 0x00, 0x3E, 0x3E, 0x00, 0xFF, 0x00, 0x3E, 0x3E, 0x00, 0xFF, 0x80,
    0x3C, 0x1E, 0x00, 0xF7, 0x80, 0x7C, 0x1E, 0x01, 0xF7, 0x80, 0x7C, 0x1F, 0x01, 0xF7, 0x80, 0x7C,
    0x1F, 0x01, 0xE7, 0xC0, 0x78, 0x0F, 0x01, 0xE3, 0xC0, 0xF8, 0x0F, 0x03, 0xE3, 0xC0, 0xF8, 0x0F,
    0x83, 0xC3, 0xE0, 0xF0, 0x07, 0x83, 0xC3, 0xE0, 0xF0, 0x07, 0x83, 0xC1, 0xE1, 0xF0, 0x07, 0xC7,
    0xC1, 0xE1, 0xF0, 0x07, 0xC7, 0x81, 0xF1, 0xE0, 0x03, 0xC7, 0x80, 0xF1, 0xE0, 0x03, 0xC7, 0x80,
    0xF3, 0xE0, 0x03, 0xEF, 0x80, 0xF3, 0xC0, 0x03, 0xEF, 0x00, 0xFB, 0xC0, 0x01, 0xEF, 0x00, 0x7B,
    0xC0, 0x01, 0xEF, 0x00, 0x7F, 0xC0, 0x01, 0xFF, 0x00, 0x7F, 0x80, 0x00, 0xFE, 0x00, 0x7F, 0x80,
    0x00, 0xFE, 0x00, 0x3F, 0x80, 0x00, 0xFE, 0x00, 0x3F, 0x80, 0x00, 0xFC, 0x00, 0x3F, 0x00, 0x00,
    0x7C, 0x00, 0x1F, 0x00, 0x78, 0x00, 0x07, 0xCF, 0x80, 0x01, 0xF1, 0xF8, 0x00, 0x7E, 0x1F, 0x00,
    0x0F, 0x81, 0xF0, 0x03, 0xE0, 0x1F, 0x00, 0xFC, 0x03, 0xF0, 0x1F, 0x00, 0x3E, 0x07, 0xC0, 0x03,
    0xE1, 0xF8, 0x00, 0x7C, 0x3E, 0x00, 0x07, 0xCF, 0x80, 0x00, 0x7F, 0xE0, 0x00, 0x0F, 0xFC, 0x00,
    0x00, 0xFF, 0x00, 0x00, 0x0F, 0xC0, 0x00, 0x01, 0xF8, 0x00, 0x00, 0x3F, 0x80, 0x00, 0x0F, 0xF0,
    0x00, 0x03, 0xFF, 0x00, 0x00, 0x7F, 0xF0, 0x00, 0x1F, 0x3E, 0x00, 0x07, 0xC3, 0xE0, 0x00, 0xF8,
    0x7E, 0x00, 0x3E, 0x07, 0xC0, 0x0F, 0x80, 0x7C, 0x03, 0xF0, 0x0F, 0xC0, 0x7C, 0x00, 0xF8, 0x1F,
    0x00, 0x0F, 0x87, 0xE0, 0x00, 0xF8, 0xF8, 0x00, 0x1F, 0x3E, 0x00, 0x01, 0xF0, 0x7C, 0x00, 0x03,
    0xE7, 0xC0, 0x00, 0x3E, 0x3E, 0x00, 0x07, 0xC3, 0xE0, 0x00, 0xFC, 0x1F, 0x00, 0x0F, 0x80, 0xF8,
    0x01, 0xF0, 0x0F, 0x80, 0x1F, 0x00, 0x7C, 0x03, 0xE0, 0x07, 0xE0, 0x7E, 0x00, 0x3E, 0x07, 0xC0,
    0x01, 0xF0, 0xF8, 0x00, 0x1F, 0x0F, 0x80, 0x00, 0xF9, 0xF0, 0x00, 0x0F, 0xFE, 0x00, 0x00, 0x7F,
    0xE0, 0x00, 0x03, 0xFC, 0x00, 0x00, 0x3F, 0xC0, 0x00, 0x01, 0xF8, 0x00, 0x00, 0x0F, 0x00, 0x00,
    0x00, 0xF0, 0x00, 0x00, 0x0F, 0x00, 0x00, 0x00, 0xF0, 0x00, 0x00, 0x0F, 0x00, 0x00, 0x00, 0xF0,
    0x00, 0x00, 0x0F, 0x00, 0x00, 0x00, 0xF0, 0x00, 0x00, 0x0F, 0x00, 0x00, 0x00, 0xF0, 0x00, 0x00,
    0x0F, 0x00, 0x00, 0x00, 0xF0, 0x00, 0x00, 0x0F, 0x00, 0x00, 0xFF, 0xFF, 0xFF, 0xFF, 0xFF, 0xFF,
    0xFF, 0xFF, 0xFF, 0xFF, 0xFF, 0x00, 0x00, 0xF8, 0x00, 0x03, 0xE0, 0x00, 0x1F, 0x00, 0x00, 0xF8,
    0x00, 0x03, 0xE0, 0x00, 0x1F, 0x00, 0x00, 0xF8, 0x00, 0x07, 0xE0, 0x00, 0x1F, 0x00, 0x00, 0xF8,
    0x00, 0x07, 0xE0, 0x00, 0x1F, 0x00, 0x00, 0xF8, 0x00, 0x07, 0xC0, 0x00, 0x1F, 0x00, 0x00, 0xF8,
    0x00, 0x07, 0xC0, 0x00, 0x1F, 0x00, 0x00, 0xF8, 0x00, 0x07, 0xC0, 0x00, 0x3F, 0x00, 0x00, 0xF8,
    0x00, 0x07, 0xC0, 0x00, 0x3F, 0xFF, 0xFF, 0xFF, 0xFF, 0xFF, 0xFF, 0xFF, 0xFF, 0xFF, 0xFF, 0xC0,
    0x00, 0x7F, 0xFF, 0xFF, 0xFF, 0x07, 0x83, 0xC1, 0xE0, 0xF0, 0x78, 0x3C, 0x1E, 0x0F, 0x07, 0x83,
    0xC1, 0xE0, 0xF0, 0x78, 0x3C, 0x1E, 0x0F, 0x07, 0x83, 0xC1, 0xE0, 0xF0, 0x78, 0x3C, 0x1E, 0x0F,
    0x07, 0x83, 0xC1, 0xE0, 0xF0, 0x78, 0x3C, 0x1F, 0xEF, 0xFF, 0xFF, 0xFE, 0x78, 0x01, 0xE0, 0x07,
    0x80, 0x1E, 0x00, 0x3C, 0x00, 0xF0, 0x03, 0xC0, 0x0F, 0x00, 0x1E, 0x00, 0x78, 0x01, 0xE0, 0x07,
    0xC0, 0x0F, 0x00, 0x3C, 0x00, 0xF0, 0x01, 0xE0, 0x07, 0x80, 0x1E, 0x00, 0x78, 0x00, 0xF0, 0x03,
    0xC0, 0x0F, 0x00, 0x3C, 0x00, 0x78, 0x01, 0xE0, 0x07, 0x80, 0x1F, 0x00, 0x3C, 0x00, 0xF0, 0x03,
    0xC0, 0x07, 0x80, 0x1E, 0x00, 0x78, 0x01, 0xE0, 0x03, 0xC0, 0x0F, 0x00, 0x3C, 0x00, 0x7F, 0xFF,
    0xFF, 0xF0, 0xF8, 0x7C, 0x3E, 0x1F, 0x0F, 0x87, 0xC3, 0xE1, 0xF0, 0xF8, 0x7C, 0x3E, 0x1F, 0x0F,
    0x87, 0xC3, 0xE1, 0xF0, 0xF8, 0x7C, 0x3E, 0x1F, 0x0F, 0x87, 0xC3, 0xE1, 0xF0, 0xF8, 0x7C, 0x3E,
    0x1F, 0x0F, 0x87, 0xC3, 0xFF, 0xFF, 0xFF, 0xFF, 0xFE, 0x03, 0xE0, 0x01, 0xF0, 0x01, 0xFC, 0x00,
    0xFE, 0x00, 0xFF, 0x80, 0x7B, 0xC0, 0x7C, 0xF0, 0x3C, 0x78, 0x3E, 0x1E, 0x1E, 0x0F, 0x0F, 0x07,
    0xCF, 0x01, 0xE7, 0x80, 0xFF, 0x80, 0x3C, 0xFF, 0xFF, 0xFF, 0xFF, 0xFF, 0xFF, 0xFF, 0xFF, 0xFF,
    0xF0, 0x78, 0x7C, 0x7C, 0x3E, 0x1E, 0x1E, 0x0F, 0x03, 0xFC, 0x01, 0xFF, 0xE0, 0x7F, 0xFE, 0x1F,
    0xFF, 0xE3, 0xE0, 0x7E, 0xF8, 0x07, 0xCE, 0x00, 0x78, 0x00, 0x0F, 0x00, 0x01, 0xE0, 0x07, 0xFC,
    0x1F, 0xFF, 0x8F, 0xFF, 0xF3, 0xFF, 0xFE, 0xFF, 0x03, 0xDF, 0x00, 0x7B, 0xC0, 0x0F, 0xF8, 0x01,
    0xFF, 0x00, 0x7D, 0xE0, 0x1F, 0xBF, 0x07, 0xF7, 0xFF, 0xFE, 0x7F, 0xFB, 0xC3, 0xFE, 0x78, 0x1F,
    0x00, 0xF0, 0x00, 0x07, 0x80, 0x00, 0x3C, 0x00, 0x01, 0xE0, 0x00, 0x0F, 0x00, 0x00, 0x78, 0x00,
    0x03, 0xC0, 0x00, 0x1E, 0x00, 0x00, 0xF1, 0xFC, 0x07, 0x9F, 0xF8, 0x3D, 0xFF, 0xE1, 0xFF, 0xFF,
    0x8F, 0xE0, 0x7E, 0x7E, 0x01, 0xF3, 0xE0, 0x07, 0xDF, 0x00, 0x3E, 0xF0, 0x00, 0xF7, 0x80, 0x07,
    0xBC, 0x00, 0x3D, 0xE0, 0x01, 0xEF, 0x00, 0x0F, 0x78, 0x00, 0x7B, 0xC0, 0x03, 0xDE, 0x00, 0x1E,
    0xF8, 0x01, 0xF7, 0xC0, 0x0F, 0x3F, 0x00, 0xF9, 0xFE, 0x1F, 0x8F, 0xFF, 0xFC, 0x7B, 0xFF, 0xC3,
    0xCF, 0xF8, 0x00, 0x1F, 0x00, 0x01, 0xFE, 0x00, 0x3F, 0xFC, 0x03, 0xFF, 0xF0, 0x3F, 0xFF, 0xC1,
    0xF0, 0x3F, 0x1F, 0x00, 0xF8, 0xF0, 0x03, 0xEF, 0x80, 0x0C, 0x78, 0x00, 0x03, 0xC0, 0x00, 0x1E,
    0x00, 0x00, 0xF0, 0x00, 0x07, 0x80, 0x00, 0x3C, 0x00, 0x01, 0xE0, 0x00, 0x0F, 0x80, 0x00, 0x7C,
    0x00, 0xF1, 0xF0, 0x07, 0xCF, 0x80, 0x7C, 0x3F, 0x07, 0xE0, 0xFF, 0xFE, 0x03, 0xFF, 0xE0, 0x0F,
    0xFE, 0x00, 0x1F, 0x80, 0x00, 0x00, 0x78, 0x00, 0x01, 0xE0, 0x00, 0x07, 0x80, 0x00, 0x1E, 0x00,
    0x00, 0x78, 0x00, 0x01, 0xE0, 0x00, 0x07, 0x80, 0x00, 0x1E, 0x01, 0xFC, 0x78, 0x1F, 0xF9, 0xE0,
    0xFF, 0xF7, 0x87, 0xFF, 0xFE, 0x3F, 0x03, 0xF8, 0xF8, 0x07, 0xE7, 0xC0, 0x0F, 0x9F, 0x00, 0x3E,
    0x78, 0x00, 0x79, 0xE0, 0x01, 0xE7, 0x80, 0x07, 0x9E, 0x00, 0x1E, 0x78, 0x00, 0x79, 0xE0, 0x01,
    0xE7, 0x80, 0x07, 0x9F, 0x00, 0x1E, 0x7C, 0x00, 0xF8, 0xF8, 0x03, 0xE3, 0xE0, 0x1F, 0x87, 0xE1,
    0xFE, 0x1F, 0xFF, 0xF8, 0x3F, 0xFD, 0xE0, 0x3F, 0xE7, 0x80, 0x3E, 0x00, 0x01, 0xFE, 0x00, 0x3F,
    0xFC, 0x03, 0xFF, 0xF0, 0x3F, 0xFF, 0xC1, 0xF0, 0x3F, 0x1F, 0x00, 0xF8, 0xF0, 0x03, 0xEF, 0x80,
    0x1F, 0x78, 0x00, 0x7B, 0xC0, 0x03, 0xDF, 0xFF, 0xFE, 0xFF, 0xFF, 0xF7, 0xFF, 0xFF, 0xBC, 0x00,
    0x01, 0xE0, 0x00, 0x0F, 0x00, 0x00, 0x7C, 0x00, 0x41, 0xE0, 0x07, 0xCF, 0x80, 0x3E, 0x3F, 0x07,
    0xE0, 0xFF, 0xFE, 0x03, 0xFF, 0xE0, 0x0F, 0xFE, 0x00, 0x1F, 0x80, 0x00, 0x7C, 0x03, 0xF8, 0x0F,
    0xF0, 0x3F, 0xE0, 0x7C, 0x01, 0xF0, 0x03, 0xE0, 0x07, 0xC0, 0x0F, 0x81, 0xFF, 0xFB, 0xFF, 0xF7,
    0xFF, 0xEF, 0xFF, 0xC1, 0xF0, 0x03, 0xE0, 0x07, 0xC0, 0x0F, 0x80, 0x1F, 0x00, 0x3E, 0x00, 0x7C,
    0x00, 0xF8, 0x01, 0xF0, 0x03, 0xE0, 0x07, 0xC0, 0x0F, 0x80, 0x1F, 0x00, 0x3E, 0x00, 0x7C, 0x00,
    0xF8, 0x01, 0xF0, 0x03, 0xE0, 0x07, 0xC0, 0x01, 0xFC, 0x78, 0x1F, 0xFD, 0xE0, 0xFF, 0xFF, 0x87,
    0xFF, 0xFE, 0x3F, 0x03, 0xF8, 0xF8, 0x07, 0xE7, 0xC0, 0x0F, 0x9F, 0x00, 0x3E, 0x78, 0x00, 0x79,
    0xE0, 0x01, 0xE7, 0x80, 0x07, 0x9E, 0x00, 0x1E, 0x78, 0x00, 0x79, 0xE0, 0x01, 0xE7, 0x80, 0x07,
    0x9F, 0x00, 0x1E, 0x7C, 0x00, 0xF8, 0xF8, 0x07, 0xE3, 0xF0, 0x3F, 0x87, 0xFF, 0xFE, 0x0F, 0xFF,
    0xF8, 0x1F, 0xFD, 0xE0, 0x1F, 0xC7, 0x80, 0x00, 0x1E, 0x00, 0x00, 0x78, 0x30, 0x01, 0xE3, 0xC0,
    0x0F, 0x8F, 0x80, 0x7E, 0x3F, 0xFF, 0xF0, 0x7F, 0xFF, 0x80, 0x7F, 0xFC, 0x00, 0xFF, 0xC0, 0xF0,
    0x00, 0x1E, 0x00, 0x03, 0xC0, 0x00, 0x78, 0x00, 0x0F, 0x00, 0x01, 0xE0, 0x00, 0x3C, 0x00, 0x07,
    0x80, 0x00, 0xF1, 0xFC, 0x1E, 0xFF, 0xE3, 0xFF, 0xFE, 0x7F, 0xFF, 0xCF, 0xE0, 0xFD, 0xF0, 0x0F,
    0xBE, 0x00, 0xF7, 0x80, 0x1E, 0xF0, 0x03, 0xFE, 0x00, 0x7F, 0xC0, 0x0F, 0xF8, 0x01, 0xFF, 0x00,
    0x3F, 0xE0, 0x07, 0xFC, 0x00, 0xFF, 0x80, 0x1F, 0xF0, 0x03, 0xFE, 0x00, 0x7F, 0xC0, 0x0F, 0xF8,
    0x01, 0xFF, 0x00, 0x3F, 0xE0, 0x07, 0xFC, 0x00, 0xF8, 0x01, 0xEF, 0xFF, 0xF9, 0xE0, 0x00, 0x01,
    0xE7, 0x9E, 0x79, 0xE7, 0x9E, 0x79, 0xE7, 0x9E, 0x79, 0xE7, 0x9E, 0x79, 0xE7, 0x9E, 0x79, 0xE7,
    0x9E, 0x00, 0x07, 0x87, 0xE3, 0xF1, 0xF0, 0x78, 0x00, 0x00, 0x00, 0x07, 0x83, 0xC1, 0xE0, 0xF0,
    0x78, 0x3C, 0x1E, 0x0F, 0x07, 0x83, 0xC1, 0xE0, 0xF0, 0x78, 0x3C, 0x1E, 0x0F, 0x07, 0x83, 0xC1,
    0xE0, 0xF0, 0x78, 0x3C, 0x1E, 0x0F, 0x07, 0x83, 0xC3, 0xE1, 0xF7, 0xF3, 0xF9, 0xF8, 0xF0, 0x00,
    0xF0, 0x00, 0x0F, 0x00, 0x00, 0xF0, 0x00, 0x0F, 0x00, 0x00, 0xF0, 0x00, 0x0F, 0x00, 0x00, 0xF0,
    0x00, 0x0F, 0x00, 0x00, 0xF0, 0x07, 0xCF, 0x00, 0xFC, 0xF0, 0x1F, 0x8F, 0x03, 0xF0, 0xF0, 0x7E,
    0x0F, 0x0F, 0xC0, 0xF1, 0xF8, 0x0F, 0x3F, 0x00, 0xF7, 0xE0, 0x0F, 0x7C, 0x00, 0xFF, 0xC0, 0x0F,
    0xFC, 0x00, 0xFF, 0xE0, 0x0F, 0xFF, 0x00, 0xF1, 0xF8, 0x0F, 0x0F, 0xC0, 0xF0, 0x7C, 0x0F, 0x03,
    0xE0, 0xF0, 0x3F, 0x0F, 0x01, 0xF8, 0xF0, 0x0F, 0xCF, 0x00, 0x7C, 0xF0, 0x03, 0xE0, 0xFF, 0xFF,
    0xFF, 0xFF, 0xFF, 0xFF, 0xFF, 0xFF, 0xFF, 0xFF, 0xFF, 0xFF, 0xFF, 0xFF, 0xFF, 0xF0, 0xF1, 0xF8,
    0x1F, 0xC1, 0xEF, 0xF8, 0x7F, 0xE3, 0xFF, 0xF9, 0xFF, 0xE7, 0xFF, 0xFF, 0xFF, 0xCF, 0xC1, 0xFE,
    0x0F, 0xDF, 0x01, 0xF8, 0x07, 0xBE, 0x01, 0xF0, 0x0F, 0x78, 0x03, 0xC0, 0x1E, 0xF0, 0x07, 0x80,
    0x3D, 0xE0, 0x0F, 0x00, 0x7B, 0xC0, 0x1E, 0x00, 0xF7, 0x80, 0x3C, 0x01, 0xEF, 0x00, 0x78, 0x03,
    0xDE, 0x00, 0xF0, 0x07, 0xBC, 0x01, 0xE0, 0x0F, 0x78, 0x03, 0xC0, 0x1E, 0xF0, 0x07, 0x80, 0x3D,
    0xE0, 0x0F, 0x00, 0x7B, 0xC0, 0x1E, 0x00, 0xF7, 0x80, 0x3C, 0x01, 0xEF, 0x00, 0x78, 0x03, 0xDE,
    0x00, 0xF0, 0x07, 0xBC, 0x01, 0xE0, 0x0F, 0x00, 0xF1, 0xFC, 0x1E, 0xFF, 0xE3, 0xFF, 0xFE, 0x7F,
    0xFF, 0xCF, 0xE0, 0xFD, 0xF0, 0x0F, 0xBE, 0x00, 0xF7, 0x80, 0x1E, 0xF0, 0x03, 0xFE, 0x00, 0x7F,
    0xC0, 0x0F, 0xF8, 0x01, 0xFF, 0x00, 0x3F, 0xE0, 0x07, 0xFC, 0x00, 0xFF, 0x80, 0x1F, 0xF0, 0x03,
    0xFE, 0x00, 0x7F, 0xC0, 0x0F, 0xF8, 0x01, 0xFF, 0x00, 0x3F, 0xE0, 0x07, 0xFC, 0x00, 0xF8, 0x01,
    0xFE, 0x00, 0x1F, 0xFE, 0x00, 0xFF, 0xFC, 0x07, 0xFF, 0xF8, 0x1F, 0x03, 0xF0, 0xF8, 0x07, 0xE3,
    0xC0, 0x0F, 0x9F, 0x00, 0x1E, 0x78, 0x00, 0x7D, 0xE0, 0x01, 0xF7, 0x80, 0x07, 0xDE, 0x00, 0x1F,
    0x78, 0x00, 0x7D, 0xE0, 0x01, 0xF7, 0x80, 0x07, 0xDF, 0x00, 0x1F, 0x7C, 0x00, 0x78, 0xF8, 0x03,
    0xE3, 0xE0, 0x1F, 0x07, 0xE0, 0xFC, 0x0F, 0xFF, 0xE0, 0x1F, 0xFF, 0x00, 0x3F, 0xF8, 0x00, 0x3F,
    0x00, 0xF1, 0xFC, 0x07, 0x9F, 0xF8, 0x3D, 0xFF, 0xE1, 0xFF, 0xFF, 0x8F, 0xE0, 0x7E, 0x7E, 0x01,
    0xF3, 0xE0, 0x07, 0xDF, 0x00, 0x3E, 0xF0, 0x00, 0xF7, 0x80, 0x07, 0xBC, 0x00, 0x3D, 0xE0, 0x01,
    0xEF, 0x00, 0x0F, 0x78, 0x00, 0x7B, 0xC0, 0x03, 0xDE, 0x00, 0x1E, 0xF8, 0x01, 0xF7, 0xC0, 0x0F,
    0x3F, 0x00, 0xF9, 0xFE, 0x1F, 0x8F, 0xFF, 0xFC, 0x7B, 0xFF, 0xC3, 0xCF, 0xF8, 0x1E, 0x1F, 0x00,
    0xF0, 0x00, 0x07, 0x80, 0x00, 0x3C, 0x00, 0x01, 0xE0, 0x00, 0x0F, 0x00, 0x00, 0x78, 0x00, 0x03,
    0xC0, 0x00, 0x1E, 0x00, 0x00, 0x01, 0xFC, 0x78, 0x1F, 0xF9, 0xE0, 0xFF, 0xF7, 0x87, 0xFF, 0xFE,
    0x3F, 0x03, 0xF8, 0xF8, 0x07, 0xE7, 0xC0, 0x0F, 0x9F, 0x00, 0x3E, 0x78, 0x00, 0x79, 0xE0, 0x01,
    0xE7, 0x80, 0x07, 0x9E, 0x00, 0x1E, 0x78, 0x00, 0x79, 0xE0, 0x01, 0xE7, 0x80, 0x07, 0x9F, 0x00,
    0x1E, 0x7C, 0x00, 0xF8, 0xF8, 0x03, 0xE3, 0xE0, 0x1F, 0x87, 0xE1, 0xFE, 0x1F, 0xFF, 0xF8, 0x3F,
    0xFD, 0xE0, 0x3F, 0xE7, 0x80, 0x3E, 0x1E, 0x00, 0x00, 0x78, 0x00, 0x01, 0xE0, 0x00, 0x07, 0x80,
    0x00, 0x1E, 0x00, 0x00, 0x78, 0x00, 0x01, 0xE0, 0x00, 0x07, 0x80, 0x00, 0x1E, 0xF1, 0xFF, 0x7F,
    0xFF, 0xFF, 0xFF, 0xFE, 0x0F, 0x80, 0xF8, 0x0F, 0x00, 0xF0, 0x0F, 0x00, 0xF0, 0x0F, 0x00, 0xF0,
    0x0F, 0x00, 0xF0, 0x0F, 0x00, 0xF0, 0x0F, 0x00, 0xF0, 0x0F, 0x00, 0xF0, 0x0F, 0x00, 0xF0, 0x00,
    0x07, 0xF8, 0x07, 0xFF, 0x83, 0xFF, 0xF1, 0xFF, 0xFC, 0x7C, 0x0F, 0xBE, 0x01, 0xEF, 0x80, 0x73,
    0xE0, 0x00, 0x7C, 0x00, 0x1F, 0xC0, 0x03, 0xFF, 0x00, 0x7F, 0xF8, 0x0F, 0xFF, 0x00, 0x3F, 0xE0,
    0x01, 0xFC, 0x00, 0x1F, 0x30, 0x07, 0xFC, 0x01, 0xFF, 0x80, 0x7F, 0xF0, 0x7E, 0x7F, 0xFF, 0x8F,
    0xFF, 0xC1, 0xFF, 0xC0, 0x0F, 0xC0, 0x0F, 0x00, 0x78, 0x03, 0xC0, 0x1E, 0x00, 0xF0, 0x7F, 0xFB,
    0xFF, 0xFF, 0xFF, 0xFF, 0xF0, 0x78, 0x03, 0xC0, 0x1E, 0x00, 0xF0, 0x07, 0x80, 0x3C, 0x01, 0xE0,
    0x0F, 0x00, 0x78, 0x03, 0xC0, 0x1E, 0x00, 0xF0, 0x07, 0x80, 0x3C, 0x01, 0xE0, 0x0F, 0x80, 0x7F,
    0xC1, 0xFE, 0x07, 0xF0, 0x06, 0x00, 0xF0, 0x03, 0xDE, 0x00, 0x7F, 0xC0, 0x0F, 0xF8, 0x01, 0xFF,
    0x00, 0x3F, 0xE0, 0x07, 0xFC, 0x00, 0xFF, 0x80, 0x1F, 0xF0, 0x03, 0xFE, 0x00, 0x7F, 0xC0, 0x0F,
    0xF8, 0x01, 0xFF, 0x00, 0x3F, 0xE0, 0x07, 0xFC, 0x00, 0xFF, 0x80, 0x1F, 0xF0, 0x03, 0xFF, 0x00,
    0xFF, 0xF0, 0x3F, 0xBF, 0x1F, 0xF7, 0xFF, 0xFE, 0x7F, 0xF7, 0xC7, 0xFC, 0xF8, 0x1E, 0x00, 0xF0,
    0x00, 0x7F, 0xC0, 0x07, 0xFE, 0x00, 0x3E, 0xF0, 0x01, 0xE7, 0xC0, 0x1F, 0x1E, 0x00, 0xF0, 0xF0,
    0x0F, 0x87, 0xC0, 0x7C, 0x1E, 0x03, 0xC0, 0xF8, 0x3E, 0x07, 0xC1, 0xF0, 0x1E, 0x0F, 0x00, 0xF8,
    0xF8, 0x03, 0xC7, 0x80, 0x1E, 0x3C, 0x00, 0xFB, 0xE0, 0x03, 0xDE, 0x00, 0x1E, 0xF0, 0x00, 0xFF,
    0x00, 0x03, 0xF8, 0x00, 0x1F, 0xC0, 0x00, 0x7C, 0x00, 0x03, 0xE0, 0x00, 0xF0, 0x03, 0xC0, 0x1E,
    0xF8, 0x07, 0xC0, 0x1E, 0xF8, 0x07, 0xE0, 0x3E, 0x78, 0x07, 0xE0, 0x3E, 0x7C, 0x0F, 0xE0, 0x3C,
    0x7C, 0x0F, 0xE0, 0x3C, 0x3C, 0x0F, 0xF0, 0x7C, 0x3C, 0x0E, 0xF0, 0x78, 0x3E, 0x1E, 0xF0, 0x78,
    0x1E, 0x1E, 0x78, 0x78, 0x1E, 0x1E, 0x78, 0xF8, 0x1F, 0x3C, 0x78, 0xF0, 0x0F, 0x3C, 0x78, 0xF0,
    0x0F, 0x3C, 0x3D, 0xF0, 0x0F, 0x3C, 0x3D, 0xE0, 0x0F, 0xF8, 0x3D, 0xE0, 0x07, 0xF8, 0x1D, 0xE0,
    0x07, 0xF8, 0x1F, 0xC0, 0x07, 0xF0, 0x1F, 0xC0, 0x03, 0xF0, 0x1F, 0xC0, 0x03, 0xF0, 0x0F, 0xC0,
    0x03, 0xF0, 0x0F, 0x80, 0x01, 0xE0, 0x0F, 0x80, 0x78, 0x01, 0xF3, 0xE0, 0x0F, 0x8F, 0x80, 0xF8,
    0x7C, 0x0F, 0x81, 0xF0, 0x7C, 0x07, 0x87, 0xC0, 0x3E, 0x7C, 0x00, 0xFB, 0xE0, 0x03, 0xFE, 0x00,
    0x1F, 0xE0, 0x00, 0x7E, 0x00, 0x01, 0xF0, 0x00, 0x1F, 0x80, 0x01, 0xFE, 0x00, 0x0F, 0xF8, 0x00,
    0xFB, 0xC0, 0x0F, 0x9F, 0x00, 0x78, 0x7C, 0x07, 0xC1, 0xF0, 0x7C, 0x0F, 0x87, 0xC0, 0x3E, 0x3E,
    0x00, 0xFB, 0xE0, 0x07, 0xC0, 0xF0, 0x00, 0x7F, 0xC0, 0x07, 0xFE, 0x00, 0x3E, 0xF0, 0x01, 0xE7,
    0xC0, 0x1F, 0x1E, 0x00, 0xF0, 0xF0, 0x0F, 0x87, 0xC0, 0x7C, 0x1E, 0x03, 0xC0, 0xF8, 0x3E, 0x07,
    0xC1, 0xF0, 0x1E, 0x0F, 0x00, 0xF8, 0xF8, 0x03, 0xC7, 0x80, 0x1E, 0x3C, 0x00, 0xFB, 0xE0, 0x03,
    0xDE, 0x00, 0x1E, 0xF0, 0x00, 0xFF, 0x00, 0x03, 0xF8, 0x00, 0x1F, 0xC0, 0x00, 0x7C, 0x00, 0x03,
    0xE0, 0x00, 0x1F, 0x00, 0x00, 0xF0, 0x00, 0x0F, 0x80, 0x00, 0x78, 0x00, 0x07, 0xC0, 0x03, 0xFC,
    0x00, 0x1F, 0xE0, 0x00, 0xFE, 0x00, 0x07, 0xC0, 0x00, 0xFF, 0xFF, 0xFF, 0xFF, 0xFF, 0xFF, 0xFF,
    0xFF, 0xFF, 0x00, 0x0F, 0x80, 0x07, 0xC0, 0x01, 0xF0, 0x00, 0xF8, 0x00, 0x7C, 0x00, 0x3E, 0x00,
    0x0F, 0x80, 0x07, 0xC0, 0x03, 0xE0, 0x01, 0xF0, 0x00, 0xFC, 0x00, 0x3E, 0x00, 0x1F, 0x00, 0x0F,
    0x80, 0x07, 0xE0, 0x01, 0xFF, 0xFF, 0xFF, 0xFF, 0xFF, 0xFF, 0xFF, 0xFF, 0xFC, 0x00, 0x00, 0x03,
    0xE0, 0x1F, 0x80, 0xFE, 0x03, 0xE0, 0x1F, 0x00, 0x78, 0x01, 0xE0, 0x07, 0x80, 0x1E, 0x00, 0x78,
    0x01, 0xE0, 0x07, 0x80, 0x1E, 0x00, 0x78, 0x01, 0xE0, 0x0F, 0x80, 0xFC, 0x0F, 0xF0, 0x3F, 0x00,
    0xFE, 0x03, 0xFC, 0x01, 0xF8, 0x03, 0xE0, 0x07, 0x80, 0x1E, 0x00, 0x78, 0x01, 0xE0, 0x07, 0x80,
    0x1E, 0x00, 0x78, 0x01, 0xE0, 0x07, 0x80, 0x1E, 0x00, 0x7C, 0x00, 0xFE, 0x03, 0xF8, 0x07, 0xE0,
    0x07, 0x80, 0x0F, 0xFF, 0xFF, 0xFF, 0xFF, 0xFF, 0xFF, 0xFF, 0xFF, 0xFF, 0xFF, 0xFF, 0xFF, 0xFF,
    0xFF, 0xFF, 0xFF, 0xFF, 0xFF, 0xFF, 0xFF, 0xFF, 0xFF, 0xFF, 0xFF, 0xF0, 0x00, 0x07, 0xC0, 0x3F,
    0x81, 0xFC, 0x03, 0xF0, 0x07, 0x80, 0x3C, 0x01, 0xE0, 0x0F, 0x80, 0x7C, 0x03, 0xE0, 0x1F, 0x00,
    0xF8, 0x07, 0xC0, 0x3E, 0x01, 0xF0, 0x07, 0x80, 0x3F, 0x00, 0xFE, 0x03, 0xF0, 0x1F, 0x83, 0xFC,
    0x1F, 0x00, 0xF0, 0x0F, 0x80, 0x7C, 0x03, 0xE0, 0x1F, 0x00, 0xF8, 0x07, 0xC0, 0x3E, 0x01, 0xE0,
    0x0F, 0x00, 0x78, 0x07, 0xC1, 0xFE, 0x0F, 0xE0, 0x7E, 0x03, 0xC0, 0x00, 0x1F, 0x80, 0x00, 0xFF,
    0x81, 0xE7, 0xFF, 0x07, 0xBF, 0xFE, 0x1E, 0xF8, 0xFF, 0xFB, 0xC1, 0xFF, 0xCF, 0x01, 0xFE, 0x00,
    0x03, 0xF0, 0x3C, 0xF9, 0xFB, 0xF7, 0xC7, 0x00, 0x00, 0x00, 0x78, 0xF1, 0xE3, 0xCF, 0x9F, 0x3E,
    0x7C, 0xF9, 0xF3, 0xE7, 0xCF, 0x9F, 0x3E, 0x7C, 0xF9, 0xF3, 0xE7, 0xCF, 0x9F, 0x00, 0x00, 0x30,
    0x00, 0x03, 0xC0, 0x00, 0x1E, 0x00, 0x00, 0xF0, 0x00, 0x1F, 0xE0, 0x03, 0xFF, 0xC0, 0x3F, 0xFF,
    0x03, 0xFF, 0xFC, 0x1F, 0x7B, 0xF1, 0xF3, 0xCF, 0x8F, 0x1E, 0x3E, 0xF8, 0xF0, 0xC7, 0x87, 0x80,
    0x3C, 0x3C, 0x01, 0xE1, 0xE0, 0x0F, 0x0F, 0x00, 0x78, 0x78, 0x03, 0xC3, 0xC0, 0x1E, 0x1E, 0x00,
    0xF8, 0xF0, 0x07, 0xC7, 0x8F, 0x1F, 0x3C, 0x7C, 0xF9, 0xE7, 0xC3, 0xFF, 0x7E, 0x0F, 0xFF, 0xE0,
    0x3F, 0xFE, 0x00, 0xFF, 0xE0, 0x01, 0xF8, 0x00, 0x07, 0x80, 0x00, 0x3C, 0x00, 0x01, 0xE0, 0x00,
    0x00, 0x7F, 0x00, 0x07, 0xFF, 0x00, 0x7F, 0xFE, 0x03, 0xFF, 0xFC, 0x0F, 0xC1, 0xF0, 0x7C, 0x03,
    0xE1, 0xF0, 0x0F, 0x87, 0x80, 0x1E, 0x1E, 0x00, 0x78, 0x78, 0x00, 0x01, 0xE0, 0x00, 0x07, 0x80,
    0x00, 0x1E, 0x00, 0x00, 0x78, 0x00, 0x0F, 0xFF, 0xF8, 0x3F, 0xFF, 0xE0, 0xFF, 0xFF, 0x83, 0xFF,
    0xFE, 0x01, 0xE0, 0x00, 0x07, 0x80, 0x00, 0x1E, 0x00, 0x00, 0x78, 0x00, 0x01, 0xE0, 0x00, 0x07,
    0x80, 0x00, 0x1E, 0x00, 0x78, 0x78, 0x01, 0xE3, 0xE0, 0x07, 0xBF, 0xFF, 0xFE, 0xFF, 0xFF, 0xFB,
    0xFF, 0xFF, 0xCF, 0xFF, 0xFE, 0x00, 0x20, 0x00, 0x01, 0x1C, 0x3F, 0xF0, 0xEF, 0xBF, 0xFE, 0x7F,
    0xFF, 0xFF, 0xFF, 0x7F, 0xFF, 0xFF, 0x8F, 0xE0, 0x1F, 0xC3, 0xF0, 0x03, 0xE0, 0xF8, 0x00, 0x7C,
    0x7C, 0x00, 0x0F, 0x1E, 0x00, 0x03, 0xE7, 0x80, 0x00, 0x79, 0xE0, 0x00, 0x1E, 0xF0, 0x00, 0x07,
    0xBC, 0x00, 0x01, 0xEF, 0x00, 0x00, 0x79, 0xE0, 0x00, 0x1E, 0x78, 0x00, 0x07, 0x9E, 0x00, 0x03,
    0xE7, 0xC0, 0x00, 0xF0, 0xF0, 0x00, 0x7C, 0x3E, 0x00, 0x3F, 0x0F, 0xE0, 0x1F, 0xC7, 0xFE, 0x1F,
    0xFB, 0xFF, 0xFF, 0xFF, 0xFB, 0xFF, 0xF7, 0x9C, 0x7F, 0xF0, 0xC0, 0x03, 0xE0, 0x00, 0xF8, 0x00,
    0x3D, 0xF0, 0x00, 0xF9, 0xF0, 0x01, 0xF3, 0xE0, 0x07, 0xC3, 0xE0, 0x0F, 0x87, 0xC0, 0x3E, 0x07,
    0xC0, 0x7C, 0x0F, 0x81, 0xF0, 0x0F, 0x83, 0xE0, 0x1F, 0x07, 0x80, 0x1F, 0x1F, 0x00, 0x3E, 0x3C,
    0x00, 0x3C, 0xF8, 0x00, 0x7D, 0xE0, 0x00, 0x7F, 0xC0, 0x0F, 0xFF, 0xF0, 0x3F, 0xFF, 0xF0, 0x7F,
    0xFF, 0xE0, 0xFF, 0xFF, 0xC0, 0x03, 0xE0, 0x00, 0x07, 0xC0, 0x03, 0xFF, 0xFE, 0x0F, 0xFF, 0xFC,
    0x1F, 0xFF, 0xF8, 0x1F, 0xFF, 0xF0, 0x00, 0xF8, 0x00, 0x01, 0xF0, 0x00, 0x03, 0xE0, 0x00, 0x07,
    0xC0, 0x00, 0x0F, 0x80, 0x00, 0x1F, 0x00, 0x00, 0x77, 0xFF, 0xFF, 0xFF, 0xFF, 0xFF, 0xFF, 0xFF,
    0xFD, 0xC0, 0x00, 0x00, 0x00, 0x01, 0xDF, 0xFF, 0xFF, 0xFF, 0xFF, 0xFF, 0xFF, 0xFF, 0xFF, 0x00,
    0x03, 0xF8, 0x00, 0xFF, 0xE0, 0x1F, 0xFF, 0x01, 0xFF, 0xF8, 0x3E, 0x0F, 0x83, 0xC0, 0x7C, 0x3C,
    0x03, 0xC3, 0xC0, 0x30, 0x3E, 0x00, 0x01, 0xF0, 0x00, 0x1F, 0x80, 0x00, 0xFE, 0x00, 0x3F, 0xF8,
    0x07, 0xFF, 0xC0, 0xF8, 0xFF, 0x0F, 0x03, 0xF8, 0xF0, 0x0F, 0xCF, 0x00, 0x3E, 0xF8, 0x01, 0xE7,
    0x80, 0x1E, 0x7E, 0x01, 0xE3, 0xF8, 0x1E, 0x1F, 0xC1, 0xE0, 0xFF, 0x3E, 0x03, 0xFF, 0xC0, 0x0F,
    0xF0, 0x00, 0x7F, 0x00, 0x01, 0xF8, 0x00, 0x0F, 0x80, 0x00, 0x78, 0x78, 0x07, 0xC7, 0x80, 0x7C,
    0x7C, 0x07, 0x83, 0xF1, 0xF8, 0x3F, 0xFF, 0x01, 0xFF, 0xF0, 0x07, 0xFC, 0x00, 0x04, 0x00, 0x00,
    0x01, 0xE1, 0xEF, 0x87, 0xFF, 0x1F, 0xF8, 0x7D, 0xC0, 0xE0, 0x00, 0x1F, 0xF0, 0x00, 0x00, 0x7F,
    0xFE, 0x00, 0x01, 0xFF, 0xFF, 0x80, 0x03, 0xFF, 0xFF, 0xC0, 0x07, 0xF8, 0x1F, 0xE0, 0x0F, 0xC0,
    0x07, 0xF0, 0x1F, 0x80, 0x01, 0xF8, 0x3F, 0x0F, 0xF0, 0xFC, 0x3E, 0x1F, 0xF8, 0x7C, 0x7C, 0x3F,
    0xFE, 0x3E, 0x78, 0x7F, 0xFE, 0x3E, 0x78, 0xFC, 0x1F, 0x1E, 0xF8, 0xF0, 0x0F, 0x1F, 0xF1, 0xF0,
    0x0F, 0x9F, 0xF1, 0xE0, 0x00, 0x0F, 0xF1, 0xE0, 0x00, 0x0F, 0xF1, 0xE0, 0x00, 0x0F, 0xF1, 0xE0,
    0x0F, 0x0F, 0xF1, 0xF0, 0x0F, 0x1F, 0xF8, 0xF8, 0x1F, 0x1E, 0x78, 0xFC, 0x3F, 0x1E, 0x7C, 0x7F,
    0xFE, 0x3E, 0x7C, 0x3F, 0xFC, 0x3C, 0x3E, 0x1F, 0xF8, 0x7C, 0x3F, 0x07, 0xE0, 0xF8, 0x1F, 0x80,
    0x01, 0xF8, 0x0F, 0xE0, 0x07, 0xF0, 0x07, 0xFE, 0x7F, 0xE0, 0x03, 0xFF, 0xFF, 0xC0, 0x00, 0xFF,
    0xFF, 0x00, 0x00, 0x3F, 0xFC, 0x00, 0x00, 0x07, 0xE0, 0x00, 0x07, 0xF0, 0x1F, 0xFC, 0x3F, 0xFE,
    0x7E, 0x3E, 0x78, 0x1E, 0x10, 0x1F, 0x00, 0x1F, 0x07, 0xFF, 0x3F, 0xFF, 0x7F, 0xFF, 0xFE, 0x1F,
    0xF8, 0x1F, 0xF0, 0x1F, 0xF0, 0x1F, 0xF8, 0x7F, 0x7F, 0xFF, 0x3F, 0xEF, 0x1F, 0xCF, 0x00, 0xF8,
    0xF8, 0x07, 0xC3, 0xE0, 0x3F, 0x1F, 0x00, 0xF8, 0xF8, 0x07, 0xC7, 0xC0, 0x3E, 0x3E, 0x01, 0xF1,
    0xF0, 0x0F, 0x8F, 0xC0, 0x7E, 0x3E, 0x01, 0xF1, 0xF0, 0x07, 0xC7, 0xE0, 0x0F, 0x8F, 0x80, 0x1F,
    0x1F, 0x00, 0x3E, 0x3E, 0x00, 0x7C, 0x7C, 0x01, 0xF8, 0xF8, 0x03, 0xE1, 0xF0, 0x07, 0xC7, 0xC0,
    0x0F, 0x8F, 0x80, 0x00, 0x00, 0x7F, 0xFF, 0xBF, 0xFF, 0xFF, 0xFF, 0xFF, 0xFF, 0xFF, 0x00, 0x03,
    0xC0, 0x00, 0xF0, 0x00, 0x3C, 0x00, 0x0F, 0x00, 0x03, 0xC0, 0x00, 0xF0, 0x00, 0x7F, 0x00, 0x00,
    0xFF, 0xF0, 0x01, 0xFF, 0xFC, 0x01, 0xFF, 0xFF, 0x01, 0xF8, 0x07, 0xC1, 0xF0, 0x01, 0xF0, 0xF3,
    0xF8, 0x7C, 0xF1, 0xFF, 0x1E, 0x78, 0xFF, 0x87, 0x38, 0x71, 0xE3, 0xDC, 0x38, 0xF1, 0xEE, 0x1C,
    0x78, 0xF7, 0x0F, 0xF8, 0x7B, 0x87, 0xF8, 0x3D, 0xC3, 0x9E, 0x1E, 0xF1, 0xC7, 0x0E, 0x78, 0xE3,
    0xCF, 0x1E, 0x70, 0xEF, 0x8F, 0x80, 0x0F, 0x83, 0xE0, 0x0F, 0x80, 0xFE, 0x1F, 0xC0, 0x3F, 0xFF,
    0x80, 0x0F, 0xFF, 0x80, 0x01, 0xFF, 0x00, 0x7F, 0xFB, 0xFF, 0xDF, 0xFE, 0x07, 0xC0, 0x3F, 0xE0,
    0xFF, 0xE3, 0xFF, 0xC7, 0x87, 0xDE, 0x07, 0xBC, 0x07, 0x78, 0x0F, 0xF0, 0x1D, 0xF0, 0x79, 0xF1,
    0xF1, 0xFF, 0xC3, 0xFF, 0x01, 0xFC, 0x00, 0x00, 0x00, 0x00, 0xF0, 0x00, 0x0F, 0x00, 0x00, 0xF0,
    0x00, 0x0F, 0x00, 0x00, 0xF0, 0x00, 0x0F, 0x00, 0xFF, 0xFF, 0xFF, 0xFF, 0xFF, 0xFF, 0xFF, 0xFF,
    0xFF, 0xFF, 0x00, 0xF0, 0x00, 0x0F, 0x00, 0x00, 0xF0, 0x00, 0x0F, 0x00, 0x00, 0xF0, 0x00, 0x0F,
    0x00, 0x00, 0x00, 0x00, 0x00, 0x00, 0xFF, 0xFF, 0xFF, 0xFF, 0xFF, 0xFF, 0xFF, 0xFF, 0xFF, 0xFF,
    0x1F, 0xE1, 0xFF, 0xC7, 0xFF, 0xBE, 0x3F, 0xF0, 0x7F, 0xC0, 0xF0, 0x07, 0xC0, 0x3E, 0x01, 0xF0,
    0x0F, 0x80, 0xFC, 0x07, 0xE0, 0x3F, 0x01, 0xF0, 0x0F, 0xFF, 0xFF, 0xFF, 0xFF, 0xFC, 0x1F, 0xE0,
    0x7F, 0xF1, 0xFF, 0xE7, 0xC3, 0xEF, 0x03, 0xC0, 0x07, 0x80, 0x1F, 0x03, 0xFC, 0x07, 0xF0, 0x0F,
    0xF8, 0x01, 0xF0, 0x01, 0xFF, 0x03, 0xFF, 0x0F, 0xFF, 0xFF, 0x3F, 0xFC, 0x1F, 0xF0, 0x00, 0x00,
    0x1E, 0x7C, 0xF3, 0xC7, 0x9E, 0x3C, 0x00, 0xF0, 0x03, 0xC7, 0x80, 0x1F, 0x3C, 0x00, 0xF9, 0xE0,
    0x07, 0xCF, 0x00, 0x3E, 0x78, 0x01, 0xF3, 0xC0, 0x0F, 0x9E, 0x00, 0x7C, 0xF0, 0x03, 0xE7, 0x80,
    0x1F, 0x3C, 0x00, 0xF9, 0xE0, 0x07, 0xCF, 0x00, 0x3E, 0x78, 0x01, 0xF3, 0xC0, 0x0F, 0x9E, 0x00,
    0x7C, 0xF0, 0x03, 0xE7, 0xC0, 0x3F, 0x3F, 0x01, 0xF9, 0xFC, 0x3F, 0xEF, 0xFF, 0xFF, 0xFF, 0xFE,
    0xFF, 0xDF, 0xE1, 0xFE, 0x1C, 0x00, 0xF0, 0x00, 0x07, 0x80, 0x00, 0x3C, 0x00, 0x01, 0xE0, 0x00,
    0x0F, 0x00, 0x00, 0x78, 0x00, 0x03, 0xC0, 0x00, 0x1E, 0x00, 0x00, 0x00, 0xFF, 0xE0, 0x7F, 0xFF,
    0x1F, 0xFF, 0xF3, 0xFF, 0xFF, 0x7F, 0xF1, 0xF7, 0xFF, 0x1F, 0xFF, 0xF1, 0xFF, 0xFF, 0x1F, 0xFF,
    0xF1, 0xFF, 0xFF, 0x1F, 0xFF, 0xF1, 0xFF, 0xFF, 0x1F, 0xFF, 0xF1, 0xFF, 0xFF, 0x1F, 0x7F, 0xF1,
    0xF7, 0xFF, 0x1F, 0x3F, 0xF1, 0xF1, 0xFF, 0x1F, 0x0F, 0xF1, 0xF0, 0x3F, 0x1F, 0x00, 0x01, 0xF0,
    0x00, 0x1F, 0x00, 0x01, 0xF0, 0x00, 0x1F, 0x00, 0x01, 0xF0, 0x00, 0x1F, 0x00, 0x01, 0xF0, 0x00,
    0x1F, 0x00, 0x01, 0xF0, 0x00, 0x1F, 0x00, 0x01, 0xF0, 0x00, 0xF9, 0xFB, 0xF7, 0xEF, 0x86, 0x00,
    0x70, 0x70, 0x70, 0x7E, 0x7E, 0x0E, 0x0F, 0xFE, 0xFE, 0xF8, 0x0F, 0x9F, 0xDF, 0xFF, 0xFF, 0x7E,
    0x3C, 0x1E, 0x0F, 0x07, 0x83, 0xC1, 0xE0, 0xF0, 0x78, 0x3C, 0x1E, 0x0F, 0x07, 0x80, 0x07, 0xF8,
    0x03, 0xFF, 0x03, 0xFF, 0xE0, 0xFD, 0xFC, 0x7C, 0x0F, 0x9E, 0x01, 0xEF, 0x80, 0x7B, 0xE0, 0x1F,
    0xF0, 0x07, 0xFC, 0x01, 0xFF, 0x00, 0x7F, 0xE0, 0x1E, 0x78, 0x07, 0x9F, 0x03, 0xE3, 0xF3, 0xF0,
    0xFF, 0xF8, 0x1F, 0xFC, 0x01, 0xFE, 0x00, 0xF8, 0x7C, 0x03, 0xE3, 0xE0, 0x0F, 0x8F, 0x80, 0x3E,
    0x3E, 0x00, 0xF8, 0xF8, 0x07, 0xE3, 0xE0, 0x1F, 0x0F, 0x80, 0x7C, 0x7E, 0x01, 0xF1, 0xF0, 0x07,
    0xC7, 0xC0, 0x7C, 0x7E, 0x07, 0xC3, 0xE0, 0x7E, 0x3E, 0x03, 0xE3, 0xE0, 0x3E, 0x3E, 0x03, 0xE3,
    0xE0, 0x3E, 0x3E, 0x03, 0xE1, 0xF0, 0x3F, 0x1F, 0x00, 0x00, 0x00, 0x00, 0x1F, 0x00, 0x01, 0xE0,
    0x7E, 0x00, 0x07, 0xC1, 0xFC, 0x00, 0x0F, 0x07, 0xF8, 0x00, 0x3C, 0x0E, 0xF0, 0x00, 0xF8, 0x19,
    0xE0, 0x03, 0xE0, 0x03, 0xC0, 0x07, 0x80, 0x07, 0x80, 0x1E, 0x00, 0x0F, 0x00, 0x7C, 0x00, 0x1E,
    0x00, 0xF0, 0x00, 0x3C, 0x03, 0xC0, 0x00, 0x78, 0x0F, 0x80, 0x00, 0xF0, 0x1E, 0x00, 0x01, 0xE0,
    0x78, 0x00, 0x03, 0xC1, 0xF0, 0x3C, 0x07, 0x83, 0xC0, 0xF8, 0x0F, 0x0F, 0x03, 0xF0, 0x00, 0x3E,
    0x07, 0xE0, 0x00, 0x78, 0x1F, 0xC0, 0x01, 0xE0, 0x7F, 0x80, 0x07, 0xC0, 0xF7, 0x00, 0x1F, 0x03,
    0xCE, 0x00, 0x3C, 0x07, 0x9C, 0x00, 0xF0, 0x1E, 0x38, 0x03, 0xE0, 0x78, 0x70, 0x07, 0x80, 0xFF,
    0xF8, 0x1E, 0x01, 0xFF, 0xF0, 0x7C, 0x03, 0xFF, 0xE0, 0xF0, 0x07, 0xFF, 0xC3, 0xC0, 0x00, 0x1E,
    0x0F, 0x80, 0x00, 0x3C, 0x00, 0x1F, 0x00, 0x01, 0xE0, 0x3F, 0x00, 0x03, 0xE0, 0x7F, 0x00, 0x03,
    0xC0, 0xFF, 0x00, 0x07, 0x80, 0xEF, 0x00, 0x0F, 0x80, 0xCF, 0x00, 0x1F, 0x00, 0x0F, 0x00, 0x1E,
    0x00, 0x0F, 0x00, 0x3C, 0x00, 0x0F, 0x00, 0x7C, 0x00, 0x0F, 0x00, 0x78, 0x00, 0x0F, 0x00, 0xF0,
    0x00, 0x0F, 0x01, 0xF0, 0x00, 0x0F, 0x01, 0xE0, 0x00, 0x0F, 0x03, 0xC0, 0x00, 0x0F, 0x07, 0xC1,
    0xF8, 0x0F, 0x07, 0x87, 0xFC, 0x0F, 0x0F, 0x07, 0xFE, 0x00, 0x1F, 0x0F, 0x9F, 0x00, 0x1E, 0x0F,
    0x0F, 0x00, 0x3C, 0x0E, 0x0F, 0x00, 0x7C, 0x00, 0x1E, 0x00, 0xF8, 0x00, 0x1E, 0x00, 0xF0, 0x00,
    0x3C, 0x01, 0xE0, 0x00, 0x7C, 0x03, 0xE0, 0x00, 0xF8, 0x03, 0xC0, 0x01, 0xF0, 0x07, 0x80, 0x03,
    0xE0, 0x0F, 0x80, 0x07, 0xC0, 0x0F, 0x00, 0x0F, 0xFF, 0x1E, 0x00, 0x0F, 0xFF, 0x3E, 0x00, 0x0F,
    0xFF, 0x0F, 0xC0, 0x00, 0x3C, 0x07, 0xFC, 0x00, 0x0F, 0x03, 0xFF, 0x00, 0x07, 0x81, 0xF3, 0xE0,
    0x03, 0xE0, 0x78, 0x78, 0x00, 0xF0, 0x00, 0x1E, 0x00, 0x78, 0x00, 0x0F, 0x80, 0x3C, 0x00, 0x1F,
    0xC0, 0x1F, 0x00, 0x07, 0xE0, 0x07, 0x80, 0x01, 0xFE, 0x03, 0xC0, 0x00, 0x0F, 0x81, 0xF0, 0x00,
    0x01, 0xF0, 0x78, 0x00, 0x00, 0x3C, 0x3C, 0x00, 0x1E, 0x1E, 0x1F, 0x00, 0x07, 0xFF, 0x87, 0x81,
    0xF0, 0xFF, 0xC3, 0xC0, 0xFC, 0x1F, 0xE1, 0xF0, 0x3F, 0x00, 0xC0, 0x78, 0x1F, 0xC0, 0x00, 0x3C,
    0x0F, 0xF0, 0x00, 0x1F, 0x03, 0xFC, 0x00, 0x07, 0x81, 0xEF, 0x00, 0x03, 0xC0, 0x7B, 0xC0, 0x01,
    0xE0, 0x3C, 0xF0, 0x00, 0xF8, 0x1E, 0x3C, 0x00, 0x3C, 0x07, 0x8F, 0x00, 0x1E, 0x03, 0xFF, 0xF0,
    0x0F, 0x80, 0xFF, 0xFC, 0x03, 0xC0, 0x3F, 0xFF, 0x01, 0xE0, 0x07, 0xFF, 0x80, 0xF8, 0x00, 0x03,
    0xC0, 0x3C, 0x00, 0x00, 0xF0, 0x00, 0xE0, 0x00, 0x7C, 0x00, 0x1F, 0x80, 0x07, 0xE0, 0x01, 0xF0,
    0x00, 0x38, 0x00, 0x00, 0x00, 0x00, 0x00, 0x00, 0x00, 0x00, 0x3C, 0x00, 0x1F, 0x00, 0x07, 0xC0,
    0x01, 0xF0, 0x00, 0x78, 0x00, 0x3E, 0x00, 0x3F, 0x80, 0x1F, 0xC0, 0x0F, 0xE0, 0x07, 0xE0, 0x03,
    0xF0, 0x00, 0xF8, 0x00, 0x3C, 0x00, 0x0F, 0x00, 0x03, 0xC0, 0x0F, 0xF0, 0x07, 0xFE, 0x01, 0xFF,
    0x80, 0xF9, 0xF8, 0xFE, 0x7F, 0xFF, 0x0F, 0xFF, 0x80, 0xFF, 0xC0, 0x07, 0x80, 0x00, 0x78, 0x00,
    0x00, 0x07, 0xC0, 0x00, 0x00, 0x3C, 0x00, 0x00, 0x03, 0xE0, 0x00, 0x00, 0x1E, 0x00, 0x00, 0x00,
    0xF0, 0x00, 0x00, 0x0F, 0x00, 0x00, 0x00, 0x00, 0x00, 0x00, 0x00, 0x00, 0x00, 0x00, 0xF8, 0x00,
    0x00, 0x1F, 0x80, 0x00, 0x01, 0xF8, 0x00, 0x00, 0x1F, 0xC0, 0x00, 0x03, 0xFC, 0x00, 0x00, 0x3F,
    0xE0, 0x00, 0x07, 0xDE, 0x00, 0x00, 0x79, 0xE0, 0x00, 0x07, 0x9F, 0x00, 0x00, 0xF8, 0xF0, 0x00,
    0x0F, 0x0F, 0x00, 0x00, 0xF0, 0xF8, 0x00, 0x1F, 0x07, 0x80, 0x01, 0xE0, 0x78, 0x00, 0x1E, 0x07,
    0xC0, 0x03, 0xE0, 0x3C, 0x00, 0x3C, 0x03, 0xE0, 0x07, 0xC0, 0x3E, 0x00, 0x7C, 0x01, 0xE0, 0x07,
    0xFF, 0xFF, 0x00, 0xFF, 0xFF, 0xF0, 0x0F, 0xFF, 0xFF, 0x00, 0xFF, 0xFF, 0xF8, 0x1F, 0x00, 0x0F,
    0x81, 0xF0, 0x00, 0x78, 0x1E, 0x00, 0x07, 0xC3, 0xE0, 0x00, 0x7C, 0x3E, 0x00, 0x03, 0xE7, 0xC0,
    0x00, 0x3E, 0x7C, 0x00, 0x01, 0xE7, 0xC0, 0x00, 0x1F, 0x00, 0x01, 0xF0, 0x00, 0x00, 0x1E, 0x00,
    0x00, 0x03, 0xE0, 0x00, 0x00, 0x3C, 0x00, 0x00, 0x07, 0x80, 0x00, 0x00, 0x78, 0x00, 0x00, 0x0F,
    0x00, 0x00, 0x00, 0x00, 0x00, 0x00, 0x00, 0x00, 0x00, 0x00, 0xF8, 0x00, 0x00, 0x1F, 0x80, 0x00,
    0x01, 0xF8, 0x00, 0x00, 0x1F, 0xC0, 0x00, 0x03, 0xFC, 0x00, 0x00, 0x3F, 0xE0, 0x00, 0x07, 0xDE,
    0x00, 0x00, 0x79, 0xE0, 0x00, 0x07, 0x9F, 0x00, 0x00, 0xF8, 0xF0, 0x00, 0x0F, 0x0F, 0x00, 0x00,
    0xF0, 0xF8, 0x00, 0x1F, 0x07, 0x80, 0x01, 0xE0, 0x78, 0x00, 0x1E, 0x07, 0xC0, 0x03, 0xE0, 0x3C,
    0x00, 0x3C, 0x03, 0xE0, 0x07, 0xC0, 0x3E, 0x00, 0x7C, 0x01, 0xE0, 0x07, 0xFF, 0xFF, 0x00, 0xFF,
    0xFF, 0xF0, 0x0F, 0xFF, 0xFF, 0x00, 0xFF, 0xFF, 0xF8, 0x1F, 0x00, 0x0F, 0x81, 0xF0, 0x00, 0x78,
    0x1E, 0x00, 0x07, 0xC3, 0xE0, 0x00, 0x7C, 0x3E, 0x00, 0x03, 0xE7, 0xC0, 0x00, 0x3E, 0x7C, 0x00,
    0x01, 0xE7, 0xC0, 0x00, 0x1F, 0x00, 0x0F, 0x00, 0x00, 0x01, 0xF8, 0x00, 0x00, 0x3F, 0xC0, 0x00,
    0x07, 0xFE, 0x00, 0x00, 0x79, 0xF0, 0x00, 0x0F, 0x0F, 0x80, 0x00, 0xE0, 0x78, 0x00, 0x00, 0x00,
    0x00, 0x00, 0x00, 0x00, 0x00, 0x00, 0xF8, 0x00, 0x00, 0x1F, 0x80, 0x00, 0x01, 0xF8, 0x00, 0x00,
    0x1F, 0xC0, 0x00, 0x03, 0xFC, 0x00, 0x00, 0x3F, 0xE0, 0x00, 0x07, 0xDE, 0x00, 0x00, 0x79, 0xE0,
    0x00, 0x07, 0x9F, 0x00, 0x00, 0xF8, 0xF0, 0x00, 0x0F, 0x0F, 0x00, 0x00, 0xF0, 0xF8, 0x00, 0x1F,
    0x07, 0x80, 0x01, 0xE0, 0x78, 0x00, 0x1E, 0x07, 0xC0, 0x03, 0xE0, 0x3C, 0x00, 0x3C, 0x03, 0xE0,
    0x07, 0xC0, 0x3E, 0x00, 0x7C, 0x01, 0xE0, 0x07, 0xFF, 0xFF, 0x00, 0xFF, 0xFF, 0xF0, 0x0F, 0xFF,
    0xFF, 0x00, 0xFF, 0xFF, 0xF8, 0x1F, 0x00, 0x0F, 0x81, 0xF0, 0x00, 0x78, 0x1E, 0x00, 0x07, 0xC3,
    0xE0, 0x00, 0x7C, 0x3E, 0x00, 0x03, 0xE7, 0xC0, 0x00, 0x3E, 0x7C, 0x00, 0x01, 0xE7, 0xC0, 0x00,
    0x1F, 0x00, 0x3C, 0x70, 0x00, 0x07, 0xF7, 0x00, 0x00, 0xFF, 0xF0, 0x00, 0x0F, 0x7F, 0x00, 0x00,
    0xE1, 0xC0, 0x00, 0x00, 0x00, 0x00, 0x00, 0x00, 0x00, 0x00, 0x00, 0x00, 0x00, 0x00, 0x0F, 0x80,
    0x00, 0x01, 0xF8, 0x00, 0x00, 0x1F, 0x80, 0x00, 0x01, 0xFC, 0x00, 0x00, 0x3F, 0xC0, 0x00, 0x03,
    0xFE, 0x00, 0x00, 0x7D, 0xE0, 0x00, 0x07, 0x9E, 0x00, 0x00, 0x79, 0xF0, 0x00, 0x0F, 0x8F, 0x00,
    0x00, 0xF0, 0xF0, 0x00, 0x0F, 0x0F, 0x80, 0x01, 0xF0, 0x78, 0x00, 0x1E, 0x07, 0x80, 0x01, 0xE0,
    0x7C, 0x00, 0x3E, 0x03, 0xC0, 0x03, 0xC0, 0x3E, 0x00, 0x7C, 0x03, 0xE0, 0x07, 0xC0, 0x1E, 0x00,
    0x7F, 0xFF, 0xF0, 0x0F, 0xFF, 0xFF, 0x00, 0xFF, 0xFF, 0xF0, 0x0F, 0xFF, 0xFF, 0x81, 0xF0, 0x00,
    0xF8, 0x1F, 0x00, 0x07, 0x81, 0xE0, 0x00, 0x7C, 0x3E, 0x00, 0x07, 0xC3, 0xE0, 0x00, 0x3E, 0x7C,
    0x00, 0x03, 0xE7, 0xC0, 0x00, 0x1E, 0x7C, 0x00, 0x01, 0xF0, 0x00, 0x00, 0x00, 0x00, 0x0F, 0x0F,
    0x80, 0x01, 0xF8, 0xF8, 0x00, 0x1F, 0x8F, 0x80, 0x01, 0xF0, 0xF8, 0x00, 0x0F, 0x07, 0x00, 0x00,
    0x00, 0x00, 0x00, 0x00, 0x00, 0x00, 0x00, 0x00, 0x00, 0x00, 0x00, 0xF8, 0x00, 0x00, 0x1F, 0x80,
    0x00, 0x01, 0xF8, 0x00, 0x00, 0x1F, 0xC0, 0x00, 0x03, 0xFC, 0x00, 0x00, 0x3F, 0xE0, 0x00, 0x07,
    0xDE, 0x00, 0x00, 0x79, 0xE0, 0x00, 0x07, 0x9F, 0x00, 0x00, 0xF8, 0xF0, 0x00, 0x0F, 0x0F, 0x00,
    0x00, 0xF0, 0xF8, 0x00, 0x1F, 0x07, 0x80, 0x01, 0xE0, 0x78, 0x00, 0x1E, 0x07, 0xC0, 0x03, 0xE0,
    0x3C, 0x00, 0x3C, 0x03, 0xE0, 0x07, 0xC0, 0x3E, 0x00, 0x7C, 0x01, 0xE0, 0x07, 0xFF, 0xFF, 0x00,
    0xFF, 0xFF, 0xF0, 0x0F, 0xFF, 0xFF, 0x00, 0xFF, 0xFF, 0xF8, 0x1F, 0x00, 0x0F, 0x81, 0xF0, 0x00,
    0x78, 0x1E, 0x00, 0x07, 0xC3, 0xE0, 0x00, 0x7C, 0x3E, 0x00, 0x03, 0xE7, 0xC0, 0x00, 0x3E, 0x7C,
    0x00, 0x01, 0xE7, 0xC0, 0x00, 0x1F, 0x00, 0x0F, 0x00, 0x00, 0x03, 0xFC, 0x00, 0x00, 0x3F, 0xE0,
    0x00, 0x07, 0x9E, 0x00, 0x00, 0x70, 0xF0, 0x00, 0x07, 0x0F, 0x00, 0x00, 0x70, 0xF0, 0x00, 0x07,
    0xDE, 0x00, 0x00, 0x3F, 0xE0, 0x00, 0x01, 0xFC, 0x00, 0x00, 0x0F, 0x00, 0x00, 0x00, 0xF8, 0x00,
    0x00, 0x1F, 0x80, 0x00, 0x01, 0xF8, 0x00, 0x00, 0x1F, 0xC0, 0x00, 0x03, 0xFC, 0x00, 0x00, 0x3F,
    0xE0, 0x00, 0x07, 0xDE, 0x00, 0x00, 0x79, 0xE0, 0x00, 0x07, 0x9F, 0x00, 0x00, 0xF8, 0xF0, 0x00,
    0x0F, 0x0F, 0x00, 0x00, 0xF0, 0xF8, 0x00, 0x1F, 0x07, 0x80, 0x01, 0xE0, 0x78, 0x00, 0x1E, 0x07,
    0xC0, 0x03, 0xE0, 0x3C, 0x00, 0x3C, 0x03, 0xE0, 0x07, 0xC0, 0x3E, 0x00, 0x7C, 0x01, 0xE0, 0x07,
    0xFF, 0xFF, 0x00, 0xFF, 0xFF, 0xF0, 0x0F, 0xFF, 0xFF, 0x00, 0xFF, 0xFF, 0xF8, 0x1F, 0x00, 0x0F,
    0x81, 0xF0, 0x00, 0x78, 0x1E, 0x00, 0x07, 0xC3, 0xE0, 0x00, 0x7C, 0x3E, 0x00, 0x03, 0xE7, 0xC0,
    0x00, 0x3E, 0x7C, 0x00, 0x01, 0xE7, 0xC0, 0x00, 0x1F, 0x00, 0x01, 0xFF, 0xFF, 0xFE, 0x00, 0x03,
    0xFF, 0xFF, 0xFC, 0x00, 0x0F, 0xFF, 0xFF, 0xF8, 0x00, 0x1F, 0xFF, 0xFF, 0xF0, 0x00, 0x7C, 0xF0,
    0x00, 0x00, 0x00, 0xF1, 0xE0, 0x00, 0x00, 0x03, 0xE3, 0xC0, 0x00, 0x00, 0x07, 0x87, 0x80, 0x00,
    0x00, 0x1F, 0x0F, 0x00, 0x00, 0x00, 0x3C, 0x1E, 0x00, 0x00, 0x00, 0xF8, 0x3C, 0x00, 0x00, 0x01,
    0xE0, 0x78, 0x00, 0x00, 0x07, 0xC0, 0xF0, 0x00, 0x00, 0x0F, 0x81, 0xE0, 0x00, 0x00, 0x3E, 0x03,
    0xFF, 0xFF, 0x00, 0x7C, 0x07, 0xFF, 0xFE, 0x01, 0xF0, 0x0F, 0xFF, 0xFC, 0x03, 0xE0, 0x1F, 0xFF,
    0xF8, 0x0F, 0x80, 0x3C, 0x00, 0x00, 0x1F, 0xFF, 0xF8, 0x00, 0x00, 0x3F, 0xFF, 0xF0, 0x00, 0x00,
    0xFF, 0xFF, 0xE0, 0x00, 0x01, 0xFF, 0xFF, 0xC0, 0x00, 0x07, 0xC0, 0x07, 0x80, 0x00, 0x0F, 0x00,
    0x0F, 0x00, 0x00, 0x3E, 0x00, 0x1E, 0x00, 0x00, 0x7C, 0x00, 0x3C, 0x00, 0x01, 0xF0, 0x00, 0x7F,
    0xFF, 0xF3, 0xE0, 0x00, 0xFF, 0xFF, 0xEF, 0x80, 0x01, 0xFF, 0xFF, 0xDF, 0x00, 0x03, 0xFF, 0xFF,
    0x80, 0x00, 0x3F, 0xC0, 0x00, 0x3F, 0xFE, 0x00, 0x0F, 0xFF, 0xF0, 0x03, 0xFF, 0xFF, 0x00, 0xFE,
    0x0F, 0xF0, 0x3F, 0x00, 0x3F, 0x0F, 0xC0, 0x03, 0xE1, 0xF0, 0x00, 0x3E, 0x7C, 0x00, 0x07, 0xCF,
    0x80, 0x00, 0x79, 0xE0, 0x00, 0x0F, 0x7C, 0x00, 0x00, 0x0F, 0x80, 0x00, 0x01, 0xF0, 0x00, 0x00,
    0x3E, 0x00, 0x00, 0x07, 0x80, 0x00, 0x00, 0xF0, 0x00, 0x00, 0x1F, 0x00, 0x00, 0x03, 0xE0, 0x00,
    0x00, 0x7C, 0x00, 0x00, 0x0F, 0x80, 0x00, 0x00, 0xF0, 0x00, 0x07, 0x9F, 0x00, 0x00, 0xF3, 0xE0,
    0x00, 0x3E, 0x3E, 0x00, 0x07, 0xC7, 0xE0, 0x01, 0xF0, 0x7F, 0x00, 0xFE, 0x07, 0xFF, 0xFF, 0x80,
    0x7F, 0xFF, 0xE0, 0x07, 0xFF, 0xF8, 0x00, 0x3F, 0xFC, 0x00, 0x00, 0xFC, 0x00, 0x00, 0x0F, 0x00,
    0x00, 0x01, 0xF8, 0x00, 0x00, 0x3F, 0x80, 0x00, 0x00, 0xF0, 0x00, 0x00, 0x1E, 0x00, 0x00, 0x3F,
    0xC0, 0x00, 0x07, 0xF0, 0x00, 0x00, 0xFC, 0x00, 0x07, 0x80, 0x00, 0x78, 0x00, 0x07, 0xC0, 0x00,
    0x3C, 0x00, 0x01, 0xE0, 0x00, 0x1E, 0x00, 0x00, 0xF0, 0x00, 0x00, 0x00, 0x00, 0x00, 0x0F, 0xFF,
    0xFE, 0xFF, 0xFF, 0xFF, 0xFF, 0xFF, 0xFF, 0xFF, 0xFF, 0x80, 0x00, 0xF8, 0x00, 0x0F, 0x80, 0x00,
    0xF8, 0x00, 0x0F, 0x80, 0x00, 0xF8, 0x00, 0x0F, 0x80, 0x00, 0xF8, 0x00, 0x0F, 0x80, 0x00, 0xF8,
    0x00, 0x0F, 0xFF, 0xFE, 0xFF, 0xFF, 0xEF, 0xFF, 0xFE, 0xFF, 0xFF, 0xCF, 0x80, 0x00, 0xF8, 0x00,
    0x0F, 0x80, 0x00, 0xF8, 0x00, 0x0F, 0x80, 0x00, 0xF8, 0x00, 0x0F, 0x80, 0x00, 0xF8, 0x00, 0x0F,
    0x80, 0x00, 0xFF, 0xFF, 0xFF, 0xFF, 0xFF, 0xFF, 0xFF, 0xFF, 0xFF, 0xFF, 0x00, 0x1E, 0x00, 0x03,
    0xE0, 0x00, 0x3C, 0x00, 0x07, 0xC0, 0x00, 0x78, 0x00, 0x07, 0x80, 0x00, 0xF0, 0x00, 0x00, 0x00,
    0x00, 0x00, 0x0F, 0xFF, 0xFE, 0xFF, 0xFF, 0xFF, 0xFF, 0xFF, 0xFF, 0xFF, 0xFF, 0x80, 0x00, 0xF8,
    0x00, 0x0F, 0x80, 0x00, 0xF8, 0x00, 0x0F, 0x80, 0x00, 0xF8, 0x00, 0x0F, 0x80, 0x00, 0xF8, 0x00,
    0x0F, 0x80, 0x00, 0xF8, 0x00, 0x0F, 0xFF, 0xFE, 0xFF, 0xFF, 0xEF, 0xFF, 0xFE, 0xFF, 0xFF, 0xCF,
    0x80, 0x00, 0xF8, 0x00, 0x0F, 0x80, 0x00, 0xF8, 0x00, 0x0F, 0x80, 0x00, 0xF8, 0x00, 0x0F, 0x80,
    0x00, 0xF8, 0x00, 0x0F, 0x80, 0x00, 0xFF, 0xFF, 0xFF, 0xFF, 0xFF, 0xFF, 0xFF, 0xFF, 0xFF, 0xFF,
    0x00, 0xF0, 0x00, 0x1F, 0x80, 0x03, 0xFC, 0x00, 0x7F, 0xE0, 0x0F, 0x9F, 0x01, 0xF0, 0xF0, 0x0E,
    0x07, 0x00, 0x00, 0x00, 0x00, 0x00, 0x0F, 0xFF, 0xFE, 0xFF, 0xFF, 0xFF, 0xFF, 0xFF, 0xFF, 0xFF,
    0xFF, 0x80, 0x00, 0xF8, 0x00, 0x0F, 0x80, 0x00, 0xF8, 0x00, 0x0F, 0x80, 0x00, 0xF8, 0x00, 0x0F,
    0x80, 0x00, 0xF8, 0x00, 0x0F, 0x80, 0x00, 0xF8, 0x00, 0x0F, 0xFF, 0xFE, 0xFF, 0xFF, 0xEF, 0xFF,
    0xFE, 0xFF, 0xFF, 0xCF, 0x80, 0x00, 0xF8, 0x00, 0x0F, 0x80, 0x00, 0xF8, 0x00, 0x0F, 0x80, 0x00,
    0xF8, 0x00, 0x0F, 0x80, 0x00, 0xF8, 0x00, 0x0F, 0x80, 0x00, 0xFF, 0xFF, 0xFF, 0xFF, 0xFF, 0xFF,
    0xFF, 0xFF, 0xFF, 0xFF, 0x00, 0x00, 0x00, 0xF0, 0xF0, 0x1F, 0x0F, 0x81, 0xF0, 0xF8, 0x1F, 0x0F,
    0x80, 0xE0, 0x70, 0x00, 0x00, 0x00, 0x00, 0x00, 0x00, 0x00, 0x0F, 0xFF, 0xFE, 0xFF, 0xFF, 0xFF,
    0xFF, 0xFF, 0xFF, 0xFF, 0xFF, 0x80, 0x00, 0xF8, 0x00, 0x0F, 0x80, 0x00, 0xF8, 0x00, 0x0F, 0x80,
    0x00, 0xF8, 0x00, 0x0F, 0x80, 0x00, 0xF8, 0x00, 0x0F, 0x80, 0x00, 0xF8, 0x00, 0x0F, 0xFF, 0xFE,
    0xFF, 0xFF, 0xEF, 0xFF, 0xFE, 0xFF, 0xFF, 0xCF, 0x80, 0x00, 0xF8, 0x00, 0x0F, 0x80, 0x00, 0xF8,
    0x00, 0x0F, 0x80, 0x00, 0xF8, 0x00, 0x0F, 0x80, 0x00, 0xF8, 0x00, 0x0F, 0x80, 0x00, 0xFF, 0xFF,
    0xFF, 0xFF, 0xFF, 0xFF, 0xFF, 0xFF, 0xFF, 0xFF, 0xF0, 0xF8, 0x78, 0x3C, 0x3C, 0x1E, 0x1E, 0x00,
    0x00, 0x1E, 0x1F, 0x1F, 0x1F, 0x1F, 0x1F, 0x1F, 0x1F, 0x1F, 0x1F, 0x1F, 0x1F, 0x1F, 0x1F, 0x1F,
    0x1F, 0x1F, 0x1F, 0x1F, 0x1F, 0x1F, 0x1F, 0x1F, 0x1F, 0x1F, 0x1F, 0x1F, 0x1F, 0x1F, 0x1F, 0x1F,
    0x1F, 0x1F, 0x3E, 0x3C, 0x7C, 0x78, 0x70, 0x00, 0x00, 0xF0, 0xF8, 0xF8, 0xF8, 0xF8, 0xF8, 0xF8,
    0xF8, 0xF8, 0xF8, 0xF8, 0xF8, 0xF8, 0xF8, 0xF8, 0xF8, 0xF8, 0xF8, 0xF8, 0xF8, 0xF8, 0xF8, 0xF8,
    0xF8, 0xF8, 0xF8, 0xF8, 0xF8, 0xF8, 0xF8, 0xF8, 0x07, 0x80, 0x3F, 0x00, 0xFE, 0x07, 0xBC, 0x3C,
    0xF9, 0xF1, 0xF7, 0x83, 0xC0, 0x00, 0x00, 0x00, 0x1E, 0x00, 0x7C, 0x01, 0xF0, 0x07, 0xC0, 0x1F,
    0x00, 0x7C, 0x01, 0xF0, 0x07, 0xC0, 0x1F, 0x00, 0x7C, 0x01, 0xF0, 0x07, 0xC0, 0x1F, 0x00, 0x7C,
    0x01, 0xF0, 0x07, 0xC0, 0x1F, 0x00, 0x7C, 0x01, 0xF0, 0x07, 0xC0, 0x1F, 0x00, 0x7C, 0x01, 0xF0,
    0x07, 0xC0, 0x1F, 0x00, 0x7C, 0x01, 0xF0, 0x07, 0xC0, 0x1F, 0x00, 0x7C, 0x01, 0xF0, 0x00, 0x00,
    0xF0, 0x79, 0xF1, 0xF7, 0xE3, 0xE7, 0xC7, 0xC7, 0x07, 0x00, 0x00, 0x00, 0x00, 0x00, 0x00, 0x0F,
    0x00, 0x1F, 0x00, 0x3E, 0x00, 0x7C, 0x00, 0xF8, 0x01, 0xF0, 0x03, 0xE0, 0x07, 0xC0, 0x0F, 0x80,
    0x1F, 0x00, 0x3E, 0x00, 0x7C, 0x00, 0xF8, 0x01, 0xF0, 0x03, 0xE0, 0x07, 0xC0, 0x0F, 0x80, 0x1F,
    0x00, 0x3E, 0x00, 0x7C, 0x00, 0xF8, 0x01, 0xF0, 0x03, 0xE0, 0x07, 0xC0, 0x0F, 0x80, 0x1F, 0x00,
    0x3E, 0x00, 0x7C, 0x00, 0xF8, 0x01, 0xF0, 0x03, 0xE0, 0x0F, 0xFF, 0x80, 0x00, 0x7F, 0xFF, 0x80,
    0x03, 0xFF, 0xFF, 0x00, 0x1F, 0xFF, 0xFE, 0x00, 0xF8, 0x1F, 0xF8, 0x07, 0x80, 0x0F, 0xE0, 0x3C,
    0x00, 0x1F, 0x01, 0xE0, 0x00, 0x7C, 0x0F, 0x00, 0x03, 0xE0, 0x78, 0x00, 0x0F, 0x83, 0xC0, 0x00,
    0x7C, 0x1E, 0x00, 0x01, 0xE0, 0xF0, 0x00, 0x0F, 0x07, 0x80, 0x00, 0x7B, 0xFF, 0xFC, 0x03, 0xDF,
    0xFF, 0xE0, 0x1F, 0xFF, 0xFF, 0x00, 0xFF, 0xFF, 0xF8, 0x07, 0x83, 0xC0, 0x00, 0x3C, 0x1E, 0x00,
    0x01, 0xE0, 0xF0, 0x00, 0x1F, 0x07, 0x80, 0x00, 0xF8, 0x3C, 0x00, 0x07, 0x81, 0xE0, 0x00, 0x7C,
    0x0F, 0x00, 0x07, 0xE0, 0x78, 0x00, 0x7E, 0x03, 0xC0, 0x0F, 0xE0, 0x1F, 0xFF, 0xFE, 0x00, 0xFF,
    0xFF, 0xE0, 0x07, 0xFF, 0xFE, 0x00, 0x3F, 0xFF, 0x80, 0x00, 0x00, 0xF0, 0xE0, 0x00, 0xFE, 0xF0,
    0x00, 0x7F, 0xF0, 0x00, 0x7B, 0xF8, 0x00, 0x38, 0x78, 0x00, 0x00, 0x00, 0x00, 0x00, 0x00, 0x00,
    0x00, 0x00, 0x00, 0xF8, 0x00, 0x07, 0xFE, 0x00, 0x07, 0xFF, 0x80, 0x03, 0xFF, 0xC0, 0x01, 0xFF,
    0xF0, 0x00, 0xFF, 0xF8, 0x00, 0x7F, 0xFE, 0x00, 0x3F, 0xFF, 0x80, 0x1F, 0xFF, 0xC0, 0x0F, 0xFD,
    0xF0, 0x07, 0xFE, 0x7C, 0x03, 0xFF, 0x3E, 0x01, 0xFF, 0x8F, 0x80, 0xFF, 0xC7, 0xE0, 0x7F, 0xE1,
    0xF0, 0x3F, 0xF0, 0x7C, 0x1F, 0xF8, 0x3E, 0x0F, 0xFC, 0x0F, 0x87, 0xFE, 0x03, 0xE3, 0xFF, 0x01,
    0xF1, 0xFF, 0x80, 0x7C, 0xFF, 0xC0, 0x3F, 0x7F, 0xE0, 0x0F, 0xBF, 0xF0, 0x03, 0xFF, 0xF8, 0x01,
    0xFF, 0xFC, 0x00, 0x7F, 0xFE, 0x00, 0x1F, 0xFF, 0x00, 0x0F, 0xFF, 0x80, 0x03, 0xFF, 0xC0, 0x00,
    0xFF, 0xE0, 0x00, 0x7E, 0x00, 0xF8, 0x00, 0x00, 0x07, 0x80, 0x00, 0x00, 0x7C, 0x00, 0x00, 0x03,
    0xC0, 0x00, 0x00, 0x1E, 0x00, 0x00, 0x01, 0xE0, 0x00, 0x00, 0x0F, 0x00, 0x00, 0x00, 0x00, 0x00,
    0x00, 0x00, 0x00, 0x00, 0x03, 0xFC, 0x00, 0x01, 0xFF, 0xF0, 0x00, 0x3F, 0xFF, 0xC0, 0x07, 0xFF,
    0xFE, 0x00, 0xFE, 0x0F, 0xF0, 0x1F, 0x80, 0x1F, 0x83, 0xF0, 0x00, 0xF8, 0x3E, 0x00, 0x07, 0xC7,
    0xC0, 0x00, 0x3C, 0x7C, 0x00, 0x03, 0xE7, 0x80, 0x00, 0x3E, 0xF8, 0x00, 0x01, 0xEF, 0x80, 0x00,
    0x1F, 0xF8, 0x00, 0x01, 0xFF, 0x80, 0x00, 0x1F, 0xF0, 0x00, 0x01, 0xFF, 0x00, 0x00, 0x1F, 0xF8,
    0x00, 0x01, 0xFF, 0x80, 0x00, 0x1F, 0xF8, 0x00, 0x01, 0xEF, 0x80, 0x00, 0x1E, 0x78, 0x00, 0x03,
    0xE7, 0xC0, 0x00, 0x3E, 0x7C, 0x00, 0x07, 0xC3, 0xE0, 0x00, 0x7C, 0x3F, 0x00, 0x0F, 0x81, 0xFC,
    0x03, 0xF8, 0x0F, 0xFF, 0xFF, 0x00, 0x7F, 0xFF, 0xE0, 0x03, 0xFF, 0xFC, 0x00, 0x0F, 0xFF, 0x00,
    0x00, 0x1F, 0x80, 0x00, 0x00, 0x01, 0xE0, 0x00, 0x00, 0x3E, 0x00, 0x00, 0x03, 0xC0, 0x00, 0x00,
    0x7C, 0x00, 0x00, 0x07, 0x80, 0x00, 0x00, 0xF0, 0x00, 0x00, 0x0F, 0x00, 0x00, 0x00, 0x00, 0x00,
    0x00, 0x00, 0x00, 0x00, 0x03, 0xFC, 0x00, 0x01, 0xFF, 0xF0, 0x00, 0x3F, 0xFF, 0xC0, 0x07, 0xFF,
    0xFE, 0x00, 0xFE, 0x0F, 0xF0, 0x1F, 0x80, 0x1F, 0x83, 0xF0, 0x00, 0xF8, 0x3E, 0x00, 0x07, 0xC7,
    0xC0, 0x00, 0x3C, 0x7C, 0x00, 0x03, 0xE7, 0x80, 0x00, 0x3E, 0xF8, 0x00, 0x01, 0xEF, 0x80, 0x00,
    0x1F, 0xF8, 0x00, 0x01, 0xFF, 0x80, 0x00, 0x1F, 0xF0, 0x00, 0x01, 0xFF, 0x00, 0x00, 0x1F, 0xF8,
    0x00, 0x01, 0xFF, 0x80, 0x00, 0x1F, 0xF8, 0x00, 0x01, 0xEF, 0x80, 0x00, 0x1E, 0x78, 0x00, 0x03,
    0xE7, 0xC0, 0x00, 0x3E, 0x7C, 0x00, 0x07, 0xC3, 0xE0, 0x00, 0x7C, 0x3F, 0x00, 0x0F, 0x81, 0xFC,
    0x03, 0xF8, 0x0F, 0xFF, 0xFF, 0x00, 0x7F, 0xFF, 0xE0, 0x03, 0xFF, 0xFC, 0x00, 0x0F, 0xFF, 0x00,
    0x00, 0x1F, 0x80, 0x00, 0x00, 0x0F, 0x00, 0x00, 0x01, 0xF8, 0x00, 0x00, 0x3F, 0xC0, 0x00, 0x07,
    0xFE, 0x00, 0x00, 0xF9, 0xE0, 0x00, 0x1F, 0x0F, 0x00, 0x01, 0xE0, 0x70, 0x00, 0x00, 0x00, 0x00,
    0x00, 0x00, 0x00, 0x00, 0x03, 0xFC, 0x00, 0x01, 0xFF, 0xF0, 0x00, 0x3F, 0xFF, 0xC0, 0x07, 0xFF,
    0xFE, 0x00, 0xFE, 0x0F, 0xF0, 0x1F, 0x80, 0x1F, 0x83, 0xF0, 0x00, 0xF8, 0x3E, 0x00, 0x07, 0xC7,
    0xC0, 0x00, 0x3C, 0x7C, 0x00, 0x03, 0xE7, 0x80, 0x00, 0x3E, 0xF8, 0x00, 0x01, 0xEF, 0x80, 0x00,
    0x1F, 0xF8, 0x00, 0x01, 0xFF, 0x80, 0x00, 0x1F, 0xF0, 0x00, 0x01, 0xFF, 0x00, 0x00, 0x1F, 0xF8,
    0x00, 0x01, 0xFF, 0x80, 0x00, 0x1F, 0xF8, 0x00, 0x01, 0xEF, 0x80, 0x00, 0x1E, 0x78, 0x00, 0x03,
    0xE7, 0xC0, 0x00, 0x3E, 0x7C, 0x00, 0x07, 0xC3, 0xE0, 0x00, 0x7C, 0x3F, 0x00, 0x0F, 0x81, 0xFC,
    0x03, 0xF8, 0x0F, 0xFF, 0xFF, 0x00, 0x7F, 0xFF, 0xE0, 0x03, 0xFF, 0xFC, 0x00, 0x0F, 0xFF, 0x00,
    0x00, 0x1F, 0x80, 0x00, 0x00, 0x7C, 0x70, 0x00, 0x0F, 0xFF, 0x00, 0x00, 0xFF, 0xF0, 0x00, 0x0E,
    0x7E, 0x00, 0x00, 0xE1, 0xC0, 0x00, 0x00, 0x00, 0x00, 0x00, 0x00, 0x00, 0x00, 0x00, 0x00, 0x00,
    0x00, 0x3F, 0xC0, 0x00, 0x1F, 0xFF, 0x00, 0x03, 0xFF, 0xFC, 0x00, 0x7F, 0xFF, 0xE0, 0x0F, 0xE0,
    0xFF, 0x01, 0xF8, 0x01, 0xF8, 0x3F, 0x00, 0x0F, 0x83, 0xE0, 0x00, 0x7C, 0x7C, 0x00, 0x03, 0xC7,
    0xC0, 0x00, 0x3E, 0x78, 0x00, 0x03, 0xEF, 0x80, 0x00, 0x1E, 0xF8, 0x00, 0x01, 0xFF, 0x80, 0x00,
    0x1F, 0xF8, 0x00, 0x01, 0xFF, 0x00, 0x00, 0x1F, 0xF0, 0x00, 0x01, 0xFF, 0x80, 0x00, 0x1F, 0xF8,
    0x00, 0x01, 0xFF, 0x80, 0x00, 0x1E, 0xF8, 0x00, 0x01, 0xE7, 0x80, 0x00, 0x3E, 0x7C, 0x00, 0x03,
    0xE7, 0xC0, 0x00, 0x7C, 0x3E, 0x00, 0x07, 0xC3, 0xF0, 0x00, 0xF8, 0x1F, 0xC0, 0x3F, 0x80, 0xFF,
    0xFF, 0xF0, 0x07, 0xFF, 0xFE, 0x00, 0x3F, 0xFF, 0xC0, 0x00, 0xFF, 0xF0, 0x00, 0x01, 0xF8, 0x00,
    0x00, 0x00, 0x00, 0x00, 0x0F, 0x0F, 0x00, 0x01, 0xF0, 0xF8, 0x00, 0x1F, 0x1F, 0x80, 0x01, 0xF0,
    0xF8, 0x00, 0x0E, 0x07, 0x00, 0x00, 0x00, 0x00, 0x00, 0x00, 0x00, 0x00, 0x00, 0x00, 0x00, 0x00,
    0x03, 0xFC, 0x00, 0x01, 0xFF, 0xF0, 0x00, 0x3F, 0xFF, 0xC0, 0x07, 0xFF, 0xFE, 0x00, 0xFE, 0x0F,
    0xF0, 0x1F, 0x80, 0x1F, 0x83, 0xF0, 0x00, 0xF8, 0x3E, 0x00, 0x07, 0xC7, 0xC0, 0x00, 0x3C, 0x7C,
    0x00, 0x03, 0xE7, 0x80, 0x00, 0x3E, 0xF8, 0x00, 0x01, 0xEF, 0x80, 0x00, 0x1F, 0xF8, 0x00, 0x01,
    0xFF, 0x80, 0x00, 0x1F, 0xF0, 0x00, 0x01, 0xFF, 0x00, 0x00, 0x1F, 0xF8, 0x00, 0x01, 0xFF, 0x80,
    0x00, 0x1F, 0xF8, 0x00, 0x01, 0xEF, 0x80, 0x00, 0x1E, 0x78, 0x00, 0x03, 0xE7, 0xC0, 0x00, 0x3E,
    0x7C, 0x00, 0x07, 0xC3, 0xE0, 0x00, 0x7C, 0x3F, 0x00, 0x0F, 0x81, 0xFC, 0x03, 0xF8, 0x0F, 0xFF,
    0xFF, 0x00, 0x7F, 0xFF, 0xE0, 0x03, 0xFF, 0xFC, 0x00, 0x0F, 0xFF, 0x00, 0x00, 0x1F, 0x80, 0x00,
    0x20, 0x00, 0x87, 0x00, 0x1C, 0xF8, 0x03, 0xEF, 0xC0, 0x7E, 0x7E, 0x0F, 0xC3, 0xF1, 0xF8, 0x1F,
    0xBF, 0x00, 0xFF, 0xE0, 0x07, 0xFC, 0x00, 0x3F, 0x80, 0x03, 0xF8, 0x00, 0x7F, 0xC0, 0x0F, 0xFE,
    0x01, 0xFB, 0xF0, 0x3F, 0x1F, 0x87, 0xE0, 0xFC, 0xFC, 0x07, 0xEF, 0x80, 0x3E, 0x70, 0x01, 0xE2,
    0x00, 0x0C, 0x00, 0x00, 0x00, 0x00, 0x03, 0xFC, 0x18, 0x01, 0xFF, 0xF3, 0xC0, 0x3F, 0xFF, 0xFC,
    0x07, 0xFF, 0xFF, 0x80, 0xFE, 0x0F, 0xF8, 0x1F, 0x80, 0x1F, 0x83, 0xF0, 0x03, 0xF8, 0x3E, 0x00,
    0x7F, 0xC7, 0xC0, 0x07, 0xFC, 0x7C, 0x00, 0xFB, 0xE7, 0x80, 0x1F, 0x3E, 0xF8, 0x01, 0xF1, 0xEF,
    0x80, 0x3E, 0x1F, 0xF8, 0x07, 0xC1, 0xFF, 0x80, 0xF8, 0x1F, 0xF0, 0x0F, 0x81, 0xFF, 0x01, 0xF0,
    0x1F, 0xF8, 0x3E, 0x01, 0xFF, 0x87, 0xC0, 0x1F, 0xF8, 0x7C, 0x01, 0xEF, 0x8F, 0x80, 0x1E, 0x79,
    0xF0, 0x03, 0xE7, 0xDF, 0x00, 0x3E, 0x7F, 0xE0, 0x07, 0xC3, 0xFC, 0x00, 0x7C, 0x3F, 0x80, 0x0F,
    0x81, 0xFC, 0x03, 0xF8, 0x1F, 0xFF, 0xFF, 0x03, 0xFF, 0xFF, 0xE0, 0x7F, 0xFF, 0xFC, 0x03, 0xCF,
    0xFF, 0x00, 0x18, 0x1F, 0x80, 0x00, 0x01, 0xE0, 0x00, 0x00, 0xF8, 0x00, 0x00, 0x3C, 0x00, 0x00,
    0x1F, 0x00, 0x00, 0x07, 0x80, 0x00, 0x01, 0xE0, 0x00, 0x00, 0xF0, 0x00, 0x00, 0x00, 0x00, 0x00,
    0x00, 0x00, 0x78, 0x00, 0x07, 0xBE, 0x00, 0x03, 0xFF, 0x00, 0x01, 0xFF, 0x80, 0x00, 0xFF, 0xC0,
    0x00, 0x7F, 0xE0, 0x00, 0x3F, 0xF0, 0x00, 0x1F, 0xF8, 0x00, 0x0F, 0xFC, 0x00, 0x07, 0xFE, 0x00,
    0x03, 0xFF, 0x00, 0x01, 0xFF, 0x80, 0x00, 0xFF, 0xC0, 0x00, 0x7F, 0xE0, 0x00, 0x3F, 0xF0, 0x00,
    0x1F, 0xF8, 0x00, 0x0F, 0xFC, 0x00, 0x07, 0xFE, 0x00, 0x03, 0xFF, 0x00, 0x01, 0xFF, 0x80, 0x00,
    0xFF, 0xC0, 0x00, 0x7F, 0xE0, 0x00, 0x3D, 0xF0, 0x00, 0x1E, 0xF8, 0x00, 0x1F, 0x3E, 0x00, 0x0F,
    0x9F, 0x80, 0x0F, 0x87, 0xE0, 0x0F, 0xC3, 0xFE, 0x3F, 0xC0, 0xFF, 0xFF, 0xC0, 0x3F, 0xFF, 0xC0,
    0x07, 0xFF, 0xC0, 0x00, 0x7F, 0x00, 0x00, 0x00, 0x07, 0xC0, 0x00, 0x03, 0xC0, 0x00, 0x03, 0xE0,
    0x00, 0x01, 0xE0, 0x00, 0x01, 0xF0, 0x00, 0x00, 0xF0, 0x00, 0x00, 0x70, 0x00, 0x00, 0x00, 0x00,
    0x00, 0x00, 0x00, 0x78, 0x00, 0x07, 0xBE, 0x00, 0x03, 0xFF, 0x00, 0x01, 0xFF, 0x80, 0x00, 0xFF,
    0xC0, 0x00, 0x7F, 0xE0, 0x00, 0x3F, 0xF0, 0x00, 0x1F, 0xF8, 0x00, 0x0F, 0xFC, 0x00, 0x07, 0xFE,
    0x00, 0x03, 0xFF, 0x00, 0x01, 0xFF, 0x80, 0x00, 0xFF, 0xC0, 0x00, 0x7F, 0xE0, 0x00, 0x3F, 0xF0,
    0x00, 0x1F, 0xF8, 0x00, 0x0F, 0xFC, 0x00, 0x07, 0xFE, 0x00, 0x03, 0xFF, 0x00, 0x01, 0xFF, 0x80,
    0x00, 0xFF, 0xC0, 0x00, 0x7F, 0xE0, 0x00, 0x3D, 0xF0, 0x00, 0x1E, 0xF8, 0x00, 0x1F, 0x3E, 0x00,
    0x0F, 0x9F, 0x80, 0x0F, 0x87, 0xE0, 0x0F, 0xC3, 0xFE, 0x3F, 0xC0, 0xFF, 0xFF, 0xC0, 0x3F, 0xFF,
    0xC0, 0x07, 0xFF, 0xC0, 0x00, 0x7F, 0x00, 0x00, 0x00, 0x3C, 0x00, 0x00, 0x3F, 0x00, 0x00, 0x3F,
    0xC0, 0x00, 0x1E, 0xF0, 0x00, 0x1E, 0x7C, 0x00, 0x1E, 0x1F, 0x00, 0x0E, 0x07, 0x80, 0x00, 0x00,
    0x00, 0x00, 0x00, 0x00, 0x78, 0x00, 0x07, 0xBE, 0x00, 0x03, 0xFF, 0x00, 0x01, 0xFF, 0x80, 0x00,
    0xFF, 0xC0, 0x00, 0x7F, 0xE0, 0x00, 0x3F, 0xF0, 0x00, 0x1F, 0xF8, 0x00, 0x0F, 0xFC, 0x00, 0x07,
    0xFE, 0x00, 0x03, 0xFF, 0x00, 0x01, 0xFF, 0x80, 0x00, 0xFF, 0xC0, 0x00, 0x7F, 0xE0, 0x00, 0x3F,
    0xF0, 0x00, 0x1F, 0xF8, 0x00, 0x0F, 0xFC, 0x00, 0x07, 0xFE, 0x00, 0x03, 0xFF, 0x00, 0x01, 0xFF,
    0x80, 0x00, 0xFF, 0xC0, 0x00, 0x7F, 0xE0, 0x00, 0x3D, 0xF0, 0x00, 0x1E, 0xF8, 0x00, 0x1F, 0x3E,
    0x00, 0x0F, 0x9F, 0x80, 0x0F, 0x87, 0xE0, 0x0F, 0xC3, 0xFE, 0x3F, 0xC0, 0xFF, 0xFF, 0xC0, 0x3F,
    0xFF, 0xC0, 0x07, 0xFF, 0xC0, 0x00, 0x7F, 0x00, 0x00, 0x00, 0x00, 0x00, 0x01, 0xE0, 0xF0, 0x01,
    0xF8, 0xF8, 0x00, 0xFC, 0x7C, 0x00, 0x3E, 0x3E, 0x00, 0x1E, 0x0E, 0x00, 0x00, 0x00, 0x00, 0x00,
    0x00, 0x00, 0x00, 0x00, 0x00, 0x78, 0x00, 0x07, 0xBE, 0x00, 0x03, 0xFF, 0x00, 0x01, 0xFF, 0x80,
    0x00, 0xFF, 0xC0, 0x00, 0x7F, 0xE0, 0x00, 0x3F, 0xF0, 0x00, 0x1F, 0xF8, 0x00, 0x0F, 0xFC, 0x00,
    0x07, 0xFE, 0x00, 0x03, 0xFF, 0x00, 0x01, 0xFF, 0x80, 0x00, 0xFF, 0xC0, 0x00, 0x7F, 0xE0, 0x00,
    0x3F, 0xF0, 0x00, 0x1F, 0xF8, 0x00, 0x0F, 0xFC, 0x00, 0x07, 0xFE, 0x00, 0x03, 0xFF, 0x00, 0x01,
    0xFF, 0x80, 0x00, 0xFF, 0xC0, 0x00, 0x7F, 0xE0, 0x00, 0x3D, 0xF0, 0x00, 0x1E, 0xF8, 0x00, 0x1F,
    0x3E, 0x00, 0x0F, 0x9F, 0x80, 0x0F, 0x87, 0xE0, 0x0F, 0xC3, 0xFE, 0x3F, 0xC0, 0xFF, 0xFF, 0xC0,
    0x3F, 0xFF, 0xC0, 0x07, 0xFF, 0xC0, 0x00, 0x7F, 0x00, 0x00, 0x00, 0x01, 0xE0, 0x00, 0x00, 0x3E,
    0x00, 0x00, 0x03, 0xC0, 0x00, 0x00, 0x7C, 0x00, 0x00, 0x07, 0x80, 0x00, 0x00, 0xF0, 0x00, 0x00,
    0x0F, 0x00, 0x00, 0x00, 0x00, 0x00, 0x00, 0x00, 0x00, 0x07, 0xC0, 0x00, 0x3E, 0x7C, 0x00, 0x03,
    0xE3, 0xE0, 0x00, 0x7C, 0x3E, 0x00, 0x0F, 0xC1, 0xF0, 0x00, 0xF8, 0x0F, 0x80, 0x1F, 0x00, 0xF8,
    0x01, 0xF0, 0x07, 0xC0, 0x3E, 0x00, 0x7E, 0x07, 0xE0, 0x03, 0xE0, 0x7C, 0x00, 0x1F, 0x0F, 0x80,
    0x01, 0xF0, 0xF8, 0x00, 0x0F, 0x9F, 0x00, 0x00, 0xFF, 0xE0, 0x00, 0x07, 0xFE, 0x00, 0x00, 0x3F,
    0xC0, 0x00, 0x03, 0xFC, 0x00, 0x00, 0x1F, 0x80, 0x00, 0x00, 0xF0, 0x00, 0x00, 0x0F, 0x00, 0x00,
    0x00, 0xF0, 0x00, 0x00, 0x0F, 0x00, 0x00, 0x00, 0xF0, 0x00, 0x00, 0x0F, 0x00, 0x00, 0x00, 0xF0,
    0x00, 0x00, 0x0F, 0x00, 0x00, 0x00, 0xF0, 0x00, 0x00, 0x0F, 0x00, 0x00, 0x00, 0xF0, 0x00, 0x00,
    0x0F, 0x00, 0x00, 0x00, 0xF0, 0x00, 0xF0, 0x00, 0x0F, 0x80, 0x00, 0xF8, 0x00, 0x0F, 0x80, 0x00,
    0xF8, 0x00, 0x0F, 0x80, 0x00, 0xF8, 0x00, 0x0F, 0xFF, 0xE0, 0xFF, 0xFF, 0x8F, 0xFF, 0xFC, 0xFF,
    0xFF, 0xEF, 0x80, 0x3E, 0xF8, 0x01, 0xFF, 0x80, 0x0F, 0xF8, 0x00, 0xFF, 0x80, 0x0F, 0xF8, 0x00,
    0xFF, 0x80, 0x0F, 0xF8, 0x01, 0xFF, 0x80, 0x3E, 0xF8, 0x0F, 0xEF, 0xFF, 0xFC, 0xFF, 0xFF, 0x8F,
    0xFF, 0xF0, 0xFF, 0xF8, 0x0F, 0x80, 0x00, 0xF8, 0x00, 0x0F, 0x80, 0x00, 0xF8, 0x00, 0x0F, 0x80,
    0x00, 0xF8, 0x00, 0x00, 0x03, 0xF8, 0x00, 0x7F, 0xF0, 0x0F, 0xFF, 0xC0, 0x7F, 0xFF, 0x07, 0xE0,
    0xFC, 0x3E, 0x03, 0xE3, 0xE0, 0x0F, 0x9F, 0x00, 0x7C, 0xF8, 0x03, 0xE7, 0xC0, 0x1F, 0x3E, 0x00,
    0xF1, 0xF0, 0x0F, 0x8F, 0x80, 0x78, 0x7C, 0x1F, 0xC3, 0xE3, 0xF8, 0x1F, 0x1F, 0xE0, 0xF8, 0xFF,
    0xC7, 0xC7, 0xFF, 0x3E, 0x00, 0xF9, 0xF0, 0x03, 0xEF, 0x80, 0x0F, 0x7C, 0x00, 0x7B, 0xE0, 0x03,
    0xDF, 0x00, 0x1E, 0xF8, 0x00, 0xF7, 0xC0, 0x0F, 0xBE, 0x00, 0xFD, 0xF1, 0xFF, 0xCF, 0x8F, 0xFC,
    0x7C, 0x7F, 0xC3, 0xE3, 0xFC, 0x00, 0x07, 0x80, 0x00, 0xF8, 0x00, 0x0F, 0x00, 0x01, 0xF0, 0x00,
    0x1E, 0x00, 0x01, 0xE0, 0x00, 0x3C, 0x00, 0x00, 0x00, 0x00, 0x00, 0x00, 0x7F, 0x80, 0x3F, 0xFC,
    0x0F, 0xFF, 0xC3, 0xFF, 0xFC, 0x7C, 0x0F, 0xDF, 0x00, 0xF9, 0xC0, 0x0F, 0x00, 0x01, 0xE0, 0x00,
    0x3C, 0x00, 0xFF, 0x83, 0xFF, 0xF1, 0xFF, 0xFE, 0x7F, 0xFF, 0xDF, 0xE0, 0x7B, 0xE0, 0x0F, 0x78,
    0x01, 0xFF, 0x00, 0x3F, 0xE0, 0x0F, 0xBC, 0x03, 0xF7, 0xE0, 0xFE, 0xFF, 0xFF, 0xCF, 0xFF, 0x78,
    0x7F, 0xCF, 0x03, 0xE0, 0x00, 0x00, 0x1F, 0x00, 0x03, 0xC0, 0x00, 0xF8, 0x00, 0x1E, 0x00, 0x07,
    0x80, 0x00, 0xF0, 0x00, 0x3C, 0x00, 0x00, 0x00, 0x00, 0x00, 0x00, 0x7F, 0x80, 0x3F, 0xFC, 0x0F,
    0xFF, 0xC3, 0xFF, 0xFC, 0x7C, 0x0F, 0xDF, 0x00, 0xF9, 0xC0, 0x0F, 0x00, 0x01, 0xE0, 0x00, 0x3C,
    0x00, 0xFF, 0x83, 0xFF, 0xF1, 0xFF, 0xFE, 0x7F, 0xFF, 0xDF, 0xE0, 0x7B, 0xE0, 0x0F, 0x78, 0x01,
    0xFF, 0x00, 0x3F, 0xE0, 0x0F, 0xBC, 0x03, 0xF7, 0xE0, 0xFE, 0xFF, 0xFF, 0xCF, 0xFF, 0x78, 0x7F,
    0xCF, 0x03, 0xE0, 0x00, 0x00, 0xF0, 0x00, 0x3F, 0x00, 0x0F, 0xF0, 0x03, 0xFF, 0x00, 0x79, 0xF0,
    0x1E, 0x1F, 0x03, 0x81, 0xE0, 0x00, 0x00, 0x00, 0x00, 0x00, 0x7F, 0x80, 0x3F, 0xFC, 0x0F, 0xFF,
    0xC3, 0xFF, 0xFC, 0x7C, 0x0F, 0xDF, 0x00, 0xF9, 0xC0, 0x0F, 0x00, 0x01, 0xE0, 0x00, 0x3C, 0x00,
    0xFF, 0x83, 0xFF, 0xF1, 0xFF, 0xFE, 0x7F, 0xFF, 0xDF, 0xE0, 0x7B, 0xE0, 0x0F, 0x78, 0x01, 0xFF,
    0x00, 0x3F, 0xE0, 0x0F, 0xBC, 0x03, 0xF7, 0xE0, 0xFE, 0xFF, 0xFF, 0xCF, 0xFF, 0x78, 0x7F, 0xCF,
    0x03, 0xE0, 0x00, 0x03, 0xC7, 0x00, 0xFE, 0xE0, 0x3F, 0xFC, 0x07, 0xBF, 0x80, 0xE1, 0xC0, 0x00,
    0x00, 0x00, 0x00, 0x00, 0x00, 0x00, 0x03, 0xFC, 0x01, 0xFF, 0xE0, 0x7F, 0xFE, 0x1F, 0xFF, 0xE3,
    0xE0, 0x7E, 0xF8, 0x07, 0xCE, 0x00, 0x78, 0x00, 0x0F, 0x00, 0x01, 0xE0, 0x07, 0xFC, 0x1F, 0xFF,
    0x8F, 0xFF, 0xF3, 0xFF, 0xFE, 0xFF, 0x03, 0xDF, 0x00, 0x7B, 0xC0, 0x0F, 0xF8, 0x01, 0xFF, 0x00,
    0x7D, 0xE0, 0x1F, 0xBF, 0x07, 0xF7, 0xFF, 0xFE, 0x7F, 0xFB, 0xC3, 0xFE, 0x78, 0x1F, 0x00, 0x00,
    0x00, 0x01, 0xE1, 0xF0, 0x7E, 0x3E, 0x0F, 0xC7, 0xC1, 0xF0, 0xF8, 0x1E, 0x0E, 0x00, 0x00, 0x00,
    0x00, 0x00, 0x00, 0x00, 0x00, 0x7F, 0x80, 0x3F, 0xFC, 0x0F, 0xFF, 0xC3, 0xFF, 0xFC, 0x7C, 0x0F,
    0xDF, 0x00, 0xF9, 0xC0, 0x0F, 0x00, 0x01, 0xE0, 0x00, 0x3C, 0x00, 0xFF, 0x83, 0xFF, 0xF1, 0xFF,
    0xFE, 0x7F, 0xFF, 0xDF, 0xE0, 0x7B, 0xE0, 0x0F, 0x78, 0x01, 0xFF, 0x00, 0x3F, 0xE0, 0x0F, 0xBC,
    0x03, 0xF7, 0xE0, 0xFE, 0xFF, 0xFF, 0xCF, 0xFF, 0x78, 0x7F, 0xCF, 0x03, 0xE0, 0x00, 0x00, 0x00,
    0x00, 0x3F, 0x00, 0x0F, 0xF0, 0x03, 0xFF, 0x00, 0x78, 0xF0, 0x0E, 0x1E, 0x01, 0xC3, 0xC0, 0x3C,
    0x78, 0x07, 0xFE, 0x00, 0x7F, 0x80, 0x07, 0xE0, 0x00, 0x00, 0x00, 0x3F, 0xC0, 0x1F, 0xFE, 0x07,
    0xFF, 0xE1, 0xFF, 0xFE, 0x3E, 0x07, 0xEF, 0x80, 0x7C, 0xE0, 0x07, 0x80, 0x00, 0xF0, 0x00, 0x1E,
    0x00, 0x7F, 0xC1, 0xFF, 0xF8, 0xFF, 0xFF, 0x3F, 0xFF, 0xEF, 0xF0, 0x3D, 0xF0, 0x07, 0xBC, 0x00,
    0xFF, 0x80, 0x1F, 0xF0, 0x07, 0xDE, 0x01, 0xFB, 0xF0, 0x7F, 0x7F, 0xFF, 0xE7, 0xFF, 0xBC, 0x3F,
    0xE7, 0x81, 0xF0, 0x00, 0x03, 0xFC, 0x07, 0xF8, 0x01, 0xFF, 0xE1, 0xFF, 0xC0, 0x7F, 0xFE, 0xFF,
    0xFC, 0x1F, 0xFF, 0xFF, 0xFF, 0xC3, 0xE0, 0x7F, 0xC0, 0xFC, 0xF8, 0x07, 0xF0, 0x0F, 0x8E, 0x00,
    0x7C, 0x00, 0xF8, 0x00, 0x0F, 0x80, 0x1F, 0x00, 0x01, 0xE0, 0x01, 0xE0, 0x00, 0x3C, 0x00, 0x3C,
    0x1F, 0xFF, 0xFF, 0xFF, 0x8F, 0xFF, 0xFF, 0xFF, 0xF3, 0xFF, 0xFF, 0xFF, 0xFE, 0xFF, 0x03, 0xC0,
    0x00, 0x1F, 0x00, 0x78, 0x00, 0x03, 0xC0, 0x0F, 0x00, 0x00, 0xF8, 0x01, 0xF0, 0x01, 0x1F, 0x00,
    0x7E, 0x00, 0x7D, 0xE0, 0x1F, 0xE0, 0x1F, 0xBF, 0x07, 0xFF, 0x07, 0xE3, 0xFF, 0xFB, 0xFF, 0xF8,
    0x7F, 0xFE, 0x7F, 0xFE, 0x03, 0xFF, 0x03, 0xFF, 0x80, 0x1F, 0x00, 0x1F, 0x80, 0x01, 0xFE, 0x00,
    0x3F, 0xFC, 0x03, 0xFF, 0xF0, 0x3F, 0xFF, 0xC1, 0xF0, 0x3F, 0x1F, 0x00, 0xF8, 0xF0, 0x03, 0xEF,
    0x80, 0x0C, 0x78, 0x00, 0x03, 0xC0, 0x00, 0x1E, 0x00, 0x00, 0xF0, 0x00, 0x07, 0x80, 0x00, 0x3C,
    0x00, 0x01, 0xE0, 0x00, 0x0F, 0x80, 0x00, 0x7C, 0x00, 0xF1, 0xF0, 0x07, 0xCF, 0x80, 0x7C, 0x3F,
    0x07, 0xE0, 0xFF, 0xFE, 0x03, 0xFF, 0xE0, 0x0F, 0xFE, 0x00, 0x1F, 0x80, 0x00, 0x38, 0x00, 0x03,
    0xF8, 0x00, 0x1F, 0xC0, 0x00, 0x0E, 0x00, 0x00, 0x70, 0x00, 0x3F, 0x80, 0x01, 0xFC, 0x00, 0x0F,
    0x80, 0x03, 0xC0, 0x00, 0x1F, 0x00, 0x00, 0xF8, 0x00, 0x03, 0xE0, 0x00, 0x0F, 0x00, 0x00, 0x78,
    0x00, 0x01, 0xE0, 0x00, 0x00, 0x00, 0x00, 0x00, 0x00, 0x0F, 0xF0, 0x01, 0xFF, 0xE0, 0x1F, 0xFF,
    0x81, 0xFF, 0xFE, 0x0F, 0x81, 0xF8, 0xF8, 0x07, 0xC7, 0x80, 0x1F, 0x7C, 0x00, 0xFB, 0xC0, 0x03,
    0xDE, 0x00, 0x1E, 0xFF, 0xFF, 0xF7, 0xFF, 0xFF, 0xBF, 0xFF, 0xFD, 0xE0, 0x00, 0x0F, 0x00, 0x00,
    0x78, 0x00, 0x03, 0xE0, 0x02, 0x0F, 0x00, 0x3E, 0x7C, 0x01, 0xF1, 0xF8, 0x3F, 0x07, 0xFF, 0xF0,
    0x1F, 0xFF, 0x00, 0x7F, 0xF0, 0x00, 0xFC, 0x00, 0x00, 0x0F, 0x00, 0x00, 0xF8, 0x00, 0x07, 0xC0,
    0x00, 0x3C, 0x00, 0x03, 0xC0, 0x00, 0x1E, 0x00, 0x01, 0xE0, 0x00, 0x00, 0x00, 0x00, 0x00, 0x00,
    0x0F, 0xF0, 0x01, 0xFF, 0xE0, 0x1F, 0xFF, 0x81, 0xFF, 0xFE, 0x0F, 0x81, 0xF8, 0xF8, 0x07, 0xC7,
    0x80, 0x1F, 0x7C, 0x00, 0xFB, 0xC0, 0x03, 0xDE, 0x00, 0x1E, 0xFF, 0xFF, 0xF7, 0xFF, 0xFF, 0xBF,
    0xFF, 0xFD, 0xE0, 0x00, 0x0F, 0x00, 0x00, 0x78, 0x00, 0x03, 0xE0, 0x02, 0x0F, 0x00, 0x3E, 0x7C,
    0x01, 0xF1, 0xF8, 0x3F, 0x07, 0xFF, 0xF0, 0x1F, 0xFF, 0x00, 0x7F, 0xF0, 0x00, 0xFC, 0x00, 0x00,
    0x78, 0x00, 0x07, 0xE0, 0x00, 0x7F, 0x80, 0x07, 0xFE, 0x00, 0x7C, 0xF8, 0x03, 0xC3, 0xC0, 0x1C,
    0x0E, 0x00, 0x00, 0x00, 0x00, 0x00, 0x00, 0x0F, 0xF0, 0x01, 0xFF, 0xE0, 0x1F, 0xFF, 0x81, 0xFF,
    0xFE, 0x0F, 0x81, 0xF8, 0xF8, 0x07, 0xC7, 0x80, 0x1F, 0x7C, 0x00, 0xFB, 0xC0, 0x03, 0xDE, 0x00,
    0x1E, 0xFF, 0xFF, 0xF7, 0xFF, 0xFF, 0xBF, 0xFF, 0xFD, 0xE0, 0x00, 0x0F, 0x00, 0x00, 0x78, 0x00,
    0x03, 0xE0, 0x02, 0x0F, 0x00, 0x3E, 0x7C, 0x01, 0xF1, 0xF8, 0x3F, 0x07, 0xFF, 0xF0, 0x1F, 0xFF,
    0x00, 0x7F, 0xF0, 0x00, 0xFC, 0x00, 0x00, 0x00, 0x00, 0x3C, 0x3C, 0x03, 0xE1, 0xF0, 0x1F, 0x0F,
    0x80, 0xF8, 0x7C, 0x03, 0x81, 0xC0, 0x00, 0x00, 0x00, 0x00, 0x00, 0x00, 0x00, 0x00, 0x0F, 0xF0,
    0x01, 0xFF, 0xE0, 0x1F, 0xFF, 0x81, 0xFF, 0xFE, 0x0F, 0x81, 0xF8, 0xF8, 0x07, 0xC7, 0x80, 0x1F,
    0x7C, 0x00, 0xFB, 0xC0, 0x03, 0xDE, 0x00, 0x1E, 0xFF, 0xFF, 0xF7, 0xFF, 0xFF, 0xBF, 0xFF, 0xFD,
    0xE0, 0x00, 0x0F, 0x00, 0x00, 0x78, 0x00, 0x03, 0xE0, 0x02, 0x0F, 0x00, 0x3E, 0x7C, 0x01, 0xF1,
    0xF8, 0x3F, 0x07, 0xFF, 0xF0, 0x1F, 0xFF, 0x00, 0x7F, 0xF0, 0x00, 0xFC, 0x00, 0xF8, 0x78, 0x7C,
    0x3C, 0x1E, 0x1E, 0x0F, 0x00, 0x00, 0x0F, 0x0F, 0x0F, 0x0F, 0x0F, 0x0F, 0x0F, 0x0F, 0x0F, 0x0F,
    0x0F, 0x0F, 0x0F, 0x0F, 0x0F, 0x0F, 0x0F, 0x0F, 0x0F, 0x0F, 0x0F, 0x0F, 0x0F, 0x1E, 0x3E, 0x3C,
    0x7C, 0x78, 0xF0, 0xF0, 0x00, 0x00, 0xF0, 0xF0, 0xF0, 0xF0, 0xF0, 0xF0, 0xF0, 0xF0, 0xF0, 0xF0,
    0xF0, 0xF0, 0xF0, 0xF0, 0xF0, 0xF0, 0xF0, 0xF0, 0xF0, 0xF0, 0xF0, 0xF0, 0xF0, 0x07, 0x80, 0x3F,
    0x01, 0xFE, 0x0F, 0xFC, 0x7C, 0xFB, 0xE1, 0xEF, 0x03, 0x80, 0x00, 0x00, 0x00, 0x1E, 0x00, 0x78,
    0x01, 0xE0, 0x07, 0x80, 0x1E, 0x00, 0x78, 0x01, 0xE0, 0x07, 0x80, 0x1E, 0x00, 0x78, 0x01, 0xE0,
    0x07, 0x80, 0x1E, 0x00, 0x78, 0x01, 0xE0, 0x07, 0x80, 0x1E, 0x00, 0x78, 0x01, 0xE0, 0x07, 0x80,
    0x1E, 0x00, 0x78, 0x01, 0xE0, 0x00, 0x01, 0xE1, 0xEF, 0x87, 0xFE, 0x3F, 0xF8, 0x7D, 0xC0, 0xE0,
    0x00, 0x00, 0x00, 0x00, 0x00, 0x1E, 0x00, 0x78, 0x01, 0xE0, 0x07, 0x80, 0x1E, 0x00, 0x78, 0x01,
    0xE0, 0x07, 0x80, 0x1E, 0x00, 0x78, 0x01, 0xE0, 0x07, 0x80, 0x1E, 0x00, 0x78, 0x01, 0xE0, 0x07,
    0x80, 0x1E, 0x00, 0x78, 0x01, 0xE0, 0x07, 0x80, 0x1E, 0x00, 0x78, 0x01, 0xE0, 0x00, 0x00, 0x00,
    0x1C, 0x00, 0x00, 0xF8, 0x30, 0x0F, 0xE7, 0xC0, 0x1F, 0xFE, 0x00, 0x7F, 0xC0, 0x07, 0xF8, 0x00,
    0xFF, 0xE0, 0x07, 0xCF, 0x80, 0x18, 0x3E, 0x00, 0x00, 0xF0, 0x01, 0xE7, 0xC0, 0x3F, 0xDE, 0x07,
    0xFF, 0xF8, 0x7F, 0xFF, 0xC3, 0xF0, 0xFE, 0x3E, 0x01, 0xF9, 0xE0, 0x07, 0xDF, 0x00, 0x3E, 0xF0,
    0x00, 0xF7, 0x80, 0x07, 0xBC, 0x00, 0x3D, 0xE0, 0x01, 0xEF, 0x00, 0x0F, 0x78, 0x00, 0x7B, 0xC0,
    0x03, 0xDF, 0x00, 0x3E, 0xF8, 0x01, 0xE3, 0xE0, 0x1F, 0x0F, 0xC3, 0xF0, 0x7F, 0xFF, 0x81, 0xFF,
    0xF8, 0x03, 0xFF, 0x00, 0x07, 0xE0, 0x00, 0x0F, 0x8E, 0x01, 0xFD, 0xC0, 0x7F, 0xF8, 0x0E, 0x7E,
    0x01, 0xC3, 0x80, 0x00, 0x00, 0x00, 0x00, 0x00, 0x00, 0x00, 0xF1, 0xFC, 0x1E, 0xFF, 0xE3, 0xFF,
    0xFE, 0x7F, 0xFF, 0xCF, 0xE0, 0xFD, 0xF0, 0x0F, 0xBE, 0x00, 0xF7, 0x80, 0x1E, 0xF0, 0x03, 0xFE,
    0x00, 0x7F, 0xC0, 0x0F, 0xF8, 0x01, 0xFF, 0x00, 0x3F, 0xE0, 0x07, 0xFC, 0x00, 0xFF, 0x80, 0x1F,
    0xF0, 0x03, 0xFE, 0x00, 0x7F, 0xC0, 0x0F, 0xF8, 0x01, 0xFF, 0x00, 0x3F, 0xE0, 0x07, 0xFC, 0x00,
    0xF8, 0x03, 0xC0, 0x00, 0x0F, 0x80, 0x00, 0x1E, 0x00, 0x00, 0x7C, 0x00, 0x00, 0xF0, 0x00, 0x01,
    0xE0, 0x00, 0x07, 0x80, 0x00, 0x00, 0x00, 0x00, 0x00, 0x00, 0x07, 0xF8, 0x00, 0x7F, 0xF8, 0x03,
    0xFF, 0xF0, 0x1F, 0xFF, 0xE0, 0x7C, 0x0F, 0xC3, 0xE0, 0x1F, 0x8F, 0x00, 0x3E, 0x7C, 0x00, 0x79,
    0xE0, 0x01, 0xF7, 0x80, 0x07, 0xDE, 0x00, 0x1F, 0x78, 0x00, 0x7D, 0xE0, 0x01, 0xF7, 0x80, 0x07,
    0xDE, 0x00, 0x1F, 0x7C, 0x00, 0x7D, 0xF0, 0x01, 0xE3, 0xE0, 0x0F, 0x8F, 0x80, 0x7C, 0x1F, 0x83,
    0xF0, 0x3F, 0xFF, 0x80, 0x7F, 0xFC, 0x00, 0xFF, 0xE0, 0x00, 0xFC, 0x00, 0x00, 0x0F, 0x80, 0x00,
    0x3C, 0x00, 0x01, 0xF0, 0x00, 0x07, 0x80, 0x00, 0x3C, 0x00, 0x00, 0xF0, 0x00, 0x07, 0x80, 0x00,
    0x00, 0x00, 0x00, 0x00, 0x00, 0x07, 0xF8, 0x00, 0x7F, 0xF8, 0x03, 0xFF, 0xF0, 0x1F, 0xFF, 0xE0,
    0x7C, 0x0F, 0xC3, 0xE0, 0x1F, 0x8F, 0x00, 0x3E, 0x7C, 0x00, 0x79, 0xE0, 0x01, 0xF7, 0x80, 0x07,
    0xDE, 0x00, 0x1F, 0x78, 0x00, 0x7D, 0xE0, 0x01, 0xF7, 0x80, 0x07, 0xDE, 0x00, 0x1F, 0x7C, 0x00,
    0x7D, 0xF0, 0x01, 0xE3, 0xE0, 0x0F, 0x8F, 0x80, 0x7C, 0x1F, 0x83, 0xF0, 0x3F, 0xFF, 0x80, 0x7F,
    0xFC, 0x00, 0xFF, 0xE0, 0x00, 0xFC, 0x00, 0x00, 0x78, 0x00, 0x03, 0xF0, 0x00, 0x1F, 0xE0, 0x00,
    0x7F, 0xC0, 0x03, 0xCF, 0x80, 0x1E, 0x1F, 0x00, 0x70, 0x3C, 0x00, 0x00, 0x00, 0x00, 0x00, 0x00,
    0x07, 0xF8, 0x00, 0x7F, 0xF8, 0x03, 0xFF, 0xF0, 0x1F, 0xFF, 0xE0, 0x7C, 0x0F, 0xC3, 0xE0, 0x1F,
    0x8F, 0x00, 0x3E, 0x7C, 0x00, 0x79, 0xE0, 0x01, 0xF7, 0x80, 0x07, 0xDE, 0x00, 0x1F, 0x78, 0x00,
    0x7D, 0xE0, 0x01, 0xF7, 0x80, 0x07, 0xDE, 0x00, 0x1F, 0x7C, 0x00, 0x7D, 0xF0, 0x01, 0xE3, 0xE0,
    0x0F, 0x8F, 0x80, 0x7C, 0x1F, 0x83, 0xF0, 0x3F, 0xFF, 0x80, 0x7F, 0xFC, 0x00, 0xFF, 0xE0, 0x00,
    0xFC, 0x00, 0x01, 0xE3, 0x80, 0x0F, 0xEE, 0x00, 0x7F, 0xF8, 0x01, 0xEF, 0xE0, 0x07, 0x0F, 0x00,
    0x00, 0x00, 0x00, 0x00, 0x00, 0x00, 0x00, 0x00, 0x01, 0xFE, 0x00, 0x1F, 0xFE, 0x00, 0xFF, 0xFC,
    0x07, 0xFF, 0xF8, 0x1F, 0x03, 0xF0, 0xF8, 0x07, 0xE3, 0xC0, 0x0F, 0x9F, 0x00, 0x1E, 0x78, 0x00,
    0x7D, 0xE0, 0x01, 0xF7, 0x80, 0x07, 0xDE, 0x00, 0x1F, 0x78, 0x00, 0x7D, 0xE0, 0x01, 0xF7, 0x80,
    0x07, 0xDF, 0x00, 0x1F, 0x7C, 0x00, 0x78, 0xF8, 0x03, 0xE3, 0xE0, 0x1F, 0x07, 0xE0, 0xFC, 0x0F,
    0xFF, 0xE0, 0x1F, 0xFF, 0x00, 0x3F, 0xF8, 0x00, 0x3F, 0x00, 0x00, 0x00, 0x00, 0x1E, 0x1F, 0x00,
    0xFC, 0x7C, 0x03, 0xF1, 0xF0, 0x07, 0x87, 0xC0, 0x1E, 0x0E, 0x00, 0x00, 0x00, 0x00, 0x00, 0x00,
    0x00, 0x00, 0x00, 0x07, 0xF8, 0x00, 0x7F, 0xF8, 0x03, 0xFF, 0xF0, 0x1F, 0xFF, 0xE0, 0x7C, 0x0F,
    0xC3, 0xE0, 0x1F, 0x8F, 0x00, 0x3E, 0x7C, 0x00, 0x79, 0xE0, 0x01, 0xF7, 0x80, 0x07, 0xDE, 0x00,
    0x1F, 0x78, 0x00, 0x7D, 0xE0, 0x01, 0xF7, 0x80, 0x07, 0xDE, 0x00, 0x1F, 0x7C, 0x00, 0x7D, 0xF0,
    0x01, 0xE3, 0xE0, 0x0F, 0x8F, 0x80, 0x7C, 0x1F, 0x83, 0xF0, 0x3F, 0xFF, 0x80, 0x7F, 0xFC, 0x00,
    0xFF, 0xE0, 0x00, 0xFC, 0x00, 0x00, 0x40, 0x00, 0x1F, 0x00, 0x01, 0xF0, 0x00, 0x1F, 0x80, 0x01,
    0xF0, 0x00, 0x1F, 0x00, 0x00, 0x00, 0x00, 0x00, 0x00, 0x00, 0x00, 0x0F, 0xFF, 0xFE, 0xFF, 0xFF,
    0xFF, 0xFF, 0xFF, 0xFF, 0xFF, 0xF0, 0x00, 0x00, 0x00, 0x00, 0x00, 0x00, 0x00, 0x00, 0xF0, 0x00,
    0x1F, 0x00, 0x01, 0xF8, 0x00, 0x1F, 0x80, 0x01, 0xF0, 0x00, 0x0E, 0x00, 0x00, 0x00, 0x00, 0x07,
    0xF8, 0x60, 0x7F, 0xFB, 0xC3, 0xFF, 0xFF, 0x1F, 0xFF, 0xF8, 0x7C, 0x0F, 0xC3, 0xE0, 0x3F, 0x8F,
    0x01, 0xFE, 0x7C, 0x07, 0xF9, 0xE0, 0x3D, 0xF7, 0x81, 0xF7, 0xDE, 0x0F, 0x9F, 0x78, 0x7C, 0x7D,
    0xE3, 0xE1, 0xF7, 0x9F, 0x07, 0xDE, 0x78, 0x1F, 0x7F, 0xC0, 0x7D, 0xFF, 0x01, 0xE3, 0xF8, 0x0F,
    0x8F, 0xC0, 0x7C, 0x3F, 0x83, 0xF1, 0xFF, 0xFF, 0x87, 0xFF, 0xFC, 0x3C, 0xFF, 0xE0, 0x30, 0xFC,
    0x00, 0x0F, 0x00, 0x01, 0xF0, 0x00, 0x1E, 0x00, 0x03, 0xE0, 0x00, 0x3C, 0x00, 0x03, 0xC0, 0x00,
    0x78, 0x00, 0x00, 0x00, 0x00, 0x00, 0x1E, 0x00, 0x7B, 0xC0, 0x0F, 0xF8, 0x01, 0xFF, 0x00, 0x3F,
    0xE0, 0x07, 0xFC, 0x00, 0xFF, 0x80, 0x1F, 0xF0, 0x03, 0xFE, 0x00, 0x7F, 0xC0, 0x0F, 0xF8, 0x01,
    0xFF, 0x00, 0x3F, 0xE0, 0x07, 0xFC, 0x00, 0xFF, 0x80, 0x1F, 0xF0, 0x03, 0xFE, 0x00, 0x7F, 0xE0,
    0x1F, 0xFE, 0x07, 0xF7, 0xE3, 0xFE, 0xFF, 0xFF, 0xCF, 0xFE, 0xF8, 0xFF, 0x9F, 0x03, 0xC0, 0x00,
    0x00, 0x3C, 0x00, 0x07, 0x80, 0x01, 0xF0, 0x00, 0x3C, 0x00, 0x0F, 0x00, 0x01, 0xE0, 0x00, 0x78,
    0x00, 0x00, 0x00, 0x00, 0x00, 0x1E, 0x00, 0x7B, 0xC0, 0x0F, 0xF8, 0x01, 0xFF, 0x00, 0x3F, 0xE0,
    0x07, 0xFC, 0x00, 0xFF, 0x80, 0x1F, 0xF0, 0x03, 0xFE, 0x00, 0x7F, 0xC0, 0x0F, 0xF8, 0x01, 0xFF,
    0x00, 0x3F, 0xE0, 0x07, 0xFC, 0x00, 0xFF, 0x80, 0x1F, 0xF0, 0x03, 0xFE, 0x00, 0x7F, 0xE0, 0x1F,
    0xFE, 0x07, 0xF7, 0xE3, 0xFE, 0xFF, 0xFF, 0xCF, 0xFE, 0xF8, 0xFF, 0x9F, 0x03, 0xC0, 0x00, 0x01,
    0xE0, 0x00, 0x7E, 0x00, 0x1F, 0xE0, 0x07, 0xFE, 0x01, 0xF3, 0xE0, 0x3C, 0x3E, 0x07, 0x03, 0xC0,
    0x00, 0x00, 0x00, 0x00, 0x1E, 0x00, 0x7B, 0xC0, 0x0F, 0xF8, 0x01, 0xFF, 0x00, 0x3F, 0xE0, 0x07,
    0xFC, 0x00, 0xFF, 0x80, 0x1F, 0xF0, 0x03, 0xFE, 0x00, 0x7F, 0xC0, 0x0F, 0xF8, 0x01, 0xFF, 0x00,
    0x3F, 0xE0, 0x07, 0xFC, 0x00, 0xFF, 0x80, 0x1F, 0xF0, 0x03, 0xFE, 0x00, 0x7F, 0xE0, 0x1F, 0xFE,
    0x07, 0xF7, 0xE3, 0xFE, 0xFF, 0xFF, 0xCF, 0xFE, 0xF8, 0xFF, 0x9F, 0x03, 0xC0, 0x00, 0x00, 0x00,
    0x03, 0xC3, 0xC0, 0xF8, 0x7C, 0x1F, 0x8F, 0x83, 0xE1, 0xF0, 0x38, 0x1C, 0x00, 0x00, 0x00, 0x00,
    0x00, 0x00, 0x00, 0x1E, 0x00, 0x7B, 0xC0, 0x0F, 0xF8, 0x01, 0xFF, 0x00, 0x3F, 0xE0, 0x07, 0xFC,
    0x00, 0xFF, 0x80, 0x1F, 0xF0, 0x03, 0xFE, 0x00, 0x7F, 0xC0, 0x0F, 0xF8, 0x01, 0xFF, 0x00, 0x3F,
    0xE0, 0x07, 0xFC, 0x00, 0xFF, 0x80, 0x1F, 0xF0, 0x03, 0xFE, 0x00, 0x7F, 0xE0, 0x1F, 0xFE, 0x07,
    0xF7, 0xE3, 0xFE, 0xFF, 0xFF, 0xCF, 0xFE, 0xF8, 0xFF, 0x9F, 0x03, 0xC0, 0x00, 0x00, 0x1F, 0x00,
    0x00, 0xF8, 0x00, 0x0F, 0x80, 0x00, 0x78, 0x00, 0x07, 0xC0, 0x00, 0x3C, 0x00, 0x01, 0xC0, 0x00,
    0x00, 0x00, 0x00, 0x00, 0x07, 0x80, 0x03, 0xFE, 0x00, 0x3F, 0xF0, 0x01, 0xF7, 0x80, 0x0F, 0x3E,
    0x00, 0xF8, 0xF0, 0x07, 0x87, 0x80, 0x7C, 0x3E, 0x03, 0xE0, 0xF0, 0x1E, 0x07, 0xC1, 0xF0, 0x3E,
    0x0F, 0x80, 0xF0, 0x78, 0x07, 0xC7, 0xC0, 0x1E, 0x3C, 0x00, 0xF1, 0xE0, 0x07, 0xDF, 0x00, 0x1E,
    0xF0, 0x00, 0xF7, 0x80, 0x07, 0xF8, 0x00, 0x1F, 0xC0, 0x00, 0xFE, 0x00, 0x03, 0xE0, 0x00, 0x1F,
    0x00, 0x00, 0xF8, 0x00, 0x07, 0x80, 0x00, 0x7C, 0x00, 0x03, 0xC0, 0x00, 0x3E, 0x00, 0x1F, 0xE0,
    0x00, 0xFF, 0x00, 0x07, 0xF0, 0x00, 0x3E, 0x00, 0x00, 0xF0, 0x00, 0x07, 0x80, 0x00, 0x3C, 0x00,
    0x01, 0xE0, 0x00, 0x0F, 0x00, 0x00, 0x78, 0x00, 0x03, 0xC0, 0x00, 0x1E, 0x00, 0x00, 0xF1, 0xFC,
    0x07, 0x9F, 0xF8, 0x3D, 0xFF, 0xE1, 0xFF, 0xFF, 0x8F, 0xE0, 0x7E, 0x7E, 0x01, 0xF3, 0xE0, 0x07,
    0xDF, 0x00, 0x3E, 0xF0, 0x00, 0xF7, 0x80, 0x07, 0xBC, 0x00, 0x3D, 0xE0, 0x01, 0xEF, 0x00, 0x0F,
    0x78, 0x00, 0x7B, 0xC0, 0x03, 0xDE, 0x00, 0x1E, 0xF8, 0x01, 0xF7, 0xC0, 0x0F, 0x3F, 0x00, 0xF9,
    0xFE, 0x1F, 0x8F, 0xFF, 0xFC, 0x7B, 0xFF, 0xC3, 0xCF, 0xF8, 0x1E, 0x1F, 0x00, 0xF0, 0x00, 0x07,
    0x80, 0x00, 0x3C, 0x00, 0x01, 0xE0, 0x00, 0x0F, 0x00, 0x00, 0x78, 0x00, 0x03, 0xC0, 0x00, 0x1E,
    0x00, 0x00, 0x00, 0x00, 0x00, 0x78, 0x3C, 0x03, 0xE3, 0xE0, 0x3F, 0x1F, 0x00, 0xF8, 0xF8, 0x03,
    0x83, 0x80, 0x00, 0x00, 0x00, 0x00, 0x00, 0x00, 0x00, 0x07, 0x80, 0x03, 0xFE, 0x00, 0x3F, 0xF0,
    0x01, 0xF7, 0x80, 0x0F, 0x3E, 0x00, 0xF8, 0xF0, 0x07, 0x87, 0x80, 0x7C, 0x3E, 0x03, 0xE0, 0xF0,
    0x1E, 0x07, 0xC1, 0xF0, 0x3E, 0x0F, 0x80, 0xF0, 0x78, 0x07, 0xC7, 0xC0, 0x1E, 0x3C, 0x00, 0xF1,
    0xE0, 0x07, 0xDF, 0x00, 0x1E, 0xF0, 0x00, 0xF7, 0x80, 0x07, 0xF8, 0x00, 0x1F, 0xC0, 0x00, 0xFE,
    0x00, 0x03, 0xE0, 0x00, 0x1F, 0x00, 0x00, 0xF8, 0x00, 0x07, 0x80, 0x00, 0x7C, 0x00, 0x03, 0xC0,
    0x00, 0x3E, 0x00, 0x1F, 0xE0, 0x00, 0xFF, 0x00, 0x07, 0xF0, 0x00, 0x3E, 0x00, 0x00,
};

static const MeshInkFontGlyph inter_20_regularGlyphs[] = {
    { 0, 0, 183, 0, 0, 0, 0 }, // U+0020
    { 7, 32, 182, 2, 31, 28, 0 }, // !
    { 11, 12, 301, 4, 31, 17, 28 }, // "
    { 26, 31, 417, 0, 31, 101, 45 }, // #
    { 23, 40, 424, 2, 35, 115, 146 }, // $
    { 32, 32, 634, 4, 31, 128, 261 }, // %
    { 25, 32, 424, 1, 31, 100, 389 }, // &
    { 4, 12, 193, 4, 31, 6, 489 }, // '
    { 9, 39, 233, 4, 33, 44, 495 }, // (
    { 10, 39, 233, 1, 33, 49, 539 }, // )
    { 17, 18, 329, 2, 31, 39, 588 }, // *
    { 21, 20, 436, 3, 22, 53, 627 }, // +
    { 7, 12, 182, 2, 5, 11, 680 }, // ,
    { 15, 4, 302, 2, 15, 8, 691 }, // -
    { 7, 7, 182, 2, 6, 7, 699 }, // .
    { 14, 37, 235, 0, 32, 65, 706 }, // /
    { 22, 32, 418, 2, 31, 88, 771 }, // 0
    { 13, 31, 265, 1, 31, 51, 859 }, // 1
    { 21, 31, 399, 2, 31, 82, 910 }, // 2
    { 22, 32, 409, 2, 31, 88, 992 }, // 3
    { 23, 31, 426, 2, 31, 90, 1080 }, // 4
    { 21, 32, 393, 2, 31, 84, 1170 }, // 5
    { 22, 32, 408, 2, 31, 88, 1254 }, // 6
    { 21, 31, 370, 1, 31, 82, 1342 }, // 7
    { 22, 32, 407, 2, 31, 88, 1424 }, // 8
    { 22, 32, 408, 2, 31, 88, 1512 }, // 9
    { 7, 23, 182, 2, 22, 21, 1600 }, // :
    { 7, 29, 189, 2, 22, 26, 1621 }, // ;
    { 20, 23, 436, 3, 23, 58, 1647 }, // <
    { 19, 13, 436, 4, 18, 31, 1705 }, // =
    { 20, 23, 436, 4, 23, 58, 1736 }, // >
    { 19, 32, 343, 1, 31, 76, 1794 }, // ?
    { 36, 39, 645, 2, 30, 176, 1870 }, // @
    { 28, 31, 454, 0, 31, 109, 2046 }, // A
    { 22, 31, 434, 3, 31, 86, 2155 }, // B
    { 27, 32, 486, 2, 31, 108, 2241 }, // C
    { 25, 31, 476, 3, 31, 97, 2349 }, // D
    { 20, 31, 398, 3, 31, 78, 2446 }, // E
    { 20, 31, 388, 3, 31, 78, 2524 }, // F
    { 27, 32, 495, 2, 31, 108, 2602 }, // G
    { 25, 31, 490, 3, 31, 97, 2710 }, // H
    { 5, 31, 174, 3, 31, 20, 2807 }, // I
    { 19, 32, 375, 1, 31, 76, 2827 }, // J
    { 24, 31, 442, 3, 31, 93, 2903 }, // K
    { 19, 31, 372, 3, 31, 74, 2996 }, // L
    { 31, 31, 595, 3, 31, 121, 3070 }, // M
    { 25, 31, 496, 3, 31, 97, 3191 }, // N
    { 28, 32, 508, 2, 31, 112, 3288 }, // O
    { 22, 31, 422, 3, 31, 86, 3400 }, // P
    { 28, 34, 508, 2, 31, 119, 3486 }, // Q
    { 23, 31, 427, 3, 31, 90, 3605 }, // R
    { 23, 32, 424, 2, 31, 92, 3695 }, // S
    { 24, 31, 425, 1, 31, 93, 3787 }, // T
    { 25, 32, 490, 3, 31, 100, 3880 }, // U
    { 28, 31, 454, 0, 31, 109, 3980 }, // V
    { 40, 31, 652, 0, 31, 155, 4089 }, // W
    { 27, 31, 449, 1, 31, 105, 4244 }, // X
    { 28, 31, 447, 0, 31, 109, 4349 }, // Y
    { 22, 31, 417, 2, 31, 86, 4458 }, // Z
    { 9, 39, 233, 4, 33, 44, 4544 }, // [
    { 14, 37, 235, 0, 32, 65, 4588 }, // <backslash>
    { 9, 39, 233, 2, 33, 44, 4653 }, // ]
    { 17, 14, 309, 1, 30, 30, 4697 }, // ^
    { 19, 4, 304, 0, 0, 10, 4727 }, // _
    { 8, 7, 203, 2, 32, 7, 4737 }, // `
    { 19, 24, 368, 1, 23, 57, 4744 }, // a
    { 21, 32, 401, 3, 31, 84, 4801 }, // b
    { 21, 24, 374, 1, 23, 63, 4885 }, // c
    { 22, 32, 401, 1, 31, 88, 4948 }, // d
    { 21, 24, 382, 1, 23, 63, 5036 }, // e
    { 15, 32, 237, 0, 32, 60, 5099 }, // f
    { 22, 32, 402, 1, 23, 88, 5159 }, // g
    { 19, 31, 388, 3, 31, 74, 5247 }, // h
    { 6, 32, 156, 2, 32, 24, 5321 }, // i
    { 9, 41, 156, -1, 32, 47, 5345 }, // j
    { 20, 31, 360, 3, 31, 78, 5392 }, // k
    { 4, 31, 156, 3, 31, 16, 5470 }, // l
    { 31, 23, 579, 3, 23, 90, 5486 }, // m
    { 19, 23, 387, 3, 23, 55, 5576 }, // n
    { 22, 24, 392, 1, 23, 66, 5631 }, // o
    { 21, 32, 401, 3, 23, 84, 5697 }, // p
    { 22, 32, 401, 1, 23, 88, 5781 }, // q
    { 12, 23, 243, 3, 23, 35, 5869 }, // r
    { 18, 24, 344, 2, 23, 54, 5904 }, // s
    { 13, 29, 216, 0, 28, 48, 5958 }, // t
    { 19, 24, 388, 3, 23, 57, 6006 }, // u
    { 21, 23, 367, 1, 23, 61, 6063 }, // v
    { 32, 23, 536, 1, 23, 92, 6124 }, // w
    { 21, 23, 358, 1, 23, 61, 6216 }, // x
    { 21, 32, 367, 1, 23, 84, 6277 }, // y
    { 18, 23, 357, 2, 23, 52, 6361 }, // z
    { 14, 39, 278, 2, 33, 69, 6413 }, // {
    { 4, 51, 216, 5, 41, 26, 6482 }, // |
    { 13, 39, 278, 2, 33, 64, 6508 }, // }
    { 22, 8, 436, 3, 16, 22, 6572 }, // ~
    { 0, 0, 183, 0, 0, 0, 6594 }, // U+00A0
    { 7, 31, 183, 2, 23, 28, 6594 }, // U+00A1
    { 21, 31, 374, 1, 31, 82, 6622 }, // U+00A2
    { 22, 31, 403, 2, 31, 86, 6704 }, // U+00A3
    { 26, 27, 478, 2, 26, 88, 6790 }, // U+00A4
    { 23, 31, 362, 0, 31, 90, 6878 }, // U+00A5
    { 5, 37, 175, 3, 31, 24, 6968 }, // U+00A6
    { 20, 38, 374, 2, 31, 95, 6992 }, // U+00A7
    { 14, 6, 387, 5, 32, 11, 7087 }, // U+00A8
    { 32, 32, 605, 3, 31, 128, 7098 }, // U+00A9
    { 16, 18, 298, 1, 31, 36, 7226 }, // U+00AA
    { 22, 20, 380, 1, 22, 55, 7262 }, // U+00AB
    { 18, 10, 436, 4, 16, 23, 7317 }, // U+00AC
    { 25, 24, 439, 1, 31, 75, 7340 }, // U+00AE
    { 13, 3, 308, 3, 30, 5, 7415 }, // U+00AF
    { 15, 15, 299, 2, 31, 29, 7420 }, // U+00B0
    { 20, 22, 436, 4, 23, 55, 7449 }, // U+00B1
    { 14, 17, 286, 2, 35, 30, 7504 }, // U+00B2
    { 15, 18, 291, 2, 35, 34, 7534 }, // U+00B3
    { 7, 7, 203, 3, 32, 7, 7568 }, // U+00B4
    { 21, 32, 386, 3, 23, 84, 7575 }, // U+00B5
    { 20, 31, 396, 2, 31, 78, 7659 }, // U+00B6
    { 7, 7, 182, 2, 18, 7, 7737 }, // U+00B7
    { 8, 10, 174, 3, 1, 10, 7744 }, // U+00B8
    { 9, 17, 196, 1, 35, 20, 7754 }, // U+00B9
    { 18, 18, 316, 1, 31, 41, 7774 }, // U+00BA
    { 21, 20, 380, 1, 22, 53, 7815 }, // U+00BB
    { 31, 31, 523, 1, 31, 121, 7868 }, // U+00BC
    { 32, 31, 551, 1, 31, 124, 7989 }, // U+00BD
    { 34, 31, 577, 1, 31, 132, 8113 }, // U+00BE
    { 18, 32, 343, 2, 23, 72, 8245 }, // U+00BF
    { 28, 40, 454, 0, 40, 140, 8317 }, // U+00C0
    { 28, 40, 454, 0, 40, 140, 8457 }, // U+00C1
    { 28, 40, 454, 0, 40, 140, 8597 }, // U+00C2
    { 28, 39, 454, 0, 39, 137, 8737 }, // U+00C3
    { 28, 40, 454, 0, 40, 140, 8874 }, // U+00C4
    { 28, 42, 454, 0, 42, 147, 9014 }, // U+00C5
    { 39, 31, 659, 0, 31, 152, 9161 }, // U+00C6
    { 27, 40, 486, 2, 31, 135, 9313 }, // U+00C7
    { 20, 40, 398, 3, 40, 100, 9448 }, // U+00C8
    { 20, 40, 398, 3, 40, 100, 9548 }, // U+00C9
    { 20, 40, 398, 3, 40, 100, 9648 }, // U+00CA
    { 20, 40, 398, 3, 40, 100, 9748 }, // U+00CB
    { 8, 40, 174, 0, 40, 40, 9848 }, // U+00CC
    { 8, 40, 174, 3, 40, 40, 9888 }, // U+00CD
    { 14, 40, 174, -2, 40, 70, 9928 }, // U+00CE
    { 15, 40, 174, -2, 40, 75, 9998 }, // U+00CF
    { 29, 31, 488, 0, 31, 113, 10073 }, // U+00D0
    { 25, 39, 496, 3, 39, 122, 10186 }, // U+00D1
    { 28, 41, 508, 2, 40, 144, 10308 }, // U+00D2
    { 28, 41, 508, 2, 40, 144, 10452 }, // U+00D3
    { 28, 41, 508, 2, 40, 144, 10596 }, // U+00D4
    { 28, 40, 508, 2, 39, 140, 10740 }, // U+00D5
    { 28, 41, 508, 2, 40, 144, 10880 }, // U+00D6
    { 20, 20, 436, 4, 22, 50, 11024 }, // U+00D7
    { 28, 33, 508, 2, 32, 116, 11074 }, // U+00D8
    { 25, 41, 490, 3, 40, 129, 11190 }, // U+00D9
    { 25, 41, 490, 3, 40, 129, 11319 }, // U+00DA
    { 25, 41, 490, 3, 40, 129, 11448 }, // U+00DB
    { 25, 41, 490, 3, 40, 129, 11577 }, // U+00DC
    { 28, 40, 447, 0, 40, 140, 11706 }, // U+00DD
    { 20, 31, 419, 3, 31, 78, 11846 }, // U+00DE
    { 21, 31, 405, 3, 31, 82, 11924 }, // U+00DF
    { 19, 33, 368, 1, 32, 79, 12006 }, // U+00E0
    { 19, 33, 368, 1, 32, 79, 12085 }, // U+00E1
    { 19, 33, 368, 1, 32, 79, 12164 }, // U+00E2
    { 19, 32, 368, 1, 31, 76, 12243 }, // U+00E3
    { 19, 33, 368, 1, 32, 79, 12319 }, // U+00E4
    { 19, 36, 368, 1, 35, 86, 12398 }, // U+00E5
    { 35, 24, 605, 1, 23, 105, 12484 }, // U+00E6
    { 21, 32, 374, 1, 23, 84, 12589 }, // U+00E7
    { 21, 33, 382, 1, 32, 87, 12673 }, // U+00E8
    { 21, 33, 382, 1, 32, 87, 12760 }, // U+00E9
    { 21, 33, 382, 1, 32, 87, 12847 }, // U+00EA
    { 21, 33, 382, 1, 32, 87, 12934 }, // U+00EB
    { 8, 32, 156, -1, 32, 32, 13021 }, // U+00EC
    { 8, 32, 156, 3, 32, 32, 13053 }, // U+00ED
    { 14, 32, 156, -2, 32, 56, 13085 }, // U+00EE
    { 14, 32, 156, -2, 32, 56, 13141 }, // U+00EF
    { 21, 34, 383, 1, 33, 90, 13197 }, // U+00F0
    { 19, 31, 387, 3, 31, 74, 13287 }, // U+00F1
    { 22, 33, 392, 1, 32, 91, 13361 }, // U+00F2
    { 22, 33, 392, 1, 32, 91, 13452 }, // U+00F3
    { 22, 33, 392, 1, 32, 91, 13543 }, // U+00F4
    { 22, 32, 392, 1, 31, 88, 13634 }, // U+00F5
    { 22, 33, 392, 1, 32, 91, 13722 }, // U+00F6
    { 20, 22, 436, 4, 23, 55, 13813 }, // U+00F7
    { 22, 25, 392, 1, 24, 69, 13868 }, // U+00F8
    { 19, 33, 388, 3, 32, 79, 13937 }, // U+00F9
    { 19, 33, 388, 3, 32, 79, 14016 }, // U+00FA
    { 19, 33, 388, 3, 32, 79, 14095 }, // U+00FB
    { 19, 33, 388, 3, 32, 79, 14174 }, // U+00FC
    { 21, 41, 367, 1, 32, 108, 14253 }, // U+00FD
    { 21, 40, 401, 3, 31, 105, 14361 }, // U+00FE
    { 21, 41, 367, 1, 32, 108, 14466 }, // U+00FF
};

static const MeshInkFontUnicodeInterval inter_20_regularIntervals[] = {
    { 0x20, 0x7E, 0x0 },
    { 0xA0, 0xAC, 0x5F },
    { 0xAE, 0xFF, 0x6C },
};

static constexpr MeshInkFontData inter_20_regular = {
    inter_20_regularBitmaps,
    inter_20_regularGlyphs,
    inter_20_regularIntervals,
    3,
    50,
    41,
    -11,
    false,
    nullptr,
    0,
    nullptr,
    nullptr,
    nullptr,
    nullptr,
    0,
    0,
    0,
    0,
    nullptr,
    0,
    nullptr,
    nullptr,
    nullptr,
    nullptr,
};
