/**
 * generated by fontconvert.py
 * name: inter_30_regular
 * size: 30
 * mode: 1-bit
 * Command used: fontconvert.py inter_30_regular 30 Inter-Regular.ttf --no-default-intervals --additional-intervals 0x20,0xFF --no-kern-liga
 */
#pragma once
#include "MeshInkFontData.h"

static const uint8_t inter_30_regularBitmaps[31862] = {
    0x7F, 0x3F, 0x9F, 0xCF, 0xE7, 0xF3, 0xF9, 0xFC, 0xFE, 0x7F, 0x3F, 0x9F, 0xCF, 0xE7, 0xF3, 0xF9,
    0xFC, 0xFE, 0x7F, 0x3F, 0x9F, 0xCF, 0xE7, 0xF3, 0xF9, 0xFC, 0xFE, 0x7F, 0x3F, 0x9F, 0xCF, 0xE7,
    0xF3, 0xF9, 0xFC, 0xFE, 0x00, 0x00, 0x00, 0x00, 0x00, 0x00, 0x00, 0xF8, 0xFE, 0x7F, 0x7F, 0xFF,
    0xFF, 0xF7, 0xF3, 0xF8, 0x70, 0xFC, 0x3F, 0x7E, 0x1F, 0xBF, 0x0F, 0xDF, 0x87, 0xEF, 0xC3, 0xF7,
    0xE1, 0xFB, 0xF0, 0xFD, 0xF8, 0x7E, 0xFC, 0x3F, 0x7E, 0x1F, 0xBF, 0x0F, 0xDF, 0x87, 0xEF, 0xC3,
    0xF7, 0xE1, 0xFB, 0xF0, 0xFD, 0xF8, 0x3E, 0xFC, 0x1F, 0x3C, 0x0F, 0x80, 0x00, 0x07, 0xC0, 0x07,
    0xC0, 0x00, 0x1F, 0x80, 0x1F, 0x80, 0x00, 0x3F, 0x00, 0x3F, 0x00, 0x00, 0x7C, 0x00, 0x7C, 0x00,
    0x00, 0xF8, 0x00, 0xF8, 0x00, 0x01, 0xF0, 0x01, 0xF0, 0x00, 0x03, 0xE0, 0x03, 0xE0, 0x00, 0x0F,
    0xC0, 0x0F, 0xC0, 0x00, 0x1F, 0x80, 0x1F, 0x80, 0x00, 0x3E, 0x00, 0x3E, 0x00, 0x00, 0x7C, 0x00,
    0x7C, 0x00, 0x00, 0xF8, 0x00, 0xF8, 0x00, 0x01, 0xF0, 0x01, 0xF0, 0x01, 0xFF, 0xFF, 0xFF, 0xFF,
    0xC3, 0xFF, 0xFF, 0xFF, 0xFF, 0x0F, 0xFF, 0xFF, 0xFF, 0xFE, 0x1F, 0xFF, 0xFF, 0xFF, 0xFC, 0x3F,
    0xFF, 0xFF, 0xFF, 0xF8, 0x00, 0xF8, 0x00, 0xF8, 0x00, 0x01, 0xF0, 0x03, 0xF0, 0x00, 0x07, 0xE0,
    0x07, 0xE0, 0x00, 0x0F, 0xC0, 0x0F, 0xC0, 0x00, 0x1F, 0x00, 0x1F, 0x00, 0x00, 0x3E, 0x00, 0x3E,
    0x00, 0x00, 0x7C, 0x00, 0x7C, 0x00, 0x00, 0xF8, 0x01, 0xF8, 0x00, 0x03, 0xF0, 0x03, 0xF0, 0x00,
    0x07, 0xE0, 0x07, 0xE0, 0x00, 0x0F, 0x80, 0x0F, 0x80, 0x0F, 0xFF, 0xFF, 0xFF, 0xFE, 0x1F, 0xFF,
    0xFF, 0xFF, 0xFC, 0x3F, 0xFF, 0xFF, 0xFF, 0xF8, 0x7F, 0xFF, 0xFF, 0xFF, 0xE0, 0xFF, 0xFF, 0xFF,
    0xFF, 0xC0, 0x07, 0xC0, 0x07, 0xC0, 0x00, 0x0F, 0x80, 0x0F, 0x80, 0x00, 0x1F, 0x00, 0x1F, 0x00,
    0x00, 0x3E, 0x00, 0x3E, 0x00, 0x00, 0xFC, 0x00, 0xFC, 0x00, 0x01, 0xF8, 0x01, 0xF8, 0x00, 0x03,
    0xE0, 0x03, 0xE0, 0x00, 0x07, 0xC0, 0x07, 0xC0, 0x00, 0x0F, 0x80, 0x0F, 0x80, 0x00, 0x1F, 0x00,
    0x1F, 0x00, 0x00, 0x7E, 0x00, 0x7E, 0x00, 0x00, 0xFC, 0x00, 0xFC, 0x00, 0x00, 0x00, 0x01, 0xE0,
    0x00, 0x00, 0x00, 0x78, 0x00, 0x00, 0x00, 0x1E, 0x00, 0x00, 0x00, 0x07, 0x80, 0x00, 0x00, 0x01,
    0xE0, 0x00, 0x00, 0x00, 0x78, 0x00, 0x00, 0x00, 0x1E, 0x00, 0x00, 0x00, 0x7F, 0xFC, 0x00, 0x00,
    0xFF, 0xFF, 0xC0, 0x00, 0x7F, 0xFF, 0xFC, 0x00, 0x7F, 0xFF, 0xFF, 0x80, 0x3F, 0xFF, 0xFF, 0xF0,
    0x1F, 0xFF, 0xFF, 0xFE, 0x07, 0xF8, 0x78, 0xFF, 0x83, 0xFC, 0x1E, 0x0F, 0xF0, 0xFE, 0x07, 0x81,
    0xFC, 0x3F, 0x01, 0xE0, 0x3F, 0x9F, 0xC0, 0x78, 0x0F, 0xE7, 0xF0, 0x1E, 0x01, 0xF9, 0xF8, 0x07,
    0x80, 0x7E, 0x7F, 0x01, 0xE0, 0x00, 0x1F, 0xC0, 0x78, 0x00, 0x07, 0xF0, 0x1E, 0x00, 0x00, 0xFE,
    0x07, 0x80, 0x00, 0x3F, 0xE1, 0xE0, 0x00, 0x07, 0xFE, 0x78, 0x00, 0x01, 0xFF, 0xFE, 0x00, 0x00,
    0x3F, 0xFF, 0xC0, 0x00, 0x03, 0xFF, 0xFE, 0x00, 0x00, 0x7F, 0xFF, 0xF0, 0x00, 0x07, 0xFF, 0xFF,
    0x00, 0x00, 0x3F, 0xFF, 0xE0, 0x00, 0x01, 0xFF, 0xFC, 0x00, 0x00, 0x7F, 0xFF, 0x80, 0x00, 0x1E,
    0x3F, 0xF0, 0x00, 0x07, 0x83, 0xFE, 0x00, 0x01, 0xE0, 0x3F, 0x80, 0x00, 0x78, 0x07, 0xE0, 0x00,
    0x1E, 0x01, 0xFC, 0x00, 0x07, 0x80, 0x7F, 0xFC, 0x01, 0xE0, 0x1F, 0xFF, 0x80, 0x78, 0x07, 0xFF,
    0xE0, 0x1E, 0x01, 0xFF, 0xF8, 0x07, 0x80, 0x7E, 0x7F, 0x01, 0xE0, 0x3F, 0x9F, 0xE0, 0x78, 0x1F,
    0xE3, 0xFC, 0x1E, 0x0F, 0xF0, 0xFF, 0xC7, 0x8F, 0xFC, 0x1F, 0xFF, 0xFF, 0xFE, 0x03, 0xFF, 0xFF,
    0xFF, 0x00, 0x7F, 0xFF, 0xFF, 0x80, 0x0F, 0xFF, 0xFF, 0xC0, 0x00, 0xFF, 0xFF, 0xC0, 0x00, 0x07,
    0xFF, 0x80, 0x00, 0x00, 0x1E, 0x00, 0x00, 0x00, 0x07, 0x80, 0x00, 0x00, 0x01, 0xE0, 0x00, 0x00,
    0x00, 0x78, 0x00, 0x00, 0x00, 0x1E, 0x00, 0x00, 0x00, 0x07, 0x80, 0x00, 0x00, 0xE0, 0x00, 0x00,
    0x00, 0x00, 0x07, 0xFC, 0x00, 0x00, 0x0F, 0xC0, 0x1F, 0xFE, 0x00, 0x00, 0x0F, 0xC0, 0x3F, 0xFF,
    0x00, 0x00, 0x1F, 0x80, 0x3F, 0xFF, 0x80, 0x00, 0x3F, 0x00, 0x7F, 0x1F, 0xC0, 0x00, 0x7F, 0x00,
    0x7C, 0x0F, 0xC0, 0x00, 0x7E, 0x00, 0xFC, 0x07, 0xC0, 0x00, 0xFC, 0x00, 0xFC, 0x07, 0xE0, 0x01,
    0xF8, 0x00, 0xF8, 0x07, 0xE0, 0x01, 0xF8, 0x00, 0xF8, 0x07, 0xE0, 0x03, 0xF0, 0x00, 0xF8, 0x07,
    0xE0, 0x07, 0xE0, 0x00, 0xF8, 0x07, 0xE0, 0x07, 0xE0, 0x00, 0xF8, 0x07, 0xE0, 0x0F, 0xC0, 0x00,
    0xFC, 0x07, 0xE0, 0x1F, 0x80, 0x00, 0xFC, 0x07, 0xC0, 0x1F, 0x80, 0x00, 0x7E, 0x0F, 0xC0, 0x3F,
    0x00, 0x00, 0x7F, 0xFF, 0xC0, 0x7E, 0x00, 0x00, 0x3F, 0xFF, 0x80, 0x7E, 0x00, 0x00, 0x1F, 0xFF,
    0x00, 0xFC, 0x00, 0x00, 0x0F, 0xFE, 0x01, 0xF8, 0x00, 0x00, 0x03, 0xF8, 0x03, 0xF8, 0x00, 0x00,
    0x00, 0x00, 0x03, 0xF0, 0x00, 0x00, 0x00, 0x00, 0x07, 0xE0, 0x00, 0x00, 0x00, 0x00, 0x0F, 0xC0,
    0x00, 0x00, 0x00, 0x00, 0x0F, 0xC0, 0x00, 0x00, 0x00, 0x00, 0x1F, 0x80, 0x06, 0x00, 0x00, 0x00,
    0x3F, 0x00, 0x3F, 0xE0, 0x00, 0x00, 0x3F, 0x00, 0xFF, 0xF0, 0x00, 0x00, 0x7E, 0x01, 0xFF, 0xF8,
    0x00, 0x00, 0xFC, 0x03, 0xFF, 0xFC, 0x00, 0x00, 0xFC, 0x03, 0xF0, 0xFC, 0x00, 0x01, 0xF8, 0x07,
    0xE0, 0x7E, 0x00, 0x03, 0xF0, 0x07, 0xE0, 0x3E, 0x00, 0x03, 0xF0, 0x07, 0xC0, 0x3E, 0x00, 0x07,
    0xE0, 0x07, 0xC0, 0x3E, 0x00, 0x0F, 0xC0, 0x07, 0xC0, 0x3E, 0x00, 0x1F, 0xC0, 0x07, 0xC0, 0x3E,
    0x00, 0x1F, 0x80, 0x07, 0xC0, 0x3E, 0x00, 0x3F, 0x00, 0x07, 0xC0, 0x3E, 0x00, 0x7E, 0x00, 0x07,
    0xC0, 0x3E, 0x00, 0x7E, 0x00, 0x07, 0xE0, 0x7E, 0x00, 0xFC, 0x00, 0x07, 0xE0, 0x7E, 0x01, 0xF8,
    0x00, 0x03, 0xFF, 0xFC, 0x01, 0xF8, 0x00, 0x01, 0xFF, 0xFC, 0x03, 0xF0, 0x00, 0x01, 0xFF, 0xF8,
    0x07, 0xE0, 0x00, 0x00, 0xFF, 0xF0, 0x00, 0x00, 0x00, 0x00, 0x3F, 0xC0, 0x00, 0x1F, 0xF0, 0x00,
    0x00, 0x03, 0xFF, 0xE0, 0x00, 0x00, 0x3F, 0xFF, 0xC0, 0x00, 0x03, 0xFF, 0xFF, 0x00, 0x00, 0x3F,
    0xFF, 0xFC, 0x00, 0x03, 0xFE, 0x1F, 0xE0, 0x00, 0x1F, 0xC0, 0x3F, 0x80, 0x00, 0xFC, 0x01, 0xFC,
    0x00, 0x0F, 0xE0, 0x07, 0xE0, 0x00, 0x7F, 0x00, 0x3F, 0x00, 0x03, 0xF0, 0x01, 0xF8, 0x00, 0x1F,
    0xC0, 0x0F, 0xC0, 0x00, 0xFE, 0x00, 0xFE, 0x00, 0x03, 0xF0, 0x07, 0xE0, 0x00, 0x1F, 0xC0, 0xFF,
    0x00, 0x00, 0xFE, 0x0F, 0xF0, 0x00, 0x03, 0xF8, 0xFF, 0x80, 0x00, 0x0F, 0xEF, 0xF8, 0x00, 0x00,
    0x7F, 0xFF, 0x80, 0x00, 0x01, 0xFF, 0xF8, 0x00, 0x00, 0x07, 0xFF, 0x00, 0x00, 0x00, 0x3F, 0xF0,
    0x00, 0x00, 0x03, 0xFF, 0x00, 0x00, 0x00, 0x3F, 0xFC, 0x00, 0x00, 0x03, 0xFF, 0xF0, 0x00, 0x00,
    0x7F, 0xFF, 0xC0, 0x00, 0x03, 0xFC, 0xFE, 0x01, 0xF8, 0x3F, 0xC3, 0xF8, 0x0F, 0xC3, 0xFC, 0x1F,
    0xE0, 0x7E, 0x1F, 0xC0, 0x7F, 0x87, 0xE1, 0xFC, 0x01, 0xFE, 0x3F, 0x0F, 0xC0, 0x07, 0xF9, 0xF8,
    0x7E, 0x00, 0x1F, 0xDF, 0xC3, 0xF0, 0x00, 0x7F, 0xFE, 0x1F, 0x80, 0x03, 0xFF, 0xE0, 0xFC, 0x00,
    0x0F, 0xFF, 0x07, 0xE0, 0x00, 0x3F, 0xF0, 0x3F, 0x80, 0x00, 0xFF, 0x81, 0xFC, 0x00, 0x07, 0xF8,
    0x07, 0xF0, 0x00, 0x7F, 0xE0, 0x3F, 0xE0, 0x0F, 0xFF, 0x80, 0xFF, 0xFF, 0xFF, 0xFE, 0x03, 0xFF,
    0xFF, 0xFF, 0xF8, 0x0F, 0xFF, 0xFF, 0x9F, 0xC0, 0x3F, 0xFF, 0xF8, 0x7F, 0x00, 0x7F, 0xFF, 0x01,
    0xFC, 0x00, 0x7F, 0xC0, 0x00, 0x00, 0xFF, 0xFF, 0xFF, 0xFF, 0xFF, 0xFF, 0xFF, 0xFF, 0xFF, 0xFF,
    0xFF, 0xFF, 0xFD, 0xE0, 0x00, 0xF8, 0x07, 0xE0, 0x1F, 0x80, 0xFC, 0x03, 0xF0, 0x1F, 0xC0, 0x7E,
    0x03, 0xF8, 0x0F, 0xC0, 0x3F, 0x01, 0xFC, 0x07, 0xE0, 0x1F, 0x80, 0xFE, 0x03, 0xF0, 0x0F, 0xC0,
    0x3F, 0x01, 0xFC, 0x07, 0xE0, 0x1F, 0x80, 0x7E, 0x01, 0xF8, 0x0F, 0xE0, 0x3F, 0x80, 0xFC, 0x03,
    0xF0, 0x0F, 0xC0, 0x3F, 0x00, 0xFC, 0x03, 0xF0, 0x0F, 0xC0, 0x3F, 0x00, 0xFC, 0x03, 0xF0, 0x0F,
    0xC0, 0x3F, 0x00, 0xFC, 0x03, 0xF8, 0x0F, 0xE0, 0x1F, 0x80, 0x7E, 0x01, 0xF8, 0x07, 0xF0, 0x0F,
    0xC0, 0x3F, 0x00, 0xFE, 0x03, 0xF8, 0x07, 0xE0, 0x1F, 0xC0, 0x3F, 0x00, 0xFC, 0x03, 0xF8, 0x07,
    0xE0, 0x1F, 0xC0, 0x3F, 0x00, 0xFE, 0x01, 0xF8, 0x07, 0xE0, 0x7C, 0x01, 0xF8, 0x07, 0xE0, 0x0F,
    0xC0, 0x3F, 0x00, 0xFE, 0x01, 0xF8, 0x07, 0xF0, 0x0F, 0xC0, 0x3F, 0x00, 0xFE, 0x01, 0xF8, 0x07,
    0xE0, 0x1F, 0xC0, 0x7F, 0x00, 0xFC, 0x03, 0xF0, 0x0F, 0xE0, 0x3F, 0x80, 0x7E, 0x01, 0xF8, 0x07,
    0xE0, 0x1F, 0x80, 0x7F, 0x01, 0xFC, 0x03, 0xF0, 0x0F, 0xC0, 0x3F, 0x00, 0xFC, 0x03, 0xF0, 0x0F,
    0xC0, 0x3F, 0x00, 0xFC, 0x03, 0xF0, 0x0F, 0xC0, 0x3F, 0x01, 0xFC, 0x07, 0xF0, 0x1F, 0x80, 0x7E,
    0x01, 0xF8, 0x0F, 0xE0, 0x3F, 0x80, 0xFC, 0x03, 0xF0, 0x1F, 0xC0, 0x7E, 0x01, 0xF8, 0x0F, 0xE0,
    0x3F, 0x01, 0xFC, 0x07, 0xE0, 0x1F, 0x80, 0xFE, 0x03, 0xF0, 0x1F, 0xC0, 0x7E, 0x01, 0xF0, 0x00,
    0x00, 0x3E, 0x00, 0x00, 0x1F, 0x00, 0x00, 0x0F, 0x80, 0x00, 0x07, 0xC0, 0x00, 0x03, 0xE0, 0x01,
    0x81, 0xF0, 0x31, 0xE0, 0xF8, 0x7C, 0xFC, 0x7C, 0x7E, 0xFF, 0xBE, 0xFF, 0xBF, 0xFF, 0xFF, 0x87,
    0xFF, 0xFF, 0x00, 0xFF, 0xFE, 0x00, 0x3F, 0xFC, 0x00, 0x07, 0xFC, 0x00, 0x0F, 0xFF, 0x80, 0x1F,
    0xFF, 0xF0, 0x3F, 0xFF, 0xFE, 0x7F, 0xFF, 0xFF, 0xFF, 0xCF, 0x9F, 0xEF, 0x87, 0xC7, 0xE7, 0x83,
    0xE0, 0xE1, 0x01, 0xF0, 0x10, 0x00, 0xF8, 0x00, 0x00, 0x7C, 0x00, 0x00, 0x3E, 0x00, 0x00, 0x1F,
    0x00, 0x00, 0x00, 0x00, 0x00, 0x00, 0x07, 0xC0, 0x00, 0x00, 0x0F, 0x80, 0x00, 0x00, 0x1F, 0x00,
    0x00, 0x00, 0x3E, 0x00, 0x00, 0x00, 0x7C, 0x00, 0x00, 0x00, 0xF8, 0x00, 0x00, 0x01, 0xF0, 0x00,
    0x00, 0x03, 0xE0, 0x00, 0x00, 0x07, 0xC0, 0x00, 0x00, 0x0F, 0x80, 0x00, 0x00, 0x1F, 0x00, 0x00,
    0x00, 0x3E, 0x00, 0x07, 0xFF, 0xFF, 0xFF, 0xDF, 0xFF, 0xFF, 0xFF, 0xFF, 0xFF, 0xFF, 0xFF, 0xFF,
    0xFF, 0xFF, 0xFF, 0xFF, 0xFF, 0xFF, 0xFF, 0xFF, 0xFF, 0xFF, 0xF8, 0x00, 0x1F, 0x00, 0x00, 0x00,
    0x3E, 0x00, 0x00, 0x00, 0x7C, 0x00, 0x00, 0x00, 0xF8, 0x00, 0x00, 0x01, 0xF0, 0x00, 0x00, 0x03,
    0xE0, 0x00, 0x00, 0x07, 0xC0, 0x00, 0x00, 0x0F, 0x80, 0x00, 0x00, 0x1F, 0x00, 0x00, 0x00, 0x3E,
    0x00, 0x00, 0x00, 0x7C, 0x00, 0x00, 0x00, 0xF8, 0x00, 0x00, 0x1F, 0x87, 0xE3, 0xF8, 0xFE, 0x3F,
    0x0F, 0xC3, 0xF0, 0xFC, 0x7E, 0x1F, 0x87, 0xE1, 0xF8, 0x7C, 0x1F, 0x0F, 0xC3, 0xE0, 0xF8, 0x3E,
    0x00, 0xFF, 0xFF, 0xF7, 0xFF, 0xFF, 0xFF, 0xFF, 0xFF, 0xFF, 0xFF, 0xFF, 0xFF, 0xFF, 0xFF, 0xFF,
    0xF8, 0x3E, 0x3F, 0x9F, 0xFF, 0xFF, 0xFF, 0xFD, 0xFC, 0xFE, 0x1C, 0x00, 0x00, 0x03, 0xF0, 0x00,
    0x3F, 0x00, 0x03, 0xF0, 0x00, 0x3E, 0x00, 0x07, 0xE0, 0x00, 0x7E, 0x00, 0x07, 0xE0, 0x00, 0x7C,
    0x00, 0x0F, 0xC0, 0x00, 0xFC, 0x00, 0x0F, 0x80, 0x01, 0xF8, 0x00, 0x1F, 0x80, 0x01, 0xF8, 0x00,
    0x1F, 0x00, 0x03, 0xF0, 0x00, 0x3F, 0x00, 0x03, 0xF0, 0x00, 0x3E, 0x00, 0x07, 0xE0, 0x00, 0x7E,
    0x00, 0x07, 0xE0, 0x00, 0x7C, 0x00, 0x0F, 0xC0, 0x00, 0xFC, 0x00, 0x0F, 0x80, 0x01, 0xF8, 0x00,
    0x1F, 0x80, 0x01, 0xF8, 0x00, 0x1F, 0x00, 0x03, 0xF0, 0x00, 0x3F, 0x00, 0x03, 0xF0, 0x00, 0x3E,
    0x00, 0x07, 0xE0, 0x00, 0x7E, 0x00, 0x07, 0xE0, 0x00, 0xFC, 0x00, 0x0F, 0xC0, 0x00, 0xFC, 0x00,
    0x0F, 0x80, 0x01, 0xF8, 0x00, 0x1F, 0x80, 0x01, 0xF8, 0x00, 0x1F, 0x00, 0x03, 0xF0, 0x00, 0x3F,
    0x00, 0x03, 0xF0, 0x00, 0x3E, 0x00, 0x07, 0xE0, 0x00, 0x7E, 0x00, 0x07, 0xC0, 0x00, 0xFC, 0x00,
    0x0F, 0xC0, 0x00, 0xFC, 0x00, 0x00, 0x00, 0x00, 0x00, 0x00, 0x00, 0x0F, 0xFE, 0x00, 0x00, 0x1F,
    0xFF, 0xC0, 0x00, 0x1F, 0xFF, 0xF8, 0x00, 0x1F, 0xFF, 0xFE, 0x00, 0x1F, 0xFF, 0xFF, 0x80, 0x1F,
    0xF8, 0x7F, 0xC0, 0x1F, 0xE0, 0x0F, 0xF0, 0x0F, 0xE0, 0x03, 0xFC, 0x0F, 0xE0, 0x00, 0xFE, 0x07,
    0xE0, 0x00, 0x3F, 0x87, 0xF0, 0x00, 0x1F, 0xC3, 0xF0, 0x00, 0x07, 0xE3, 0xF8, 0x00, 0x03, 0xF9,
    0xFC, 0x00, 0x00, 0xFC, 0xFC, 0x00, 0x00, 0x7E, 0x7E, 0x00, 0x00, 0x3F, 0x3F, 0x00, 0x00, 0x1F,
    0xFF, 0x80, 0x00, 0x0F, 0xFF, 0xC0, 0x00, 0x03, 0xFF, 0xE0, 0x00, 0x01, 0xFF, 0xE0, 0x00, 0x00,
    0xFF, 0xF0, 0x00, 0x00, 0x7F, 0xF8, 0x00, 0x00, 0x3F, 0xFC, 0x00, 0x00, 0x1F, 0xFE, 0x00, 0x00,
    0x0F, 0xFF, 0x00, 0x00, 0x07, 0xFF, 0x80, 0x00, 0x03, 0xFF, 0xE0, 0x00, 0x01, 0xFF, 0xF0, 0x00,
    0x00, 0xFD, 0xF8, 0x00, 0x00, 0xFE, 0xFC, 0x00, 0x00, 0x7F, 0x7E, 0x00, 0x00, 0x3F, 0x3F, 0x00,
    0x00, 0x1F, 0x9F, 0xC0, 0x00, 0x1F, 0xC7, 0xE0, 0x00, 0x0F, 0xE3, 0xF8, 0x00, 0x07, 0xE1, 0xFC,
    0x00, 0x07, 0xF0, 0x7F, 0x00, 0x07, 0xF0, 0x3F, 0x80, 0x03, 0xF8, 0x0F, 0xF0, 0x03, 0xF8, 0x07,
    0xFC, 0x07, 0xFC, 0x01, 0xFF, 0xFF, 0xFC, 0x00, 0x7F, 0xFF, 0xFC, 0x00, 0x1F, 0xFF, 0xFC, 0x00,
    0x07, 0xFF, 0xFC, 0x00, 0x00, 0xFF, 0xF8, 0x00, 0x00, 0x0F, 0xF0, 0x00, 0x00, 0x3F, 0xC0, 0x1F,
    0xF0, 0x1F, 0xFC, 0x0F, 0xFF, 0x07, 0xFF, 0xC7, 0xFF, 0xF3, 0xFF, 0xFD, 0xFF, 0x3F, 0xFF, 0x8F,
    0xFF, 0x83, 0xFF, 0xC0, 0xFF, 0xE0, 0x3F, 0xE0, 0x0F, 0xF0, 0x03, 0xF0, 0x00, 0xFC, 0x00, 0x3F,
    0x00, 0x0F, 0xC0, 0x03, 0xF0, 0x00, 0xFC, 0x00, 0x3F, 0x00, 0x0F, 0xC0, 0x03, 0xF0, 0x00, 0xFC,
    0x00, 0x3F, 0x00, 0x0F, 0xC0, 0x03, 0xF0, 0x00, 0xFC, 0x00, 0x3F, 0x00, 0x0F, 0xC0, 0x03, 0xF0,
    0x00, 0xFC, 0x00, 0x3F, 0x00, 0x0F, 0xC0, 0x03, 0xF0, 0x00, 0xFC, 0x00, 0x3F, 0x00, 0x0F, 0xC0,
    0x03, 0xF0, 0x00, 0xFC, 0x00, 0x3F, 0x00, 0x0F, 0xC0, 0x03, 0xF0, 0x00, 0xFC, 0x00, 0x3F, 0x00,
    0x0F, 0xC0, 0x03, 0xF0, 0x00, 0x00, 0x00, 0x00, 0x01, 0xFF, 0xC0, 0x00, 0x1F, 0xFF, 0xE0, 0x01,
    0xFF, 0xFF, 0xC0, 0x0F, 0xFF, 0xFF, 0x80, 0x7F, 0xFF, 0xFF, 0x03, 0xFF, 0x07, 0xFE, 0x0F, 0xF0,
    0x03, 0xFC, 0x7F, 0x80, 0x07, 0xF1, 0xFC, 0x00, 0x0F, 0xC7, 0xE0, 0x00, 0x3F, 0xBF, 0x80, 0x00,
    0x7E, 0xFC, 0x00, 0x01, 0xFB, 0xF0, 0x00, 0x07, 0xEF, 0xC0, 0x00, 0x1F, 0x80, 0x00, 0x00, 0x7E,
    0x00, 0x00, 0x01, 0xF8, 0x00, 0x00, 0x0F, 0xE0, 0x00, 0x00, 0x3F, 0x00, 0x00, 0x01, 0xFC, 0x00,
    0x00, 0x07, 0xE0, 0x00, 0x00, 0x3F, 0x80, 0x00, 0x01, 0xFC, 0x00, 0x00, 0x0F, 0xF0, 0x00, 0x00,
    0x7F, 0x80, 0x00, 0x03, 0xFC, 0x00, 0x00, 0x1F, 0xE0, 0x00, 0x00, 0xFF, 0x00, 0x00, 0x07, 0xF8,
    0x00, 0x00, 0x3F, 0xC0, 0x00, 0x01, 0xFE, 0x00, 0x00, 0x0F, 0xF8, 0x00, 0x00, 0x3F, 0xC0, 0x00,
    0x01, 0xFE, 0x00, 0x00, 0x0F, 0xF0, 0x00, 0x00, 0x7F, 0x80, 0x00, 0x03, 0xFC, 0x00, 0x00, 0x1F,
    0xE0, 0x00, 0x00, 0xFF, 0x00, 0x00, 0x07, 0xF8, 0x00, 0x00, 0x3F, 0xC0, 0x00, 0x01, 0xFE, 0x00,
    0x00, 0x0F, 0xFF, 0xFF, 0xFF, 0xFF, 0xFF, 0xFF, 0xFF, 0xFF, 0xFF, 0xFF, 0xFF, 0xFF, 0xFF, 0xFF,
    0xFF, 0xFF, 0xFF, 0xFF, 0xC0, 0x00, 0x00, 0x00, 0x00, 0x00, 0x3F, 0xFC, 0x00, 0x00, 0xFF, 0xFF,
    0x00, 0x01, 0xFF, 0xFF, 0xC0, 0x07, 0xFF, 0xFF, 0xE0, 0x0F, 0xFF, 0xFF, 0xF0, 0x0F, 0xFC, 0x1F,
    0xF8, 0x1F, 0xE0, 0x07, 0xF8, 0x3F, 0xC0, 0x03, 0xFC, 0x3F, 0x80, 0x01, 0xFC, 0x3F, 0x00, 0x00,
    0xFC, 0x7F, 0x00, 0x00, 0xFC, 0x7F, 0x00, 0x00, 0xFE, 0x7E, 0x00, 0x00, 0xFE, 0x00, 0x00, 0x00,
    0xFE, 0x00, 0x00, 0x00, 0xFC, 0x00, 0x00, 0x00, 0xFC, 0x00, 0x00, 0x01, 0xFC, 0x00, 0x00, 0x03,
    0xF8, 0x00, 0x00, 0x07, 0xF8, 0x00, 0x00, 0x3F, 0xF0, 0x00, 0x1F, 0xFF, 0xE0, 0x00, 0x1F, 0xFF,
    0xC0, 0x00, 0x1F, 0xFF, 0x00, 0x00, 0x1F, 0xFF, 0xC0, 0x00, 0x1F, 0xFF, 0xF0, 0x00, 0x0F, 0xFF,
    0xF8, 0x00, 0x00, 0x07, 0xFC, 0x00, 0x00, 0x01, 0xFE, 0x00, 0x00, 0x00, 0xFE, 0x00, 0x00, 0x00,
    0x7F, 0x00, 0x00, 0x00, 0x7F, 0x00, 0x00, 0x00, 0x3F, 0x00, 0x00, 0x00, 0x3F, 0x00, 0x00, 0x00,
    0x3F, 0xFE, 0x00, 0x00, 0x3F, 0xFE, 0x00, 0x00, 0x3F, 0x7E, 0x00, 0x00, 0x7F, 0x7F, 0x00, 0x00,
    0x7F, 0x7F, 0x80, 0x00, 0xFE, 0x3F, 0xC0, 0x01, 0xFE, 0x3F, 0xF0, 0x07, 0xFC, 0x1F, 0xFF, 0xFF,
    0xF8, 0x0F, 0xFF, 0xFF, 0xF0, 0x07, 0xFF, 0xFF, 0xE0, 0x01, 0xFF, 0xFF, 0xC0, 0x00, 0xFF, 0xFF,
    0x00, 0x00, 0x0F, 0xF8, 0x00, 0x00, 0x00, 0x0F, 0xF0, 0x00, 0x00, 0x07, 0xFC, 0x00, 0x00, 0x01,
    0xFF, 0x00, 0x00, 0x00, 0xFF, 0xC0, 0x00, 0x00, 0x7F, 0xF0, 0x00, 0x00, 0x1F, 0xFC, 0x00, 0x00,
    0x0F, 0xFF, 0x00, 0x00, 0x03, 0xFF, 0xC0, 0x00, 0x01, 0xFF, 0xF0, 0x00, 0x00, 0xFE, 0xFC, 0x00,
    0x00, 0x3F, 0x3F, 0x00, 0x00, 0x1F, 0xCF, 0xC0, 0x00, 0x0F, 0xE3, 0xF0, 0x00, 0x03, 0xF0, 0xFC,
    0x00, 0x01, 0xFC, 0x3F, 0x00, 0x00, 0xFE, 0x0F, 0xC0, 0x00, 0x3F, 0x03, 0xF0, 0x00, 0x1F, 0xC0,
    0xFC, 0x00, 0x0F, 0xE0, 0x3F, 0x00, 0x03, 0xF0, 0x0F, 0xC0, 0x01, 0xFC, 0x03, 0xF0, 0x00, 0xFE,
    0x00, 0xFC, 0x00, 0x3F, 0x00, 0x3F, 0x00, 0x1F, 0xC0, 0x0F, 0xC0, 0x0F, 0xE0, 0x03, 0xF0, 0x03,
    0xF0, 0x00, 0xFC, 0x01, 0xFC, 0x00, 0x3F, 0x00, 0x7E, 0x00, 0x0F, 0xC0, 0x3F, 0x00, 0x03, 0xF0,
    0x1F, 0xC0, 0x00, 0xFC, 0x07, 0xE0, 0x00, 0x3F, 0x03, 0xFF, 0xFF, 0xFF, 0xFF, 0xFF, 0xFF, 0xFF,
    0xFF, 0xFF, 0xFF, 0xFF, 0xFF, 0xFF, 0xFF, 0xFF, 0xFF, 0xFF, 0xFF, 0xFF, 0xFF, 0xFF, 0xFF, 0xFF,
    0xFF, 0xFF, 0xC0, 0x00, 0x00, 0xFC, 0x00, 0x00, 0x00, 0x3F, 0x00, 0x00, 0x00, 0x0F, 0xC0, 0x00,
    0x00, 0x03, 0xF0, 0x00, 0x00, 0x00, 0xFC, 0x00, 0x00, 0x00, 0x3F, 0x00, 0x00, 0x00, 0x0F, 0xC0,
    0x00, 0x00, 0x03, 0xF0, 0x00, 0x00, 0x00, 0xFC, 0x00, 0x1F, 0xFF, 0xFF, 0xF0, 0x3F, 0xFF, 0xFF,
    0xF0, 0x7F, 0xFF, 0xFF, 0xE0, 0xFF, 0xFF, 0xFF, 0xC1, 0xFF, 0xFF, 0xFF, 0x83, 0xFF, 0xFF, 0xFE,
    0x07, 0xE0, 0x00, 0x00, 0x0F, 0xC0, 0x00, 0x00, 0x3F, 0x80, 0x00, 0x00, 0x7F, 0x00, 0x00, 0x00,
    0xFC, 0x00, 0x00, 0x01, 0xF8, 0x00, 0x00, 0x03, 0xF0, 0x00, 0x00, 0x07, 0xE0, 0x00, 0x00, 0x0F,
    0xC0, 0x00, 0x00, 0x1F, 0x80, 0x00, 0x00, 0x3F, 0x1F, 0xF8, 0x00, 0x7E, 0xFF, 0xFC, 0x01, 0xFF,
    0xFF, 0xFE, 0x03, 0xFF, 0xFF, 0xFE, 0x07, 0xFF, 0xFF, 0xFE, 0x0F, 0xFF, 0xFF, 0xFE, 0x1F, 0xF0,
    0x07, 0xFC, 0x3F, 0x80, 0x03, 0xFC, 0x0E, 0x00, 0x03, 0xF8, 0x00, 0x00, 0x03, 0xF8, 0x00, 0x00,
    0x07, 0xF0, 0x00, 0x00, 0x07, 0xE0, 0x00, 0x00, 0x0F, 0xE0, 0x00, 0x00, 0x1F, 0xC0, 0x00, 0x00,
    0x3F, 0x80, 0x00, 0x00, 0x7F, 0x00, 0x00, 0x00, 0xFE, 0x00, 0x00, 0x01, 0xFF, 0xF8, 0x00, 0x03,
    0xF7, 0xF0, 0x00, 0x07, 0xE7, 0xE0, 0x00, 0x1F, 0xCF, 0xE0, 0x00, 0x3F, 0x9F, 0xC0, 0x00, 0xFE,
    0x1F, 0xE0, 0x03, 0xFC, 0x3F, 0xE0, 0x1F, 0xF0, 0x3F, 0xFF, 0xFF, 0xC0, 0x3F, 0xFF, 0xFF, 0x00,
    0x3F, 0xFF, 0xFC, 0x00, 0x3F, 0xFF, 0xF0, 0x00, 0x1F, 0xFF, 0x80, 0x00, 0x07, 0xF8, 0x00, 0x00,
    0x00, 0x00, 0x00, 0x00, 0x00, 0x0F, 0xFE, 0x00, 0x00, 0x3F, 0xFF, 0x80, 0x00, 0xFF, 0xFF, 0xC0,
    0x01, 0xFF, 0xFF, 0xF0, 0x03, 0xFF, 0xFF, 0xF8, 0x07, 0xFE, 0x1F, 0xF8, 0x0F, 0xF8, 0x03, 0xFC,
    0x0F, 0xE0, 0x01, 0xFC, 0x1F, 0xC0, 0x00, 0xFE, 0x1F, 0x80, 0x00, 0xFE, 0x3F, 0x80, 0x00, 0x7E,
    0x3F, 0x00, 0x00, 0x7F, 0x3F, 0x00, 0x00, 0x00, 0x7E, 0x00, 0x00, 0x00, 0x7E, 0x00, 0x00, 0x00,
    0x7E, 0x00, 0x00, 0x00, 0x7E, 0x07, 0xFC, 0x00, 0x7E, 0x1F, 0xFF, 0x00, 0x7E, 0x7F, 0xFF, 0xC0,
    0xFC, 0xFF, 0xFF, 0xE0, 0xFD, 0xFF, 0xFF, 0xF0, 0xFF, 0xFF, 0xFF, 0xF8, 0xFF, 0xF8, 0x0F, 0xFC,
    0xFF, 0xE0, 0x03, 0xFC, 0xFF, 0xC0, 0x01, 0xFE, 0xFF, 0x80, 0x00, 0xFE, 0xFF, 0x00, 0x00, 0x7E,
    0xFF, 0x00, 0x00, 0x7F, 0xFF, 0x00, 0x00, 0x7F, 0xFE, 0x00, 0x00, 0x3F, 0xFE, 0x00, 0x00, 0x3F,
    0x7E, 0x00, 0x00, 0x3F, 0x7E, 0x00, 0x00, 0x3F, 0x7E, 0x00, 0x00, 0x3F, 0x7F, 0x00, 0x00, 0x7F,
    0x3F, 0x00, 0x00, 0x7F, 0x3F, 0x00, 0x00, 0xFE, 0x3F, 0x80, 0x00, 0xFE, 0x1F, 0xC0, 0x01, 0xFE,
    0x1F, 0xE0, 0x03, 0xFC, 0x0F, 0xF8, 0x0F, 0xF8, 0x07, 0xFF, 0xFF, 0xF8, 0x03, 0xFF, 0xFF, 0xF0,
    0x01, 0xFF, 0xFF, 0xE0, 0x00, 0xFF, 0xFF, 0x80, 0x00, 0x3F, 0xFF, 0x00, 0x00, 0x0F, 0xF8, 0x00,
    0xFF, 0xFF, 0xFF, 0xFD, 0xFF, 0xFF, 0xFF, 0xFB, 0xFF, 0xFF, 0xFF, 0xF7, 0xFF, 0xFF, 0xFF, 0xEF,
    0xFF, 0xFF, 0xFF, 0xDF, 0xFF, 0xFF, 0xFF, 0x80, 0x00, 0x00, 0x7F, 0x00, 0x00, 0x00, 0xFE, 0x00,
    0x00, 0x03, 0xF8, 0x00, 0x00, 0x07, 0xF0, 0x00, 0x00, 0x1F, 0xC0, 0x00, 0x00, 0x3F, 0x80, 0x00,
    0x00, 0xFE, 0x00, 0x00, 0x01, 0xFC, 0x00, 0x00, 0x07, 0xF0, 0x00, 0x00, 0x0F, 0xE0, 0x00, 0x00,
    0x3F, 0x80, 0x00, 0x00, 0x7F, 0x00, 0x00, 0x01, 0xFC, 0x00, 0x00, 0x03, 0xF8, 0x00, 0x00, 0x0F,
    0xE0, 0x00, 0x00, 0x1F, 0xC0, 0x00, 0x00, 0x7F, 0x00, 0x00, 0x00, 0xFE, 0x00, 0x00, 0x03, 0xF8,
    0x00, 0x00, 0x07, 0xF0, 0x00, 0x00, 0x1F, 0xC0, 0x00, 0x00, 0x3F, 0x80, 0x00, 0x00, 0xFE, 0x00,
    0x00, 0x01, 0xFC, 0x00, 0x00, 0x07, 0xF0, 0x00, 0x00, 0x0F, 0xE0, 0x00, 0x00, 0x3F, 0x80, 0x00,
    0x00, 0x7F, 0x00, 0x00, 0x01, 0xFC, 0x00, 0x00, 0x03, 0xF0, 0x00, 0x00, 0x0F, 0xE0, 0x00, 0x00,
    0x1F, 0x80, 0x00, 0x00, 0x7F, 0x00, 0x00, 0x00, 0xFC, 0x00, 0x00, 0x03, 0xF8, 0x00, 0x00, 0x07,
    0xE0, 0x00, 0x00, 0x1F, 0xC0, 0x00, 0x00, 0x3F, 0x00, 0x00, 0x00, 0xFE, 0x00, 0x00, 0x01, 0xF8,
    0x00, 0x00, 0x00, 0x00, 0x00, 0x00, 0x00, 0x00, 0x3F, 0xFC, 0x00, 0x00, 0xFF, 0xFF, 0x00, 0x01,
    0xFF, 0xFF, 0xC0, 0x07, 0xFF, 0xFF, 0xE0, 0x0F, 0xFF, 0xFF, 0xF0, 0x0F, 0xFC, 0x3F, 0xF0, 0x1F,
    0xE0, 0x07, 0xF8, 0x1F, 0xC0, 0x03, 0xF8, 0x3F, 0x80, 0x01, 0xFC, 0x3F, 0x80, 0x01, 0xFC, 0x3F,
    0x00, 0x00, 0xFC, 0x3F, 0x00, 0x00, 0xFC, 0x3F, 0x00, 0x00, 0xFC, 0x3F, 0x00, 0x00, 0xFC, 0x3F,
    0x00, 0x00, 0xFC, 0x3F, 0x80, 0x01, 0xFC, 0x1F, 0x80, 0x01, 0xF8, 0x1F, 0xC0, 0x03, 0xF8, 0x0F,
    0xE0, 0x07, 0xF0, 0x07, 0xFC, 0x3F, 0xF0, 0x03, 0xFF, 0xFF, 0xE0, 0x01, 0xFF, 0xFF, 0x80, 0x00,
    0xFF, 0xFF, 0x00, 0x03, 0xFF, 0xFF, 0xC0, 0x0F, 0xFF, 0xFF, 0xF0, 0x1F, 0xFC, 0x3F, 0xF8, 0x1F,
    0xE0, 0x07, 0xFC, 0x3F, 0x80, 0x01, 0xFC, 0x7F, 0x00, 0x00, 0xFE, 0x7F, 0x00, 0x00, 0xFE, 0x7E,
    0x00, 0x00, 0x7F, 0xFE, 0x00, 0x00, 0x7F, 0xFE, 0x00, 0x00, 0x7F, 0xFE, 0x00, 0x00, 0x3F, 0xFE,
    0x00, 0x00, 0x3F, 0xFE, 0x00, 0x00, 0x7F, 0xFE, 0x00, 0x00, 0x7F, 0x7F, 0x00, 0x00, 0x7E, 0x7F,
    0x00, 0x00, 0xFE, 0x7F, 0x80, 0x01, 0xFE, 0x3F, 0xE0, 0x07, 0xFC, 0x1F, 0xFF, 0xFF, 0xF8, 0x0F,
    0xFF, 0xFF, 0xF0, 0x07, 0xFF, 0xFF, 0xE0, 0x03, 0xFF, 0xFF, 0xC0, 0x00, 0xFF, 0xFF, 0x00, 0x00,
    0x1F, 0xF8, 0x00, 0x00, 0x00, 0x00, 0x00, 0x00, 0x3F, 0xF8, 0x00, 0x00, 0xFF, 0xFF, 0x00, 0x03,
    0xFF, 0xFF, 0x80, 0x07, 0xFF, 0xFF, 0xC0, 0x0F, 0xFF, 0xFF, 0xE0, 0x1F, 0xFC, 0x3F, 0xF0, 0x1F,
    0xE0, 0x0F, 0xF8, 0x3F, 0xC0, 0x03, 0xF8, 0x7F, 0x80, 0x01, 0xFC, 0x7F, 0x00, 0x00, 0xFC, 0x7F,
    0x00, 0x00, 0xFE, 0x7E, 0x00, 0x00, 0x7E, 0xFE, 0x00, 0x00, 0x7E, 0xFE, 0x00, 0x00, 0x7E, 0xFC,
    0x00, 0x00, 0x7F, 0xFC, 0x00, 0x00, 0x7F, 0xFE, 0x00, 0x00, 0x7F, 0xFE, 0x00, 0x00, 0x7F, 0xFE,
    0x00, 0x00, 0x7F, 0x7E, 0x00, 0x00, 0xFF, 0x7F, 0x00, 0x01, 0xFF, 0x7F, 0x80, 0x01, 0xFF, 0x3F,
    0xC0, 0x03, 0xFF, 0x3F, 0xE0, 0x0F, 0xFF, 0x1F, 0xF8, 0x3F, 0xFF, 0x0F, 0xFF, 0xFF, 0xFF, 0x07,
    0xFF, 0xFF, 0xBF, 0x03, 0xFF, 0xFF, 0x3F, 0x01, 0xFF, 0xFC, 0x3F, 0x00, 0x7F, 0xF0, 0x3F, 0x00,
    0x03, 0x00, 0x7E, 0x00, 0x00, 0x00, 0x7E, 0x00, 0x00, 0x00, 0x7E, 0x00, 0x00, 0x00, 0x7E, 0x7E,
    0x00, 0x00, 0xFC, 0x7E, 0x00, 0x00, 0xFC, 0x7F, 0x00, 0x01, 0xFC, 0x7F, 0x00, 0x01, 0xF8, 0x3F,
    0x80, 0x03, 0xF8, 0x3F, 0xC0, 0x07, 0xF0, 0x1F, 0xE0, 0x1F, 0xE0, 0x1F, 0xFF, 0xFF, 0xE0, 0x0F,
    0xFF, 0xFF, 0xC0, 0x07, 0xFF, 0xFF, 0x80, 0x03, 0xFF, 0xFF, 0x00, 0x00, 0xFF, 0xFC, 0x00, 0x00,
    0x1F, 0xE0, 0x00, 0x3E, 0x3F, 0x9F, 0xFF, 0xFF, 0xFF, 0xFD, 0xFC, 0xFE, 0x1C, 0x00, 0x00, 0x00,
    0x00, 0x00, 0x00, 0x00, 0x00, 0x00, 0x00, 0x00, 0x00, 0x00, 0x00, 0x00, 0x00, 0x00, 0x00, 0x1F,
    0x1F, 0xCF, 0xFF, 0xFF, 0xFF, 0xFE, 0xFE, 0x7F, 0x0E, 0x00, 0x0F, 0x03, 0xF8, 0xFF, 0x1F, 0xF3,
    0xFE, 0x7F, 0x8F, 0xF0, 0xFC, 0x07, 0x00, 0x00, 0x00, 0x00, 0x00, 0x00, 0x00, 0x00, 0x00, 0x00,
    0x00, 0x00, 0x00, 0x00, 0x00, 0x00, 0x00, 0x00, 0x00, 0x00, 0x00, 0x00, 0x00, 0x00, 0x7E, 0x0F,
    0xC3, 0xF8, 0x7F, 0x0F, 0xC1, 0xF8, 0x3F, 0x07, 0xE1, 0xF8, 0x3F, 0x07, 0xE0, 0xFC, 0x1F, 0x03,
    0xE0, 0xFC, 0x1F, 0x03, 0xE0, 0x7C, 0x00, 0x00, 0x00, 0x00, 0x00, 0x00, 0x00, 0x00, 0xC0, 0x00,
    0x00, 0x1E, 0x00, 0x00, 0x03, 0xF0, 0x00, 0x00, 0x7F, 0x80, 0x00, 0x0F, 0xFC, 0x00, 0x01, 0xFF,
    0xE0, 0x00, 0x3F, 0xFE, 0x00, 0x07, 0xFF, 0xC0, 0x00, 0xFF, 0xF8, 0x00, 0x1F, 0xFF, 0x00, 0x03,
    0xFF, 0xE0, 0x00, 0x7F, 0xFC, 0x00, 0x0F, 0xFF, 0x00, 0x01, 0xFF, 0xE0, 0x00, 0x1F, 0xFC, 0x00,
    0x00, 0xFF, 0x80, 0x00, 0x07, 0xF8, 0x00, 0x00, 0x3F, 0xF0, 0x00, 0x01, 0xFF, 0xE0, 0x00, 0x03,
    0xFF, 0xC0, 0x00, 0x07, 0xFF, 0xC0, 0x00, 0x0F, 0xFF, 0x80, 0x00, 0x1F, 0xFF, 0x00, 0x00, 0x3F,
    0xFE, 0x00, 0x00, 0x7F, 0xFC, 0x00, 0x00, 0xFF, 0xF8, 0x00, 0x01, 0xFF, 0xF0, 0x00, 0x03, 0xFF,
    0x80, 0x00, 0x07, 0xFC, 0x00, 0x00, 0x0F, 0xE0, 0x00, 0x00, 0x1F, 0x00, 0x00, 0x00, 0x38, 0x00,
    0x00, 0x00, 0x40, 0xFF, 0xFF, 0xFF, 0xFF, 0xFF, 0xFF, 0xFF, 0xFF, 0xFF, 0xFF, 0xFF, 0xFF, 0xFF,
    0xFF, 0xFF, 0xFF, 0xFF, 0xFF, 0xBF, 0xFF, 0xFF, 0xF8, 0x00, 0x00, 0x00, 0x00, 0x00, 0x00, 0x00,
    0x00, 0x00, 0x00, 0x00, 0x00, 0x00, 0x00, 0x00, 0x00, 0x00, 0x00, 0x00, 0x00, 0x00, 0x00, 0x00,
    0x00, 0x00, 0x7F, 0xFF, 0xFF, 0xFF, 0xFF, 0xFF, 0xFF, 0xFF, 0xFF, 0xFF, 0xFF, 0xFF, 0xFF, 0xFF,
    0xFF, 0xFF, 0xFF, 0xFF, 0xDF, 0xFF, 0xFF, 0xFC, 0x00, 0x00, 0x00, 0x01, 0x80, 0x00, 0x00, 0x07,
    0x80, 0x00, 0x00, 0x1F, 0x80, 0x00, 0x00, 0x7F, 0x80, 0x00, 0x01, 0xFF, 0x80, 0x00, 0x07, 0xFF,
    0x80, 0x00, 0x0F, 0xFF, 0x80, 0x00, 0x0F, 0xFF, 0x80, 0x00, 0x0F, 0xFF, 0x80, 0x00, 0x0F, 0xFF,
    0x80, 0x00, 0x0F, 0xFF, 0x80, 0x00, 0x0F, 0xFF, 0x80, 0x00, 0x0F, 0xFF, 0x80, 0x00, 0x07, 0xFF,
    0x80, 0x00, 0x07, 0xFF, 0x00, 0x00, 0x07, 0xFC, 0x00, 0x00, 0x0F, 0xF0, 0x00, 0x00, 0xFF, 0xC0,
    0x00, 0x0F, 0xFF, 0x00, 0x01, 0xFF, 0xF0, 0x00, 0x1F, 0xFF, 0x00, 0x01, 0xFF, 0xF0, 0x00, 0x1F,
    0xFF, 0x00, 0x01, 0xFF, 0xF0, 0x00, 0x1F, 0xFF, 0x00, 0x01, 0xFF, 0xF0, 0x00, 0x1F, 0xFF, 0x00,
    0x00, 0x7F, 0xF0, 0x00, 0x01, 0xFF, 0x00, 0x00, 0x07, 0xF0, 0x00, 0x00, 0x1F, 0x00, 0x00, 0x00,
    0x70, 0x00, 0x00, 0x01, 0x00, 0x00, 0x00, 0x00, 0x00, 0x00, 0x00, 0x00, 0x0F, 0xFF, 0x00, 0x03,
    0xFF, 0xFC, 0x00, 0x7F, 0xFF, 0xE0, 0x0F, 0xFF, 0xFF, 0x01, 0xFF, 0xFF, 0xF8, 0x3F, 0xE0, 0x7F,
    0xC7, 0xF8, 0x01, 0xFC, 0x7F, 0x00, 0x0F, 0xE7, 0xF0, 0x00, 0xFE, 0xFE, 0x00, 0x07, 0xEF, 0xE0,
    0x00, 0x7E, 0xFE, 0x00, 0x07, 0xEF, 0xC0, 0x00, 0x7E, 0x00, 0x00, 0x07, 0xE0, 0x00, 0x00, 0x7E,
    0x00, 0x00, 0x0F, 0xE0, 0x00, 0x00, 0xFE, 0x00, 0x00, 0x1F, 0xC0, 0x00, 0x07, 0xFC, 0x00, 0x00,
    0xFF, 0x80, 0x00, 0x3F, 0xF0, 0x00, 0x07, 0xFE, 0x00, 0x00, 0xFF, 0xC0, 0x00, 0x1F, 0xF0, 0x00,
    0x01, 0xFE, 0x00, 0x00, 0x3F, 0xC0, 0x00, 0x03, 0xF8, 0x00, 0x00, 0x3F, 0x00, 0x00, 0x03, 0xF0,
    0x00, 0x00, 0x3F, 0x00, 0x00, 0x03, 0xF0, 0x00, 0x00, 0x3F, 0x00, 0x00, 0x03, 0xF0, 0x00, 0x00,
    0x00, 0x00, 0x00, 0x00, 0x00, 0x00, 0x00, 0x00, 0x00, 0x00, 0x00, 0x00, 0x00, 0x00, 0x00, 0x00,
    0x00, 0x01, 0xE0, 0x00, 0x00, 0x7F, 0x00, 0x00, 0x07, 0xF8, 0x00, 0x00, 0xFF, 0x80, 0x00, 0x0F,
    0xF8, 0x00, 0x00, 0xFF, 0x80, 0x00, 0x07, 0xF8, 0x00, 0x00, 0x3F, 0x00, 0x00, 0x01, 0xC0, 0x00,
    0x00, 0x00, 0x0F, 0xFF, 0xF0, 0x00, 0x00, 0x00, 0x01, 0xFF, 0xFF, 0xF8, 0x00, 0x00, 0x00, 0x3F,
    0xFF, 0xFF, 0xF8, 0x00, 0x00, 0x01, 0xFF, 0xFF, 0xFF, 0xF8, 0x00, 0x00, 0x1F, 0xFF, 0xFF, 0xFF,
    0xF0, 0x00, 0x00, 0xFF, 0xF0, 0x00, 0xFF, 0xF0, 0x00, 0x0F, 0xFC, 0x00, 0x00, 0x7F, 0xE0, 0x00,
    0x7F, 0xC0, 0x00, 0x00, 0x7F, 0xC0, 0x01, 0xFE, 0x00, 0x00, 0x00, 0x7F, 0x80, 0x0F, 0xE0, 0x00,
    0x00, 0x00, 0xFE, 0x00, 0x7F, 0x00, 0x00, 0x00, 0x01, 0xFC, 0x03, 0xF8, 0x00, 0x00, 0x00, 0x03,
    0xF8, 0x0F, 0xE0, 0x00, 0x00, 0x00, 0x07, 0xE0, 0x7F, 0x00, 0x07, 0xF0, 0x00, 0x0F, 0xC1, 0xF8,
    0x00, 0xFF, 0xF3, 0xF0, 0x3F, 0x0F, 0xE0, 0x07, 0xFF, 0xFF, 0xC0, 0x7E, 0x3F, 0x00, 0x3F, 0xFF,
    0xFF, 0x01, 0xF8, 0xFC, 0x01, 0xFF, 0xFF, 0xFC, 0x07, 0xE7, 0xE0, 0x0F, 0xF8, 0x7F, 0xF0, 0x0F,
    0xDF, 0x80, 0x3F, 0x80, 0x3F, 0xC0, 0x3F, 0x7E, 0x01, 0xF8, 0x00, 0x7F, 0x00, 0xFD, 0xF8, 0x07,
    0xE0, 0x01, 0xFC, 0x03, 0xF7, 0xC0, 0x3F, 0x00, 0x03, 0xF0, 0x07, 0xFF, 0x00, 0xFC, 0x00, 0x0F,
    0xC0, 0x1F, 0xFC, 0x03, 0xE0, 0x00, 0x3F, 0x00, 0x7F, 0xF0, 0x0F, 0x80, 0x00, 0xFC, 0x01, 0xFF,
    0xC0, 0x7E, 0x00, 0x03, 0xF0, 0x07, 0xFF, 0x01, 0xF8, 0x00, 0x0F, 0xC0, 0x1F, 0xFC, 0x07, 0xE0,
    0x00, 0x3F, 0x00, 0x7F, 0xF0, 0x0F, 0x80, 0x00, 0xFC, 0x01, 0xFF, 0xC0, 0x3E, 0x00, 0x03, 0xF0,
    0x0F, 0xFF, 0x00, 0xF8, 0x00, 0x0F, 0xC0, 0x3F, 0xFC, 0x03, 0xF0, 0x00, 0x3F, 0x00, 0xFD, 0xF0,
    0x0F, 0xC0, 0x01, 0xFC, 0x03, 0xF7, 0xE0, 0x1F, 0x80, 0x07, 0xF0, 0x0F, 0x9F, 0x80, 0x7E, 0x00,
    0x3F, 0xC0, 0x7E, 0x7E, 0x01, 0xFC, 0x01, 0xFF, 0x01, 0xF9, 0xF8, 0x03, 0xFC, 0x1F, 0xFE, 0x0F,
    0xC3, 0xF0, 0x07, 0xFF, 0xFF, 0xFF, 0xFF, 0x0F, 0xC0, 0x1F, 0xFF, 0xF7, 0xFF, 0xF8, 0x3F, 0x80,
    0x3F, 0xFF, 0x8F, 0xFF, 0xC0, 0x7E, 0x00, 0x3F, 0xFC, 0x1F, 0xFE, 0x01, 0xFC, 0x00, 0x3F, 0xC0,
    0x1F, 0xF0, 0x03, 0xF0, 0x00, 0x00, 0x00, 0x00, 0x00, 0x0F, 0xE0, 0x00, 0x00, 0x00, 0x00, 0x00,
    0x1F, 0xC0, 0x00, 0x00, 0x00, 0x00, 0x00, 0x3F, 0x80, 0x00, 0x00, 0x00, 0x00, 0x00, 0xFF, 0x80,
    0x00, 0x00, 0x00, 0x00, 0x01, 0xFF, 0x00, 0x00, 0x00, 0x00, 0x00, 0x03, 0xFF, 0x80, 0x00, 0x06,
    0x00, 0x00, 0x07, 0xFF, 0xC0, 0x01, 0xFC, 0x00, 0x00, 0x07, 0xFF, 0xFF, 0xFF, 0xF0, 0x00, 0x00,
    0x0F, 0xFF, 0xFF, 0xFF, 0xC0, 0x00, 0x00, 0x0F, 0xFF, 0xFF, 0xFF, 0x00, 0x00, 0x00, 0x07, 0xFF,
    0xFF, 0xF0, 0x00, 0x00, 0x00, 0x03, 0xFF, 0xFE, 0x00, 0x00, 0x00, 0x00, 0x00, 0x00, 0x00, 0x00,
    0x00, 0x00, 0x00, 0x7F, 0x00, 0x00, 0x00, 0x00, 0x7F, 0x80, 0x00, 0x00, 0x00, 0x3F, 0xE0, 0x00,
    0x00, 0x00, 0x3F, 0xF0, 0x00, 0x00, 0x00, 0x1F, 0xF8, 0x00, 0x00, 0x00, 0x0F, 0xFE, 0x00, 0x00,
    0x00, 0x0F, 0xFF, 0x00, 0x00, 0x00, 0x07, 0xEF, 0x80, 0x00, 0x00, 0x03, 0xF7, 0xE0, 0x00, 0x00,
    0x03, 0xF3, 0xF0, 0x00, 0x00, 0x01, 0xF9, 0xFC, 0x00, 0x00, 0x00, 0xFC, 0x7E, 0x00, 0x00, 0x00,
    0xFC, 0x3F, 0x00, 0x00, 0x00, 0x7E, 0x1F, 0xC0, 0x00, 0x00, 0x7F, 0x07, 0xE0, 0x00, 0x00, 0x3F,
    0x03, 0xF0, 0x00, 0x00, 0x1F, 0x81, 0xFC, 0x00, 0x00, 0x1F, 0xC0, 0x7E, 0x00, 0x00, 0x0F, 0xC0,
    0x3F, 0x80, 0x00, 0x07, 0xE0, 0x1F, 0xC0, 0x00, 0x07, 0xF0, 0x07, 0xE0, 0x00, 0x03, 0xF0, 0x03,
    0xF8, 0x00, 0x01, 0xF8, 0x01, 0xFC, 0x00, 0x01, 0xFC, 0x00, 0x7E, 0x00, 0x00, 0xFC, 0x00, 0x3F,
    0x80, 0x00, 0xFE, 0x00, 0x0F, 0xC0, 0x00, 0x7F, 0x00, 0x07, 0xE0, 0x00, 0x3F, 0x00, 0x03, 0xF8,
    0x00, 0x3F, 0xFF, 0xFF, 0xFC, 0x00, 0x1F, 0xFF, 0xFF, 0xFF, 0x00, 0x0F, 0xFF, 0xFF, 0xFF, 0x80,
    0x0F, 0xFF, 0xFF, 0xFF, 0xC0, 0x07, 0xFF, 0xFF, 0xFF, 0xF0, 0x03, 0xFF, 0xFF, 0xFF, 0xF8, 0x03,
    0xF8, 0x00, 0x00, 0xFC, 0x01, 0xFC, 0x00, 0x00, 0x7F, 0x01, 0xFC, 0x00, 0x00, 0x3F, 0x80, 0xFE,
    0x00, 0x00, 0x0F, 0xC0, 0x7E, 0x00, 0x00, 0x07, 0xF0, 0x7F, 0x00, 0x00, 0x03, 0xF8, 0x3F, 0x80,
    0x00, 0x00, 0xFE, 0x1F, 0x80, 0x00, 0x00, 0x7F, 0x1F, 0xC0, 0x00, 0x00, 0x1F, 0x8F, 0xE0, 0x00,
    0x00, 0x0F, 0xE7, 0xE0, 0x00, 0x00, 0x07, 0xF7, 0xF0, 0x00, 0x00, 0x01, 0xF8, 0xFF, 0xFF, 0xF0,
    0x00, 0x7F, 0xFF, 0xFF, 0x80, 0x3F, 0xFF, 0xFF, 0xF0, 0x1F, 0xFF, 0xFF, 0xFC, 0x0F, 0xFF, 0xFF,
    0xFF, 0x07, 0xFF, 0xFF, 0xFF, 0xC3, 0xF0, 0x00, 0x3F, 0xE1, 0xF8, 0x00, 0x07, 0xF8, 0xFC, 0x00,
    0x01, 0xFC, 0x7E, 0x00, 0x00, 0x7F, 0x3F, 0x00, 0x00, 0x3F, 0x9F, 0x80, 0x00, 0x0F, 0xCF, 0xC0,
    0x00, 0x07, 0xE7, 0xE0, 0x00, 0x03, 0xF3, 0xF0, 0x00, 0x01, 0xF9, 0xF8, 0x00, 0x01, 0xFC, 0xFC,
    0x00, 0x00, 0xFC, 0x7E, 0x00, 0x00, 0xFE, 0x3F, 0x00, 0x00, 0xFE, 0x1F, 0x80, 0x01, 0xFE, 0x0F,
    0xFF, 0xFF, 0xFE, 0x07, 0xFF, 0xFF, 0xFE, 0x03, 0xFF, 0xFF, 0xFE, 0x01, 0xFF, 0xFF, 0xFF, 0xC0,
    0xFF, 0xFF, 0xFF, 0xF8, 0x7F, 0xFF, 0xFF, 0xFE, 0x3F, 0x00, 0x01, 0xFF, 0x9F, 0x80, 0x00, 0x3F,
    0xCF, 0xC0, 0x00, 0x0F, 0xF7, 0xE0, 0x00, 0x03, 0xFB, 0xF0, 0x00, 0x00, 0xFD, 0xF8, 0x00, 0x00,
    0x7F, 0xFC, 0x00, 0x00, 0x3F, 0xFE, 0x00, 0x00, 0x1F, 0xFF, 0x00, 0x00, 0x0F, 0xFF, 0x80, 0x00,
    0x07, 0xFF, 0xC0, 0x00, 0x03, 0xF7, 0xE0, 0x00, 0x03, 0xFB, 0xF0, 0x00, 0x03, 0xFD, 0xF8, 0x00,
    0x03, 0xFC, 0xFC, 0x00, 0x3F, 0xFE, 0x7F, 0xFF, 0xFF, 0xFE, 0x3F, 0xFF, 0xFF, 0xFE, 0x1F, 0xFF,
    0xFF, 0xFE, 0x0F, 0xFF, 0xFF, 0xFC, 0x07, 0xFF, 0xFF, 0xF8, 0x00, 0x00, 0x00, 0x00, 0x00, 0x00,
    0x00, 0x03, 0xFF, 0xE0, 0x00, 0x00, 0x0F, 0xFF, 0xFC, 0x00, 0x00, 0x3F, 0xFF, 0xFF, 0x00, 0x00,
    0x7F, 0xFF, 0xFF, 0x80, 0x01, 0xFF, 0xFF, 0xFF, 0xC0, 0x03, 0xFF, 0xFF, 0xFF, 0xE0, 0x03, 0xFF,
    0x00, 0x3F, 0xF0, 0x07, 0xFC, 0x00, 0x0F, 0xF8, 0x0F, 0xF0, 0x00, 0x07, 0xF8, 0x1F, 0xE0, 0x00,
    0x03, 0xFC, 0x1F, 0xC0, 0x00, 0x01, 0xFC, 0x3F, 0xC0, 0x00, 0x00, 0xFE, 0x3F, 0x80, 0x00, 0x00,
    0xFE, 0x3F, 0x00, 0x00, 0x00, 0x7E, 0x7F, 0x00, 0x00, 0x00, 0x7F, 0x7F, 0x00, 0x00, 0x00, 0x00,
    0x7E, 0x00, 0x00, 0x00, 0x00, 0x7E, 0x00, 0x00, 0x00, 0x00, 0xFE, 0x00, 0x00, 0x00, 0x00, 0xFE,
    0x00, 0x00, 0x00, 0x00, 0xFE, 0x00, 0x00, 0x00, 0x00, 0xFE, 0x00, 0x00, 0x00, 0x00, 0xFE, 0x00,
    0x00, 0x00, 0x00, 0xFE, 0x00, 0x00, 0x00, 0x00, 0xFE, 0x00, 0x00, 0x00, 0x00, 0xFE, 0x00, 0x00,
    0x00, 0x00, 0xFE, 0x00, 0x00, 0x00, 0x00, 0xFE, 0x00, 0x00, 0x00, 0x00, 0x7E, 0x00, 0x00, 0x00,
    0x00, 0x7E, 0x00, 0x00, 0x00, 0x00, 0x7E, 0x00, 0x00, 0x00, 0x00, 0x7F, 0x00, 0x00, 0x00, 0x7E,
    0x7F, 0x00, 0x00, 0x00, 0x7F, 0x3F, 0x80, 0x00, 0x00, 0x7E, 0x3F, 0x80, 0x00, 0x00, 0xFE, 0x1F,
    0xC0, 0x00, 0x00, 0xFE, 0x1F, 0xE0, 0x00, 0x01, 0xFC, 0x0F, 0xF0, 0x00, 0x03, 0xFC, 0x0F, 0xF8,
    0x00, 0x07, 0xF8, 0x07, 0xFE, 0x00, 0x1F, 0xF0, 0x03, 0xFF, 0x80, 0xFF, 0xF0, 0x01, 0xFF, 0xFF,
    0xFF, 0xE0, 0x00, 0xFF, 0xFF, 0xFF, 0xC0, 0x00, 0x7F, 0xFF, 0xFF, 0x00, 0x00, 0x1F, 0xFF, 0xFE,
    0x00, 0x00, 0x07, 0xFF, 0xF8, 0x00, 0x00, 0x00, 0xFF, 0xC0, 0x00, 0xFF, 0xFF, 0xE0, 0x00, 0x07,
    0xFF, 0xFF, 0xF0, 0x00, 0x3F, 0xFF, 0xFF, 0xF0, 0x01, 0xFF, 0xFF, 0xFF, 0xC0, 0x0F, 0xFF, 0xFF,
    0xFF, 0x80, 0x7F, 0xFF, 0xFF, 0xFE, 0x03, 0xF0, 0x00, 0x7F, 0xF8, 0x1F, 0x80, 0x00, 0x7F, 0xE0,
    0xFC, 0x00, 0x00, 0xFF, 0x87, 0xE0, 0x00, 0x03, 0xFC, 0x3F, 0x00, 0x00, 0x0F, 0xF1, 0xF8, 0x00,
    0x00, 0x3F, 0x8F, 0xC0, 0x00, 0x00, 0xFE, 0x7E, 0x00, 0x00, 0x07, 0xF3, 0xF0, 0x00, 0x00, 0x1F,
    0x9F, 0x80, 0x00, 0x00, 0xFE, 0xFC, 0x00, 0x00, 0x07, 0xF7, 0xE0, 0x00, 0x00, 0x1F, 0xBF, 0x00,
    0x00, 0x00, 0xFD, 0xF8, 0x00, 0x00, 0x07, 0xEF, 0xC0, 0x00, 0x00, 0x3F, 0x7E, 0x00, 0x00, 0x01,
    0xFB, 0xF0, 0x00, 0x00, 0x0F, 0xFF, 0x80, 0x00, 0x00, 0x7F, 0xFC, 0x00, 0x00, 0x03, 0xF7, 0xE0,
    0x00, 0x00, 0x1F, 0xBF, 0x00, 0x00, 0x00, 0xFD, 0xF8, 0x00, 0x00, 0x07, 0xEF, 0xC0, 0x00, 0x00,
    0x3F, 0x7E, 0x00, 0x00, 0x03, 0xFB, 0xF0, 0x00, 0x00, 0x1F, 0xDF, 0x80, 0x00, 0x00, 0xFC, 0xFC,
    0x00, 0x00, 0x0F, 0xE7, 0xE0, 0x00, 0x00, 0x7F, 0x3F, 0x00, 0x00, 0x07, 0xF1, 0xF8, 0x00, 0x00,
    0x3F, 0x8F, 0xC0, 0x00, 0x03, 0xF8, 0x7E, 0x00, 0x00, 0x3F, 0xC3, 0xF0, 0x00, 0x07, 0xFC, 0x1F,
    0x80, 0x00, 0xFF, 0xC0, 0xFC, 0x00, 0xFF, 0xFC, 0x07, 0xFF, 0xFF, 0xFF, 0xC0, 0x3F, 0xFF, 0xFF,
    0xFC, 0x01, 0xFF, 0xFF, 0xFF, 0x80, 0x0F, 0xFF, 0xFF, 0xF0, 0x00, 0x7F, 0xFF, 0xFE, 0x00, 0x00,
    0xFF, 0xFF, 0xFF, 0xFF, 0xFF, 0xFF, 0xFF, 0xFF, 0xFF, 0xFF, 0xFF, 0xFF, 0xFF, 0xFF, 0xFF, 0xFF,
    0xFF, 0xFF, 0xFF, 0xFF, 0xFF, 0xFF, 0xF0, 0x00, 0x00, 0x1F, 0x80, 0x00, 0x00, 0xFC, 0x00, 0x00,
    0x07, 0xE0, 0x00, 0x00, 0x3F, 0x00, 0x00, 0x01, 0xF8, 0x00, 0x00, 0x0F, 0xC0, 0x00, 0x00, 0x7E,
    0x00, 0x00, 0x03, 0xF0, 0x00, 0x00, 0x1F, 0x80, 0x00, 0x00, 0xFC, 0x00, 0x00, 0x07, 0xE0, 0x00,
    0x00, 0x3F, 0x00, 0x00, 0x01, 0xF8, 0x00, 0x00, 0x0F, 0xFF, 0xFF, 0xFE, 0x7F, 0xFF, 0xFF, 0xF3,
    0xFF, 0xFF, 0xFF, 0x9F, 0xFF, 0xFF, 0xFC, 0xFF, 0xFF, 0xFF, 0xE7, 0xFF, 0xFF, 0xFF, 0x3F, 0x00,
    0x00, 0x01, 0xF8, 0x00, 0x00, 0x0F, 0xC0, 0x00, 0x00, 0x7E, 0x00, 0x00, 0x03, 0xF0, 0x00, 0x00,
    0x1F, 0x80, 0x00, 0x00, 0xFC, 0x00, 0x00, 0x07, 0xE0, 0x00, 0x00, 0x3F, 0x00, 0x00, 0x01, 0xF8,
    0x00, 0x00, 0x0F, 0xC0, 0x00, 0x00, 0x7E, 0x00, 0x00, 0x03, 0xF0, 0x00, 0x00, 0x1F, 0x80, 0x00,
    0x00, 0xFC, 0x00, 0x00, 0x07, 0xFF, 0xFF, 0xFF, 0xFF, 0xFF, 0xFF, 0xFF, 0xFF, 0xFF, 0xFF, 0xFF,
    0xFF, 0xFF, 0xFF, 0xFF, 0xFF, 0xFF, 0xFC, 0xFF, 0xFF, 0xFF, 0xF7, 0xFF, 0xFF, 0xFF, 0xBF, 0xFF,
    0xFF, 0xFD, 0xFF, 0xFF, 0xFF, 0xEF, 0xFF, 0xFF, 0xFF, 0x7F, 0xFF, 0xFF, 0xFB, 0xF0, 0x00, 0x00,
    0x1F, 0x80, 0x00, 0x00, 0xFC, 0x00, 0x00, 0x07, 0xE0, 0x00, 0x00, 0x3F, 0x00, 0x00, 0x01, 0xF8,
    0x00, 0x00, 0x0F, 0xC0, 0x00, 0x00, 0x7E, 0x00, 0x00, 0x03, 0xF0, 0x00, 0x00, 0x1F, 0x80, 0x00,
    0x00, 0xFC, 0x00, 0x00, 0x07, 0xE0, 0x00, 0x00, 0x3F, 0x00, 0x00, 0x01, 0xF8, 0x00, 0x00, 0x0F,
    0xC0, 0x00, 0x00, 0x7F, 0xFF, 0xFF, 0xE3, 0xFF, 0xFF, 0xFF, 0x1F, 0xFF, 0xFF, 0xF8, 0xFF, 0xFF,
    0xFF, 0xC7, 0xFF, 0xFF, 0xFE, 0x3F, 0x00, 0x00, 0x01, 0xF8, 0x00, 0x00, 0x0F, 0xC0, 0x00, 0x00,
    0x7E, 0x00, 0x00, 0x03, 0xF0, 0x00, 0x00, 0x1F, 0x80, 0x00, 0x00, 0xFC, 0x00, 0x00, 0x07, 0xE0,
    0x00, 0x00, 0x3F, 0x00, 0x00, 0x01, 0xF8, 0x00, 0x00, 0x0F, 0xC0, 0x00, 0x00, 0x7E, 0x00, 0x00,
    0x03, 0xF0, 0x00, 0x00, 0x1F, 0x80, 0x00, 0x00, 0xFC, 0x00, 0x00, 0x07, 0xE0, 0x00, 0x00, 0x3F,
    0x00, 0x00, 0x01, 0xF8, 0x00, 0x00, 0x0F, 0xC0, 0x00, 0x00, 0x7E, 0x00, 0x00, 0x00, 0x00, 0x00,
    0x00, 0x00, 0x00, 0x00, 0x03, 0xFF, 0xE0, 0x00, 0x00, 0x0F, 0xFF, 0xFC, 0x00, 0x00, 0x3F, 0xFF,
    0xFE, 0x00, 0x00, 0x7F, 0xFF, 0xFF, 0x80, 0x01, 0xFF, 0xFF, 0xFF, 0xC0, 0x03, 0xFF, 0xFF, 0xFF,
    0xE0, 0x03, 0xFF, 0x00, 0x3F, 0xF0, 0x07, 0xFC, 0x00, 0x0F, 0xF8, 0x0F, 0xF0, 0x00, 0x07, 0xF8,
    0x1F, 0xE0, 0x00, 0x03, 0xFC, 0x1F, 0xC0, 0x00, 0x01, 0xFC, 0x3F, 0xC0, 0x00, 0x00, 0xFE, 0x3F,
    0x80, 0x00, 0x00, 0xFE, 0x3F, 0x00, 0x00, 0x00, 0x7E, 0x7F, 0x00, 0x00, 0x00, 0x7F, 0x7F, 0x00,
    0x00, 0x00, 0x00, 0x7E, 0x00, 0x00, 0x00, 0x00, 0x7E, 0x00, 0x00, 0x00, 0x00, 0xFE, 0x00, 0x00,
    0x00, 0x00, 0xFE, 0x00, 0x00, 0x00, 0x00, 0xFE, 0x00, 0x00, 0x00, 0x00, 0xFE, 0x00, 0x00, 0x00,
    0x00, 0xFE, 0x00, 0x00, 0x00, 0x00, 0xFE, 0x00, 0x03, 0xFF, 0xFF, 0xFE, 0x00, 0x03, 0xFF, 0xFF,
    0xFE, 0x00, 0x03, 0xFF, 0xFF, 0xFE, 0x00, 0x03, 0xFF, 0xFF, 0xFE, 0x00, 0x03, 0xFF, 0xFF, 0x7E,
    0x00, 0x03, 0xFF, 0xFF, 0x7E, 0x00, 0x00, 0x00, 0x3F, 0x7E, 0x00, 0x00, 0x00, 0x3F, 0x7F, 0x00,
    0x00, 0x00, 0x7F, 0x7F, 0x00, 0x00, 0x00, 0x7F, 0x3F, 0x80, 0x00, 0x00, 0x7E, 0x3F, 0x80, 0x00,
    0x00, 0xFE, 0x1F, 0xC0, 0x00, 0x00, 0xFE, 0x1F, 0xE0, 0x00, 0x01, 0xFC, 0x0F, 0xF0, 0x00, 0x03,
    0xFC, 0x0F, 0xF8, 0x00, 0x07, 0xF8, 0x07, 0xFE, 0x00, 0x1F, 0xF8, 0x03, 0xFF, 0x80, 0x7F, 0xF0,
    0x01, 0xFF, 0xFF, 0xFF, 0xE0, 0x00, 0xFF, 0xFF, 0xFF, 0xC0, 0x00, 0x7F, 0xFF, 0xFF, 0x80, 0x00,
    0x1F, 0xFF, 0xFE, 0x00, 0x00, 0x07, 0xFF, 0xF8, 0x00, 0x00, 0x00, 0xFF, 0xC0, 0x00, 0xFC, 0x00,
    0x00, 0x03, 0xFF, 0xC0, 0x00, 0x00, 0x3F, 0xFC, 0x00, 0x00, 0x03, 0xFF, 0xC0, 0x00, 0x00, 0x3F,
    0xFC, 0x00, 0x00, 0x03, 0xFF, 0xC0, 0x00, 0x00, 0x3F, 0xFC, 0x00, 0x00, 0x03, 0xFF, 0xC0, 0x00,
    0x00, 0x3F, 0xFC, 0x00, 0x00, 0x03, 0xFF, 0xC0, 0x00, 0x00, 0x3F, 0xFC, 0x00, 0x00, 0x03, 0xFF,
    0xC0, 0x00, 0x00, 0x3F, 0xFC, 0x00, 0x00, 0x03, 0xFF, 0xC0, 0x00, 0x00, 0x3F, 0xFC, 0x00, 0x00,
    0x03, 0xFF, 0xC0, 0x00, 0x00, 0x3F, 0xFC, 0x00, 0x00, 0x03, 0xFF, 0xC0, 0x00, 0x00, 0x3F, 0xFC,
    0x00, 0x00, 0x03, 0xFF, 0xC0, 0x00, 0x00, 0x3F, 0xFF, 0xFF, 0xFF, 0xFF, 0xFF, 0xFF, 0xFF, 0xFF,
    0xFF, 0xFF, 0xFF, 0xFF, 0xFF, 0xFF, 0xFF, 0xFF, 0xFF, 0xFF, 0xFF, 0xFF, 0xFF, 0xFF, 0xFF, 0xFF,
    0xFF, 0xFF, 0xFF, 0xFC, 0x00, 0x00, 0x03, 0xFF, 0xC0, 0x00, 0x00, 0x3F, 0xFC, 0x00, 0x00, 0x03,
    0xFF, 0xC0, 0x00, 0x00, 0x3F, 0xFC, 0x00, 0x00, 0x03, 0xFF, 0xC0, 0x00, 0x00, 0x3F, 0xFC, 0x00,
    0x00, 0x03, 0xFF, 0xC0, 0x00, 0x00, 0x3F, 0xFC, 0x00, 0x00, 0x03, 0xFF, 0xC0, 0x00, 0x00, 0x3F,
    0xFC, 0x00, 0x00, 0x03, 0xFF, 0xC0, 0x00, 0x00, 0x3F, 0xFC, 0x00, 0x00, 0x03, 0xFF, 0xC0, 0x00,
    0x00, 0x3F, 0xFC, 0x00, 0x00, 0x03, 0xFF, 0xC0, 0x00, 0x00, 0x3F, 0xFC, 0x00, 0x00, 0x03, 0xFF,
    0xC0, 0x00, 0x00, 0x3F, 0xFC, 0x00, 0x00, 0x03, 0xFF, 0xC0, 0x00, 0x00, 0x3F, 0xFD, 0xFB, 0xF7,
    0xEF, 0xDF, 0xBF, 0x7E, 0xFD, 0xFB, 0xF7, 0xEF, 0xDF, 0xBF, 0x7E, 0xFD, 0xFB, 0xF7, 0xEF, 0xDF,
    0xBF, 0x7E, 0xFD, 0xFB, 0xF7, 0xEF, 0xDF, 0xBF, 0x7E, 0xFD, 0xFB, 0xF7, 0xEF, 0xDF, 0xBF, 0x7E,
    0xFD, 0xFB, 0xF7, 0xEF, 0xDF, 0x80, 0x00, 0x00, 0x03, 0xF0, 0x00, 0x00, 0x3F, 0x00, 0x00, 0x03,
    0xF0, 0x00, 0x00, 0x3F, 0x00, 0x00, 0x03, 0xF0, 0x00, 0x00, 0x3F, 0x00, 0x00, 0x03, 0xF0, 0x00,
    0x00, 0x3F, 0x00, 0x00, 0x03, 0xF0, 0x00, 0x00, 0x3F, 0x00, 0x00, 0x03, 0xF0, 0x00, 0x00, 0x3F,
    0x00, 0x00, 0x03, 0xF0, 0x00, 0x00, 0x3F, 0x00, 0x00, 0x03, 0xF0, 0x00, 0x00, 0x3F, 0x00, 0x00,
    0x03, 0xF0, 0x00, 0x00, 0x3F, 0x00, 0x00, 0x03, 0xF0, 0x00, 0x00, 0x3F, 0x00, 0x00, 0x03, 0xF0,
    0x00, 0x00, 0x3F, 0x00, 0x00, 0x03, 0xF0, 0x00, 0x00, 0x3F, 0x00, 0x00, 0x03, 0xF0, 0x00, 0x00,
    0x3F, 0x00, 0x00, 0x03, 0xF0, 0x00, 0x00, 0x3F, 0x00, 0x00, 0x03, 0xF0, 0x00, 0x00, 0x3F, 0x7E,
    0x00, 0x03, 0xFF, 0xE0, 0x00, 0x3F, 0xFE, 0x00, 0x03, 0xF7, 0xE0, 0x00, 0x3F, 0x7E, 0x00, 0x03,
    0xF7, 0xE0, 0x00, 0x3F, 0x7E, 0x00, 0x07, 0xF7, 0xF0, 0x00, 0x7F, 0x7F, 0x00, 0x0F, 0xE3, 0xF8,
    0x01, 0xFE, 0x3F, 0xE0, 0x3F, 0xE1, 0xFF, 0xFF, 0xFC, 0x0F, 0xFF, 0xFF, 0x80, 0x7F, 0xFF, 0xF0,
    0x03, 0xFF, 0xFE, 0x00, 0x0F, 0xFF, 0x80, 0x00, 0x3F, 0xE0, 0x00, 0xFC, 0x00, 0x00, 0x1F, 0xFF,
    0x80, 0x00, 0x07, 0xFF, 0xF0, 0x00, 0x01, 0xFF, 0x7E, 0x00, 0x00, 0x7F, 0xCF, 0xC0, 0x00, 0x1F,
    0xF1, 0xF8, 0x00, 0x07, 0xFC, 0x3F, 0x00, 0x01, 0xFF, 0x07, 0xE0, 0x00, 0x7F, 0xC0, 0xFC, 0x00,
    0x0F, 0xF0, 0x1F, 0x80, 0x03, 0xFC, 0x03, 0xF0, 0x00, 0xFF, 0x00, 0x7E, 0x00, 0x3F, 0xC0, 0x0F,
    0xC0, 0x0F, 0xF0, 0x01, 0xF8, 0x03, 0xFC, 0x00, 0x3F, 0x00, 0xFF, 0x00, 0x07, 0xE0, 0x3F, 0xC0,
    0x00, 0xFC, 0x0F, 0xF0, 0x00, 0x1F, 0x83, 0xFE, 0x00, 0x03, 0xF0, 0xFF, 0x80, 0x00, 0x7E, 0x3F,
    0xE0, 0x00, 0x0F, 0xC7, 0xF8, 0x00, 0x01, 0xF9, 0xFF, 0x80, 0x00, 0x3F, 0x7F, 0xF8, 0x00, 0x07,
    0xFF, 0xFF, 0x00, 0x00, 0xFF, 0xFF, 0xF0, 0x00, 0x1F, 0xFE, 0xFF, 0x00, 0x03, 0xFF, 0x8F, 0xE0,
    0x00, 0x7F, 0xE0, 0xFE, 0x00, 0x0F, 0xF8, 0x1F, 0xE0, 0x01, 0xFE, 0x01, 0xFE, 0x00, 0x3F, 0x80,
    0x1F, 0xC0, 0x07, 0xE0, 0x03, 0xFC, 0x00, 0xFC, 0x00, 0x3F, 0xC0, 0x1F, 0x80, 0x03, 0xF8, 0x03,
    0xF0, 0x00, 0x3F, 0x80, 0x7E, 0x00, 0x07, 0xF8, 0x0F, 0xC0, 0x00, 0x7F, 0x81, 0xF8, 0x00, 0x07,
    0xF0, 0x3F, 0x00, 0x00, 0xFF, 0x07, 0xE0, 0x00, 0x0F, 0xF0, 0xFC, 0x00, 0x00, 0xFE, 0x1F, 0x80,
    0x00, 0x0F, 0xE3, 0xF0, 0x00, 0x01, 0xFE, 0x7E, 0x00, 0x00, 0x1F, 0xEF, 0xC0, 0x00, 0x01, 0xFD,
    0xF8, 0x00, 0x00, 0x3F, 0xC0, 0xFC, 0x00, 0x00, 0x0F, 0xC0, 0x00, 0x00, 0xFC, 0x00, 0x00, 0x0F,
    0xC0, 0x00, 0x00, 0xFC, 0x00, 0x00, 0x0F, 0xC0, 0x00, 0x00, 0xFC, 0x00, 0x00, 0x0F, 0xC0, 0x00,
    0x00, 0xFC, 0x00, 0x00, 0x0F, 0xC0, 0x00, 0x00, 0xFC, 0x00, 0x00, 0x0F, 0xC0, 0x00, 0x00, 0xFC,
    0x00, 0x00, 0x0F, 0xC0, 0x00, 0x00, 0xFC, 0x00, 0x00, 0x0F, 0xC0, 0x00, 0x00, 0xFC, 0x00, 0x00,
    0x0F, 0xC0, 0x00, 0x00, 0xFC, 0x00, 0x00, 0x0F, 0xC0, 0x00, 0x00, 0xFC, 0x00, 0x00, 0x0F, 0xC0,
    0x00, 0x00, 0xFC, 0x00, 0x00, 0x0F, 0xC0, 0x00, 0x00, 0xFC, 0x00, 0x00, 0x0F, 0xC0, 0x00, 0x00,
    0xFC, 0x00, 0x00, 0x0F, 0xC0, 0x00, 0x00, 0xFC, 0x00, 0x00, 0x0F, 0xC0, 0x00, 0x00, 0xFC, 0x00,
    0x00, 0x0F, 0xC0, 0x00, 0x00, 0xFC, 0x00, 0x00, 0x0F, 0xC0, 0x00, 0x00, 0xFC, 0x00, 0x00, 0x0F,
    0xC0, 0x00, 0x00, 0xFC, 0x00, 0x00, 0x0F, 0xC0, 0x00, 0x00, 0xFC, 0x00, 0x00, 0x0F, 0xC0, 0x00,
    0x00, 0xFC, 0x00, 0x00, 0x0F, 0xFF, 0xFF, 0xFF, 0xFF, 0xFF, 0xFF, 0xFF, 0xFF, 0xFF, 0xFF, 0xFF,
    0xFF, 0xFF, 0xFF, 0xFF, 0xFF, 0xFF, 0xFF, 0x80, 0x00, 0x00, 0x07, 0xFF, 0xFE, 0x00, 0x00, 0x00,
    0x1F, 0xFF, 0xF8, 0x00, 0x00, 0x00, 0xFF, 0xFF, 0xF0, 0x00, 0x00, 0x03, 0xFF, 0xFF, 0xC0, 0x00,
    0x00, 0x0F, 0xFF, 0xFF, 0x80, 0x00, 0x00, 0x7F, 0xFF, 0xFE, 0x00, 0x00, 0x01, 0xFF, 0xFF, 0xF8,
    0x00, 0x00, 0x0F, 0xFF, 0xFF, 0xF0, 0x00, 0x00, 0x3F, 0xFF, 0xFF, 0xC0, 0x00, 0x00, 0xFF, 0xFF,
    0xFF, 0x80, 0x00, 0x07, 0xEF, 0xFF, 0x7E, 0x00, 0x00, 0x1F, 0xBF, 0xFD, 0xF8, 0x00, 0x00, 0xFE,
    0xFF, 0xF7, 0xF0, 0x00, 0x03, 0xF3, 0xFF, 0xCF, 0xC0, 0x00, 0x0F, 0xCF, 0xFF, 0x3F, 0x80, 0x00,
    0x7F, 0x3F, 0xFC, 0xFE, 0x00, 0x01, 0xF8, 0xFF, 0xF1, 0xF8, 0x00, 0x07, 0xE3, 0xFF, 0xC7, 0xF0,
    0x00, 0x3F, 0x8F, 0xFF, 0x1F, 0xC0, 0x00, 0xFC, 0x3F, 0xFC, 0x3F, 0x80, 0x07, 0xF0, 0xFF, 0xF0,
    0xFE, 0x00, 0x1F, 0x83, 0xFF, 0xC1, 0xF8, 0x00, 0x7E, 0x0F, 0xFF, 0x07, 0xF0, 0x03, 0xF8, 0x3F,
    0xFC, 0x1F, 0xC0, 0x0F, 0xC0, 0xFF, 0xF0, 0x3F, 0x00, 0x7F, 0x03, 0xFF, 0xC0, 0xFE, 0x01, 0xF8,
    0x0F, 0xFF, 0x01, 0xF8, 0x07, 0xE0, 0x3F, 0xFC, 0x07, 0xF0, 0x3F, 0x80, 0xFF, 0xF0, 0x1F, 0xC0,
    0xFC, 0x03, 0xFF, 0xC0, 0x3F, 0x03, 0xF0, 0x0F, 0xFF, 0x00, 0xFE, 0x1F, 0x80, 0x3F, 0xFC, 0x01,
    0xF8, 0x7E, 0x00, 0xFF, 0xF0, 0x07, 0xE3, 0xF8, 0x03, 0xFF, 0xC0, 0x1F, 0xCF, 0xC0, 0x0F, 0xFF,
    0x00, 0x3F, 0x3F, 0x00, 0x3F, 0xFC, 0x00, 0xFC, 0xF8, 0x00, 0xFF, 0xF0, 0x01, 0xFF, 0xE0, 0x03,
    0xFF, 0xC0, 0x07, 0xFF, 0x80, 0x0F, 0xFF, 0x00, 0x1F, 0xFC, 0x00, 0x3F, 0xFC, 0x00, 0x3F, 0xF0,
    0x00, 0xFF, 0xF0, 0x00, 0xFF, 0xC0, 0x03, 0xFF, 0xC0, 0x01, 0xFE, 0x00, 0x0F, 0xFF, 0x00, 0x07,
    0xF8, 0x00, 0x3F, 0xFC, 0x00, 0x1F, 0xC0, 0x00, 0xFF, 0xF0, 0x00, 0x3F, 0x00, 0x03, 0xF0, 0xFE,
    0x00, 0x00, 0x03, 0xF7, 0xF8, 0x00, 0x00, 0x1F, 0xFF, 0xE0, 0x00, 0x00, 0xFF, 0xFF, 0x00, 0x00,
    0x07, 0xFF, 0xFC, 0x00, 0x00, 0x3F, 0xFF, 0xF0, 0x00, 0x01, 0xFF, 0xFF, 0x80, 0x00, 0x0F, 0xFF,
    0xFE, 0x00, 0x00, 0x7F, 0xFF, 0xF0, 0x00, 0x03, 0xFF, 0xFF, 0xC0, 0x00, 0x1F, 0xFF, 0x7F, 0x00,
    0x00, 0xFF, 0xFB, 0xF8, 0x00, 0x07, 0xFF, 0xCF, 0xE0, 0x00, 0x3F, 0xFE, 0x3F, 0x80, 0x01, 0xFF,
    0xF1, 0xFC, 0x00, 0x0F, 0xFF, 0x87, 0xF0, 0x00, 0x7F, 0xFC, 0x3F, 0xC0, 0x03, 0xFF, 0xE0, 0xFE,
    0x00, 0x1F, 0xFF, 0x03, 0xF8, 0x00, 0xFF, 0xF8, 0x1F, 0xC0, 0x07, 0xFF, 0xC0, 0x7F, 0x00, 0x3F,
    0xFE, 0x03, 0xFC, 0x01, 0xFF, 0xF0, 0x0F, 0xE0, 0x0F, 0xFF, 0x80, 0x3F, 0x80, 0x7F, 0xFC, 0x01,
    0xFE, 0x03, 0xFF, 0xE0, 0x07, 0xF0, 0x1F, 0xFF, 0x00, 0x1F, 0xC0, 0xFF, 0xF8, 0x00, 0xFF, 0x07,
    0xFF, 0xC0, 0x03, 0xF8, 0x3F, 0xFE, 0x00, 0x0F, 0xE1, 0xFF, 0xF0, 0x00, 0x7F, 0x0F, 0xFF, 0x80,
    0x01, 0xFC, 0x7F, 0xFC, 0x00, 0x0F, 0xF3, 0xFF, 0xE0, 0x00, 0x3F, 0x9F, 0xFF, 0x00, 0x00, 0xFE,
    0xFF, 0xF8, 0x00, 0x07, 0xF7, 0xFF, 0xC0, 0x00, 0x1F, 0xFF, 0xFE, 0x00, 0x00, 0x7F, 0xFF, 0xF0,
    0x00, 0x03, 0xFF, 0xFF, 0x80, 0x00, 0x0F, 0xFF, 0xFC, 0x00, 0x00, 0x3F, 0xFF, 0xE0, 0x00, 0x01,
    0xFF, 0xFF, 0x00, 0x00, 0x07, 0xFF, 0xF8, 0x00, 0x00, 0x3F, 0xFF, 0xC0, 0x00, 0x00, 0xFF, 0xFE,
    0x00, 0x00, 0x03, 0xFC, 0x00, 0x00, 0x00, 0x00, 0x00, 0x00, 0x00, 0xFF, 0xF8, 0x00, 0x00, 0x00,
    0xFF, 0xFF, 0xC0, 0x00, 0x00, 0xFF, 0xFF, 0xF8, 0x00, 0x00, 0x7F, 0xFF, 0xFF, 0x80, 0x00, 0x3F,
    0xFF, 0xFF, 0xF0, 0x00, 0x3F, 0xFF, 0xFF, 0xFE, 0x00, 0x0F, 0xFC, 0x00, 0xFF, 0xC0, 0x07, 0xFC,
    0x00, 0x0F, 0xF8, 0x03, 0xFC, 0x00, 0x01, 0xFE, 0x01, 0xFE, 0x00, 0x00, 0x3F, 0xC0, 0x7F, 0x00,
    0x00, 0x07, 0xF8, 0x3F, 0xC0, 0x00, 0x00, 0xFE, 0x0F, 0xE0, 0x00, 0x00, 0x1F, 0xC3, 0xF0, 0x00,
    0x00, 0x07, 0xF1, 0xFC, 0x00, 0x00, 0x00, 0xFC, 0x7F, 0x00, 0x00, 0x00, 0x3F, 0x9F, 0x80, 0x00,
    0x00, 0x0F, 0xE7, 0xE0, 0x00, 0x00, 0x03, 0xFB, 0xF8, 0x00, 0x00, 0x00, 0x7E, 0xFE, 0x00, 0x00,
    0x00, 0x1F, 0xBF, 0x80, 0x00, 0x00, 0x07, 0xEF, 0xE0, 0x00, 0x00, 0x01, 0xFB, 0xF8, 0x00, 0x00,
    0x00, 0x7E, 0xFE, 0x00, 0x00, 0x00, 0x1F, 0xBF, 0x80, 0x00, 0x00, 0x07, 0xEF, 0xE0, 0x00, 0x00,
    0x01, 0xFB, 0xF8, 0x00, 0x00, 0x00, 0x7E, 0xFE, 0x00, 0x00, 0x00, 0x1F, 0x9F, 0x80, 0x00, 0x00,
    0x07, 0xE7, 0xE0, 0x00, 0x00, 0x03, 0xF9, 0xF8, 0x00, 0x00, 0x00, 0xFE, 0x7F, 0x00, 0x00, 0x00,
    0x3F, 0x1F, 0xC0, 0x00, 0x00, 0x1F, 0xC3, 0xF8, 0x00, 0x00, 0x07, 0xF0, 0xFE, 0x00, 0x00, 0x03,
    0xF8, 0x1F, 0xC0, 0x00, 0x00, 0xFE, 0x07, 0xF8, 0x00, 0x00, 0x7F, 0x00, 0xFF, 0x00, 0x00, 0x3F,
    0xC0, 0x3F, 0xE0, 0x00, 0x1F, 0xE0, 0x07, 0xFE, 0x00, 0x1F, 0xF0, 0x00, 0xFF, 0xE0, 0x3F, 0xFC,
    0x00, 0x1F, 0xFF, 0xFF, 0xFE, 0x00, 0x03, 0xFF, 0xFF, 0xFF, 0x00, 0x00, 0x7F, 0xFF, 0xFF, 0x00,
    0x00, 0x07, 0xFF, 0xFF, 0x80, 0x00, 0x00, 0x7F, 0xFF, 0x80, 0x00, 0x00, 0x03, 0xFF, 0x00, 0x00,
    0xFF, 0xFF, 0xF0, 0x00, 0xFF, 0xFF, 0xFF, 0x00, 0xFF, 0xFF, 0xFF, 0x80, 0xFF, 0xFF, 0xFF, 0xE0,
    0xFF, 0xFF, 0xFF, 0xF0, 0xFF, 0xFF, 0xFF, 0xF8, 0xFC, 0x00, 0x0F, 0xFC, 0xFC, 0x00, 0x03, 0xFC,
    0xFC, 0x00, 0x01, 0xFE, 0xFC, 0x00, 0x00, 0xFE, 0xFC, 0x00, 0x00, 0x7E, 0xFC, 0x00, 0x00, 0x7F,
    0xFC, 0x00, 0x00, 0x7F, 0xFC, 0x00, 0x00, 0x7F, 0xFC, 0x00, 0x00, 0x7F, 0xFC, 0x00, 0x00, 0x7F,
    0xFC, 0x00, 0x00, 0x7F, 0xFC, 0x00, 0x00, 0x7F, 0xFC, 0x00, 0x00, 0x7E, 0xFC, 0x00, 0x00, 0xFE,
    0xFC, 0x00, 0x00, 0xFE, 0xFC, 0x00, 0x01, 0xFE, 0xFC, 0x00, 0x03, 0xFC, 0xFC, 0x00, 0x1F, 0xF8,
    0xFF, 0xFF, 0xFF, 0xF8, 0xFF, 0xFF, 0xFF, 0xF0, 0xFF, 0xFF, 0xFF, 0xE0, 0xFF, 0xFF, 0xFF, 0x80,
    0xFF, 0xFF, 0xFE, 0x00, 0xFF, 0xFF, 0xC0, 0x00, 0xFC, 0x00, 0x00, 0x00, 0xFC, 0x00, 0x00, 0x00,
    0xFC, 0x00, 0x00, 0x00, 0xFC, 0x00, 0x00, 0x00, 0xFC, 0x00, 0x00, 0x00, 0xFC, 0x00, 0x00, 0x00,
    0xFC, 0x00, 0x00, 0x00, 0xFC, 0x00, 0x00, 0x00, 0xFC, 0x00, 0x00, 0x00, 0xFC, 0x00, 0x00, 0x00,
    0xFC, 0x00, 0x00, 0x00, 0xFC, 0x00, 0x00, 0x00, 0xFC, 0x00, 0x00, 0x00, 0xFC, 0x00, 0x00, 0x00,
    0xFC, 0x00, 0x00, 0x00, 0xFC, 0x00, 0x00, 0x00, 0x00, 0x00, 0x00, 0x00, 0x00, 0x00, 0x00, 0xFF,
    0xF8, 0x00, 0x00, 0x00, 0xFF, 0xFF, 0xC0, 0x00, 0x00, 0xFF, 0xFF, 0xF8, 0x00, 0x00, 0x7F, 0xFF,
    0xFF, 0x80, 0x00, 0x3F, 0xFF, 0xFF, 0xF0, 0x00, 0x3F, 0xFF, 0xFF, 0xFE, 0x00, 0x0F, 0xFC, 0x00,
    0xFF, 0xC0, 0x07, 0xFC, 0x00, 0x0F, 0xF8, 0x03, 0xFC, 0x00, 0x01, 0xFE, 0x01, 0xFE, 0x00, 0x00,
    0x3F, 0xC0, 0x7F, 0x00, 0x00, 0x07, 0xF8, 0x3F, 0xC0, 0x00, 0x00, 0xFE, 0x0F, 0xE0, 0x00, 0x00,
    0x1F, 0xC3, 0xF0, 0x00, 0x00, 0x07, 0xF1, 0xFC, 0x00, 0x00, 0x00, 0xFC, 0x7F, 0x00, 0x00, 0x00,
    0x3F, 0x9F, 0x80, 0x00, 0x00, 0x0F, 0xE7, 0xE0, 0x00, 0x00, 0x03, 0xFB, 0xF8, 0x00, 0x00, 0x00,
    0x7E, 0xFE, 0x00, 0x00, 0x00, 0x1F, 0xBF, 0x80, 0x00, 0x00, 0x07, 0xEF, 0xE0, 0x00, 0x00, 0x01,
    0xFB, 0xF8, 0x00, 0x00, 0x00, 0x7E, 0xFE, 0x00, 0x00, 0x00, 0x1F, 0xBF, 0x80, 0x00, 0x00, 0x07,
    0xEF, 0xE0, 0x00, 0x00, 0x01, 0xFB, 0xF8, 0x00, 0x00, 0x00, 0x7E, 0xFE, 0x00, 0x00, 0x00, 0x1F,
    0x9F, 0x80, 0x00, 0x00, 0x07, 0xE7, 0xE0, 0x00, 0x00, 0x03, 0xF9, 0xF8, 0x00, 0x00, 0x00, 0xFE,
    0x7F, 0x00, 0x1F, 0x80, 0x3F, 0x1F, 0xC0, 0x07, 0xF0, 0x1F, 0xC3, 0xF8, 0x00, 0xFE, 0x07, 0xF0,
    0xFE, 0x00, 0x3F, 0x83, 0xF8, 0x1F, 0xC0, 0x07, 0xF0, 0xFE, 0x07, 0xF8, 0x00, 0xFE, 0x7F, 0x00,
    0xFF, 0x00, 0x1F, 0xFF, 0xC0, 0x3F, 0xE0, 0x07, 0xFF, 0xE0, 0x07, 0xFE, 0x00, 0xFF, 0xF0, 0x00,
    0xFF, 0xE0, 0x3F, 0xFC, 0x00, 0x1F, 0xFF, 0xFF, 0xFE, 0x00, 0x03, 0xFF, 0xFF, 0xFF, 0x00, 0x00,
    0x7F, 0xFF, 0xFF, 0xC0, 0x00, 0x07, 0xFF, 0xFF, 0xF8, 0x00, 0x00, 0x7F, 0xFF, 0xFF, 0x00, 0x00,
    0x03, 0xFF, 0x1F, 0xC0, 0x00, 0x00, 0x00, 0x03, 0xF8, 0x00, 0x00, 0x00, 0x00, 0x7F, 0x00, 0x00,
    0x00, 0x00, 0x0F, 0xE0, 0x00, 0x00, 0x00, 0x01, 0xF8, 0xFF, 0xFF, 0xF0, 0x00, 0x3F, 0xFF, 0xFF,
    0xC0, 0x0F, 0xFF, 0xFF, 0xFC, 0x03, 0xFF, 0xFF, 0xFF, 0x80, 0xFF, 0xFF, 0xFF, 0xF0, 0x3F, 0xFF,
    0xFF, 0xFE, 0x0F, 0xC0, 0x00, 0xFF, 0xC3, 0xF0, 0x00, 0x0F, 0xF0, 0xFC, 0x00, 0x01, 0xFE, 0x3F,
    0x00, 0x00, 0x3F, 0x8F, 0xC0, 0x00, 0x07, 0xF3, 0xF0, 0x00, 0x01, 0xFC, 0xFC, 0x00, 0x00, 0x7F,
    0x3F, 0x00, 0x00, 0x0F, 0xCF, 0xC0, 0x00, 0x03, 0xF3, 0xF0, 0x00, 0x00, 0xFC, 0xFC, 0x00, 0x00,
    0x7F, 0x3F, 0x00, 0x00, 0x1F, 0xCF, 0xC0, 0x00, 0x07, 0xF3, 0xF0, 0x00, 0x03, 0xF8, 0xFC, 0x00,
    0x01, 0xFE, 0x3F, 0x00, 0x00, 0xFF, 0x0F, 0xC0, 0x01, 0xFF, 0xC3, 0xFF, 0xFF, 0xFF, 0xE0, 0xFF,
    0xFF, 0xFF, 0xF0, 0x3F, 0xFF, 0xFF, 0xF8, 0x0F, 0xFF, 0xFF, 0xFC, 0x03, 0xFF, 0xFF, 0xFC, 0x00,
    0xFF, 0xFF, 0xFF, 0x00, 0x3F, 0x00, 0x1F, 0xE0, 0x0F, 0xC0, 0x03, 0xF8, 0x03, 0xF0, 0x00, 0xFF,
    0x00, 0xFC, 0x00, 0x1F, 0xC0, 0x3F, 0x00, 0x07, 0xF8, 0x0F, 0xC0, 0x00, 0xFE, 0x03, 0xF0, 0x00,
    0x3F, 0xC0, 0xFC, 0x00, 0x07, 0xF0, 0x3F, 0x00, 0x00, 0xFE, 0x0F, 0xC0, 0x00, 0x3F, 0x83, 0xF0,
    0x00, 0x07, 0xF0, 0xFC, 0x00, 0x01, 0xFE, 0x3F, 0x00, 0x00, 0x3F, 0x8F, 0xC0, 0x00, 0x0F, 0xF3,
    0xF0, 0x00, 0x01, 0xFC, 0xFC, 0x00, 0x00, 0x7F, 0xBF, 0x00, 0x00, 0x0F, 0xE0, 0x00, 0x00, 0x00,
    0x00, 0x00, 0x07, 0xFF, 0xC0, 0x00, 0x0F, 0xFF, 0xFC, 0x00, 0x07, 0xFF, 0xFF, 0xC0, 0x07, 0xFF,
    0xFF, 0xF8, 0x03, 0xFF, 0xFF, 0xFF, 0x01, 0xFF, 0xE1, 0xFF, 0xE0, 0x7F, 0x80, 0x0F, 0xF8, 0x3F,
    0xC0, 0x00, 0xFF, 0x0F, 0xE0, 0x00, 0x1F, 0xC3, 0xF0, 0x00, 0x03, 0xF9, 0xFC, 0x00, 0x00, 0xFE,
    0x7F, 0x00, 0x00, 0x1F, 0x9F, 0x80, 0x00, 0x07, 0xE7, 0xF0, 0x00, 0x00, 0x01, 0xFC, 0x00, 0x00,
    0x00, 0x7F, 0x00, 0x00, 0x00, 0x0F, 0xE0, 0x00, 0x00, 0x03, 0xFE, 0x00, 0x00, 0x00, 0x7F, 0xE0,
    0x00, 0x00, 0x1F, 0xFF, 0x00, 0x00, 0x03, 0xFF, 0xFC, 0x00, 0x00, 0x3F, 0xFF, 0xE0, 0x00, 0x07,
    0xFF, 0xFF, 0x00, 0x00, 0x7F, 0xFF, 0xF0, 0x00, 0x03, 0xFF, 0xFE, 0x00, 0x00, 0x1F, 0xFF, 0xC0,
    0x00, 0x00, 0x7F, 0xF8, 0x00, 0x00, 0x03, 0xFF, 0x00, 0x00, 0x00, 0x3F, 0xE0, 0x00, 0x00, 0x03,
    0xF8, 0x00, 0x00, 0x00, 0x7E, 0x00, 0x00, 0x00, 0x1F, 0xC0, 0x00, 0x00, 0x07, 0xFF, 0xC0, 0x00,
    0x01, 0xFF, 0xF8, 0x00, 0x00, 0x7F, 0xFE, 0x00, 0x00, 0x1F, 0xFF, 0x80, 0x00, 0x07, 0xE7, 0xF0,
    0x00, 0x03, 0xF9, 0xFE, 0x00, 0x01, 0xFE, 0x3F, 0xC0, 0x00, 0xFF, 0x0F, 0xFC, 0x00, 0xFF, 0xC1,
    0xFF, 0xFF, 0xFF, 0xE0, 0x3F, 0xFF, 0xFF, 0xF0, 0x07, 0xFF, 0xFF, 0xF8, 0x00, 0xFF, 0xFF, 0xFC,
    0x00, 0x0F, 0xFF, 0xFC, 0x00, 0x00, 0x7F, 0xF8, 0x00, 0xFF, 0xFF, 0xFF, 0xFF, 0xEF, 0xFF, 0xFF,
    0xFF, 0xFF, 0xFF, 0xFF, 0xFF, 0xFF, 0xFF, 0xFF, 0xFF, 0xFF, 0xFF, 0xFF, 0xFF, 0xFF, 0xFF, 0xFF,
    0xFF, 0xFF, 0xFF, 0xFE, 0x00, 0x01, 0xF8, 0x00, 0x00, 0x00, 0x1F, 0x80, 0x00, 0x00, 0x01, 0xF8,
    0x00, 0x00, 0x00, 0x1F, 0x80, 0x00, 0x00, 0x01, 0xF8, 0x00, 0x00, 0x00, 0x1F, 0x80, 0x00, 0x00,
    0x01, 0xF8, 0x00, 0x00, 0x00, 0x1F, 0x80, 0x00, 0x00, 0x01, 0xF8, 0x00, 0x00, 0x00, 0x1F, 0x80,
    0x00, 0x00, 0x01, 0xF8, 0x00, 0x00, 0x00, 0x1F, 0x80, 0x00, 0x00, 0x01, 0xF8, 0x00, 0x00, 0x00,
    0x1F, 0x80, 0x00, 0x00, 0x01, 0xF8, 0x00, 0x00, 0x00, 0x1F, 0x80, 0x00, 0x00, 0x01, 0xF8, 0x00,
    0x00, 0x00, 0x1F, 0x80, 0x00, 0x00, 0x01, 0xF8, 0x00, 0x00, 0x00, 0x1F, 0x80, 0x00, 0x00, 0x01,
    0xF8, 0x00, 0x00, 0x00, 0x1F, 0x80, 0x00, 0x00, 0x01, 0xF8, 0x00, 0x00, 0x00, 0x1F, 0x80, 0x00,
    0x00, 0x01, 0xF8, 0x00, 0x00, 0x00, 0x1F, 0x80, 0x00, 0x00, 0x01, 0xF8, 0x00, 0x00, 0x00, 0x1F,
    0x80, 0x00, 0x00, 0x01, 0xF8, 0x00, 0x00, 0x00, 0x1F, 0x80, 0x00, 0x00, 0x01, 0xF8, 0x00, 0x00,
    0x00, 0x1F, 0x80, 0x00, 0x00, 0x01, 0xF8, 0x00, 0x00, 0x00, 0x1F, 0x80, 0x00, 0x00, 0x01, 0xF8,
    0x00, 0x00, 0x00, 0x1F, 0x80, 0x00, 0x00, 0x01, 0xF8, 0x00, 0x00, 0x00, 0x1F, 0x80, 0x00, 0x00,
    0x01, 0xF8, 0x00, 0x00, 0x00, 0x1F, 0x80, 0x00, 0xFC, 0x00, 0x00, 0x03, 0xFF, 0xC0, 0x00, 0x00,
    0x3F, 0xFC, 0x00, 0x00, 0x03, 0xFF, 0xC0, 0x00, 0x00, 0x3F, 0xFC, 0x00, 0x00, 0x03, 0xFF, 0xC0,
    0x00, 0x00, 0x3F, 0xFC, 0x00, 0x00, 0x03, 0xFF, 0xC0, 0x00, 0x00, 0x3F, 0xFC, 0x00, 0x00, 0x03,
    0xFF, 0xC0, 0x00, 0x00, 0x3F, 0xFC, 0x00, 0x00, 0x03, 0xFF, 0xC0, 0x00, 0x00, 0x3F, 0xFC, 0x00,
    0x00, 0x03, 0xFF, 0xC0, 0x00, 0x00, 0x3F, 0xFC, 0x00, 0x00, 0x03, 0xFF, 0xC0, 0x00, 0x00, 0x3F,
    0xFC, 0x00, 0x00, 0x03, 0xFF, 0xC0, 0x00, 0x00, 0x3F, 0xFC, 0x00, 0x00, 0x03, 0xFF, 0xC0, 0x00,
    0x00, 0x3F, 0xFC, 0x00, 0x00, 0x03, 0xFF, 0xC0, 0x00, 0x00, 0x3F, 0xFC, 0x00, 0x00, 0x03, 0xFF,
    0xC0, 0x00, 0x00, 0x3F, 0xFC, 0x00, 0x00, 0x03, 0xFF, 0xC0, 0x00, 0x00, 0x3F, 0xFC, 0x00, 0x00,
    0x03, 0xFF, 0xC0, 0x00, 0x00, 0x3F, 0xFC, 0x00, 0x00, 0x03, 0xFF, 0xC0, 0x00, 0x00, 0x3F, 0xFC,
    0x00, 0x00, 0x03, 0xFF, 0xC0, 0x00, 0x00, 0x3F, 0xFE, 0x00, 0x00, 0x07, 0xFF, 0xE0, 0x00, 0x00,
    0x7F, 0xFE, 0x00, 0x00, 0x07, 0xF7, 0xF0, 0x00, 0x00, 0xFE, 0x7F, 0x00, 0x00, 0x0F, 0xE7, 0xF8,
    0x00, 0x01, 0xFE, 0x3F, 0xC0, 0x00, 0x3F, 0xC3, 0xFE, 0x00, 0x0F, 0xFC, 0x1F, 0xFC, 0x03, 0xFF,
    0x80, 0xFF, 0xFF, 0xFF, 0xF0, 0x07, 0xFF, 0xFF, 0xFE, 0x00, 0x3F, 0xFF, 0xFF, 0xC0, 0x00, 0xFF,
    0xFF, 0xF0, 0x00, 0x03, 0xFF, 0xFC, 0x00, 0x00, 0x07, 0xFE, 0x00, 0x00, 0xFE, 0x00, 0x00, 0x00,
    0x3F, 0x7F, 0x00, 0x00, 0x00, 0x3F, 0x9F, 0xC0, 0x00, 0x00, 0x1F, 0xCF, 0xE0, 0x00, 0x00, 0x0F,
    0xE7, 0xF0, 0x00, 0x00, 0x0F, 0xE1, 0xFC, 0x00, 0x00, 0x07, 0xF0, 0xFE, 0x00, 0x00, 0x03, 0xF0,
    0x3F, 0x00, 0x00, 0x03, 0xF8, 0x1F, 0xC0, 0x00, 0x01, 0xFC, 0x0F, 0xE0, 0x00, 0x00, 0xFC, 0x03,
    0xF0, 0x00, 0x00, 0xFE, 0x01, 0xFC, 0x00, 0x00, 0x7F, 0x00, 0xFE, 0x00, 0x00, 0x3F, 0x00, 0x3F,
    0x00, 0x00, 0x3F, 0x80, 0x1F, 0xC0, 0x00, 0x1F, 0xC0, 0x0F, 0xE0, 0x00, 0x0F, 0xC0, 0x03, 0xF0,
    0x00, 0x0F, 0xE0, 0x01, 0xFC, 0x00, 0x07, 0xE0, 0x00, 0x7E, 0x00, 0x03, 0xF0, 0x00, 0x3F, 0x80,
    0x03, 0xF8, 0x00, 0x1F, 0xC0, 0x01, 0xF8, 0x00, 0x07, 0xE0, 0x01, 0xFC, 0x00, 0x03, 0xF8, 0x00,
    0xFE, 0x00, 0x01, 0xFC, 0x00, 0x7E, 0x00, 0x00, 0x7E, 0x00, 0x7F, 0x00, 0x00, 0x3F, 0x80, 0x3F,
    0x80, 0x00, 0x0F, 0xC0, 0x1F, 0x80, 0x00, 0x07, 0xE0, 0x1F, 0xC0, 0x00, 0x03, 0xF8, 0x0F, 0xC0,
    0x00, 0x00, 0xFC, 0x07, 0xE0, 0x00, 0x00, 0x7E, 0x07, 0xF0, 0x00, 0x00, 0x3F, 0x83, 0xF0, 0x00,
    0x00, 0x0F, 0xC1, 0xF8, 0x00, 0x00, 0x07, 0xE1, 0xFC, 0x00, 0x00, 0x03, 0xF8, 0xFC, 0x00, 0x00,
    0x00, 0xFC, 0x7E, 0x00, 0x00, 0x00, 0x7E, 0x7F, 0x00, 0x00, 0x00, 0x1F, 0xBF, 0x00, 0x00, 0x00,
    0x0F, 0xDF, 0x80, 0x00, 0x00, 0x07, 0xEF, 0x80, 0x00, 0x00, 0x01, 0xFF, 0xC0, 0x00, 0x00, 0x00,
    0xFF, 0xE0, 0x00, 0x00, 0x00, 0x7F, 0xE0, 0x00, 0x00, 0x00, 0x1F, 0xF0, 0x00, 0x00, 0x00, 0x0F,
    0xF8, 0x00, 0x00, 0x00, 0x03, 0xF8, 0x00, 0x00, 0xFE, 0x00, 0x00, 0x3F, 0x80, 0x00, 0x0F, 0xFF,
    0xC0, 0x00, 0x07, 0xF0, 0x00, 0x01, 0xFD, 0xF8, 0x00, 0x01, 0xFF, 0x00, 0x00, 0x3F, 0xBF, 0x00,
    0x00, 0x3F, 0xE0, 0x00, 0x07, 0xE7, 0xF0, 0x00, 0x07, 0xFC, 0x00, 0x01, 0xFC, 0xFE, 0x00, 0x00,
    0xFF, 0x80, 0x00, 0x3F, 0x8F, 0xC0, 0x00, 0x3F, 0xF8, 0x00, 0x07, 0xE1, 0xF8, 0x00, 0x07, 0xFF,
    0x00, 0x00, 0xFC, 0x3F, 0x80, 0x00, 0xFF, 0xE0, 0x00, 0x3F, 0x87, 0xF0, 0x00, 0x1F, 0x7E, 0x00,
    0x07, 0xF0, 0x7E, 0x00, 0x07, 0xEF, 0xC0, 0x00, 0xFC, 0x0F, 0xC0, 0x00, 0xFD, 0xF8, 0x00, 0x1F,
    0x81, 0xFC, 0x00, 0x1F, 0xBF, 0x00, 0x07, 0xF0, 0x1F, 0x80, 0x07, 0xF7, 0xF0, 0x00, 0xFE, 0x03,
    0xF0, 0x00, 0xFC, 0x7E, 0x00, 0x1F, 0x80, 0x7E, 0x00, 0x1F, 0x8F, 0xC0, 0x03, 0xF0, 0x0F, 0xE0,
    0x03, 0xF1, 0xF8, 0x00, 0xFE, 0x00, 0xFC, 0x00, 0xFE, 0x3F, 0x80, 0x1F, 0x80, 0x1F, 0x80, 0x1F,
    0x83, 0xF0, 0x03, 0xF0, 0x03, 0xF0, 0x03, 0xF0, 0x7E, 0x00, 0x7E, 0x00, 0x7F, 0x00, 0x7E, 0x0F,
    0xC0, 0x1F, 0xC0, 0x07, 0xE0, 0x1F, 0x80, 0xFC, 0x03, 0xF0, 0x00, 0xFC, 0x03, 0xF0, 0x1F, 0x80,
    0x7E, 0x00, 0x1F, 0xC0, 0x7E, 0x03, 0xF0, 0x0F, 0xC0, 0x01, 0xF8, 0x0F, 0xC0, 0x7E, 0x03, 0xF8,
    0x00, 0x3F, 0x03, 0xF0, 0x07, 0xE0, 0x7E, 0x00, 0x07, 0xE0, 0x7E, 0x00, 0xFC, 0x0F, 0xC0, 0x00,
    0xFE, 0x0F, 0xC0, 0x1F, 0x83, 0xF8, 0x00, 0x0F, 0xC1, 0xF8, 0x03, 0xF8, 0x7E, 0x00, 0x01, 0xF8,
    0x7E, 0x00, 0x3F, 0x0F, 0xC0, 0x00, 0x3F, 0x0F, 0xC0, 0x07, 0xE1, 0xF8, 0x00, 0x07, 0xF1, 0xF8,
    0x00, 0xFC, 0x7F, 0x00, 0x00, 0x7E, 0x3F, 0x00, 0x0F, 0xCF, 0xC0, 0x00, 0x0F, 0xCF, 0xC0, 0x01,
    0xF9, 0xF8, 0x00, 0x01, 0xF9, 0xF8, 0x00, 0x3F, 0x3F, 0x00, 0x00, 0x1F, 0x3F, 0x00, 0x07, 0xE7,
    0xE0, 0x00, 0x03, 0xF7, 0xC0, 0x00, 0x7D, 0xF8, 0x00, 0x00, 0x7F, 0xF8, 0x00, 0x0F, 0xFF, 0x00,
    0x00, 0x0F, 0xFF, 0x00, 0x01, 0xFF, 0xE0, 0x00, 0x00, 0xFF, 0xE0, 0x00, 0x3F, 0xF8, 0x00, 0x00,
    0x1F, 0xF8, 0x00, 0x03, 0xFF, 0x00, 0x00, 0x03, 0xFF, 0x00, 0x00, 0x7F, 0xE0, 0x00, 0x00, 0x7F,
    0xE0, 0x00, 0x0F, 0xFC, 0x00, 0x00, 0x07, 0xFC, 0x00, 0x00, 0xFF, 0x00, 0x00, 0x00, 0xFF, 0x00,
    0x00, 0x1F, 0xE0, 0x00, 0x00, 0x1F, 0xE0, 0x00, 0x03, 0xFC, 0x00, 0x00, 0x7F, 0x80, 0x00, 0x00,
    0xFE, 0x3F, 0x80, 0x00, 0x01, 0xFE, 0x3F, 0xC0, 0x00, 0x03, 0xFC, 0x1F, 0xE0, 0x00, 0x03, 0xF8,
    0x0F, 0xE0, 0x00, 0x07, 0xF0, 0x07, 0xF0, 0x00, 0x0F, 0xF0, 0x07, 0xF8, 0x00, 0x0F, 0xE0, 0x03,
    0xF8, 0x00, 0x1F, 0xC0, 0x01, 0xFC, 0x00, 0x3F, 0xC0, 0x01, 0xFE, 0x00, 0x3F, 0x80, 0x00, 0xFE,
    0x00, 0x7F, 0x00, 0x00, 0x7F, 0x00, 0xFF, 0x00, 0x00, 0x7F, 0x80, 0xFE, 0x00, 0x00, 0x3F, 0x81,
    0xFC, 0x00, 0x00, 0x1F, 0xC3, 0xF8, 0x00, 0x00, 0x1F, 0xE3, 0xF8, 0x00, 0x00, 0x0F, 0xE7, 0xF0,
    0x00, 0x00, 0x07, 0xFF, 0xE0, 0x00, 0x00, 0x07, 0xFF, 0xE0, 0x00, 0x00, 0x03, 0xFF, 0xC0, 0x00,
    0x00, 0x01, 0xFF, 0x80, 0x00, 0x00, 0x00, 0xFF, 0x80, 0x00, 0x00, 0x00, 0xFF, 0x00, 0x00, 0x00,
    0x00, 0xFF, 0x80, 0x00, 0x00, 0x01, 0xFF, 0x80, 0x00, 0x00, 0x03, 0xFF, 0xC0, 0x00, 0x00, 0x03,
    0xFF, 0xE0, 0x00, 0x00, 0x07, 0xFF, 0xE0, 0x00, 0x00, 0x0F, 0xE7, 0xF0, 0x00, 0x00, 0x0F, 0xE7,
    0xF8, 0x00, 0x00, 0x1F, 0xC3, 0xF8, 0x00, 0x00, 0x3F, 0xC1, 0xFC, 0x00, 0x00, 0x3F, 0x81, 0xFE,
    0x00, 0x00, 0x7F, 0x00, 0xFE, 0x00, 0x00, 0xFE, 0x00, 0x7F, 0x00, 0x01, 0xFE, 0x00, 0x7F, 0x80,
    0x01, 0xFC, 0x00, 0x3F, 0xC0, 0x03, 0xF8, 0x00, 0x1F, 0xC0, 0x07, 0xF8, 0x00, 0x1F, 0xE0, 0x07,
    0xF0, 0x00, 0x0F, 0xF0, 0x0F, 0xE0, 0x00, 0x07, 0xF0, 0x1F, 0xE0, 0x00, 0x07, 0xF8, 0x1F, 0xC0,
    0x00, 0x03, 0xFC, 0x3F, 0x80, 0x00, 0x01, 0xFC, 0x7F, 0x80, 0x00, 0x00, 0xFE, 0xFF, 0x00, 0x00,
    0x00, 0xFF, 0xFE, 0x00, 0x00, 0x00, 0x7F, 0x7F, 0x00, 0x00, 0x00, 0xFE, 0x7F, 0x80, 0x00, 0x01,
    0xFE, 0x3F, 0x80, 0x00, 0x01, 0xFC, 0x3F, 0xC0, 0x00, 0x03, 0xFC, 0x1F, 0xC0, 0x00, 0x07, 0xF8,
    0x0F, 0xE0, 0x00, 0x07, 0xF0, 0x0F, 0xF0, 0x00, 0x0F, 0xF0, 0x07, 0xF0, 0x00, 0x0F, 0xE0, 0x03,
    0xF8, 0x00, 0x1F, 0xC0, 0x03, 0xFC, 0x00, 0x3F, 0xC0, 0x01, 0xFC, 0x00, 0x3F, 0x80, 0x01, 0xFE,
    0x00, 0x7F, 0x80, 0x00, 0xFE, 0x00, 0x7F, 0x00, 0x00, 0x7F, 0x00, 0xFE, 0x00, 0x00, 0x7F, 0x81,
    0xFE, 0x00, 0x00, 0x3F, 0x81, 0xFC, 0x00, 0x00, 0x1F, 0xC3, 0xF8, 0x00, 0x00, 0x1F, 0xC3, 0xF8,
    0x00, 0x00, 0x0F, 0xE7, 0xF0, 0x00, 0x00, 0x0F, 0xE7, 0xF0, 0x00, 0x00, 0x07, 0xFF, 0xE0, 0x00,
    0x00, 0x03, 0xFF, 0xC0, 0x00, 0x00, 0x03, 0xFF, 0xC0, 0x00, 0x00, 0x01, 0xFF, 0x80, 0x00, 0x00,
    0x00, 0xFF, 0x00, 0x00, 0x00, 0x00, 0xFF, 0x00, 0x00, 0x00, 0x00, 0x7E, 0x00, 0x00, 0x00, 0x00,
    0x7E, 0x00, 0x00, 0x00, 0x00, 0x7E, 0x00, 0x00, 0x00, 0x00, 0x7E, 0x00, 0x00, 0x00, 0x00, 0x7E,
    0x00, 0x00, 0x00, 0x00, 0x7E, 0x00, 0x00, 0x00, 0x00, 0x7E, 0x00, 0x00, 0x00, 0x00, 0x7E, 0x00,
    0x00, 0x00, 0x00, 0x7E, 0x00, 0x00, 0x00, 0x00, 0x7E, 0x00, 0x00, 0x00, 0x00, 0x7E, 0x00, 0x00,
    0x00, 0x00, 0x7E, 0x00, 0x00, 0x00, 0x00, 0x7E, 0x00, 0x00, 0x00, 0x00, 0x7E, 0x00, 0x00, 0x00,
    0x00, 0x7E, 0x00, 0x00, 0x00, 0x00, 0x7E, 0x00, 0x00, 0x00, 0x00, 0x7E, 0x00, 0x00, 0x00, 0x00,
    0x7E, 0x00, 0x00, 0x00, 0x00, 0x7E, 0x00, 0x00, 0xFF, 0xFF, 0xFF, 0xFF, 0xFF, 0xFF, 0xFF, 0xFF,
    0xFF, 0xFF, 0xFF, 0xFF, 0xFF, 0xFF, 0xFF, 0xFF, 0xFF, 0xFF, 0xFF, 0xFF, 0xFF, 0xFF, 0xFF, 0xFF,
    0xF8, 0x00, 0x00, 0x01, 0xFC, 0x00, 0x00, 0x01, 0xFC, 0x00, 0x00, 0x01, 0xFC, 0x00, 0x00, 0x00,
    0xFE, 0x00, 0x00, 0x00, 0xFE, 0x00, 0x00, 0x00, 0xFE, 0x00, 0x00, 0x00, 0xFF, 0x00, 0x00, 0x00,
    0x7F, 0x00, 0x00, 0x00, 0x7F, 0x00, 0x00, 0x00, 0x7F, 0x80, 0x00, 0x00, 0x3F, 0x80, 0x00, 0x00,
    0x3F, 0x80, 0x00, 0x00, 0x3F, 0x80, 0x00, 0x00, 0x1F, 0xC0, 0x00, 0x00, 0x1F, 0xC0, 0x00, 0x00,
    0x1F, 0xC0, 0x00, 0x00, 0x1F, 0xE0, 0x00, 0x00, 0x0F, 0xE0, 0x00, 0x00, 0x0F, 0xE0, 0x00, 0x00,
    0x0F, 0xF0, 0x00, 0x00, 0x07, 0xF0, 0x00, 0x00, 0x07, 0xF0, 0x00, 0x00, 0x07, 0xF0, 0x00, 0x00,
    0x03, 0xF8, 0x00, 0x00, 0x03, 0xF8, 0x00, 0x00, 0x03, 0xF8, 0x00, 0x00, 0x01, 0xFC, 0x00, 0x00,
    0x01, 0xFC, 0x00, 0x00, 0x01, 0xFC, 0x00, 0x00, 0x01, 0xFE, 0x00, 0x00, 0x00, 0xFE, 0x00, 0x00,
    0x00, 0xFE, 0x00, 0x00, 0x00, 0xFE, 0x00, 0x00, 0x00, 0x7F, 0x00, 0x00, 0x00, 0x7F, 0x00, 0x00,
    0x00, 0x7F, 0xFF, 0xFF, 0xFF, 0xFF, 0xFF, 0xFF, 0xFF, 0xFF, 0xFF, 0xFF, 0xFF, 0xFF, 0xFF, 0xFF,
    0xFF, 0xFF, 0xFF, 0xFF, 0xFF, 0xFC, 0x7F, 0xF7, 0xFF, 0xFF, 0xFF, 0xFF, 0xFF, 0xFF, 0xFF, 0xFF,
    0xF0, 0x1F, 0x80, 0xFC, 0x07, 0xE0, 0x3F, 0x01, 0xF8, 0x0F, 0xC0, 0x7E, 0x03, 0xF0, 0x1F, 0x80,
    0xFC, 0x07, 0xE0, 0x3F, 0x01, 0xF8, 0x0F, 0xC0, 0x7E, 0x03, 0xF0, 0x1F, 0x80, 0xFC, 0x07, 0xE0,
    0x3F, 0x01, 0xF8, 0x0F, 0xC0, 0x7E, 0x03, 0xF0, 0x1F, 0x80, 0xFC, 0x07, 0xE0, 0x3F, 0x01, 0xF8,
    0x0F, 0xC0, 0x7E, 0x03, 0xF0, 0x1F, 0x80, 0xFC, 0x07, 0xE0, 0x3F, 0x01, 0xF8, 0x0F, 0xC0, 0x7E,
    0x03, 0xF0, 0x1F, 0x80, 0xFC, 0x07, 0xE0, 0x3F, 0x01, 0xF8, 0x0F, 0xC0, 0x7F, 0xFF, 0xFF, 0xFF,
    0xFF, 0xFF, 0xFF, 0xFF, 0xC0, 0xFC, 0x00, 0x0F, 0xC0, 0x00, 0xFC, 0x00, 0x07, 0xC0, 0x00, 0x7E,
    0x00, 0x07, 0xE0, 0x00, 0x7E, 0x00, 0x03, 0xE0, 0x00, 0x3F, 0x00, 0x03, 0xF0, 0x00, 0x1F, 0x00,
    0x01, 0xF8, 0x00, 0x1F, 0x80, 0x01, 0xF8, 0x00, 0x0F, 0x80, 0x00, 0xFC, 0x00, 0x0F, 0xC0, 0x00,
    0xFC, 0x00, 0x07, 0xC0, 0x00, 0x7E, 0x00, 0x07, 0xE0, 0x00, 0x7E, 0x00, 0x03, 0xF0, 0x00, 0x3F,
    0x00, 0x03, 0xF0, 0x00, 0x1F, 0x00, 0x01, 0xF8, 0x00, 0x1F, 0x80, 0x01, 0xF8, 0x00, 0x0F, 0x80,
    0x00, 0xFC, 0x00, 0x0F, 0xC0, 0x00, 0xFC, 0x00, 0x07, 0xC0, 0x00, 0x7E, 0x00, 0x07, 0xE0, 0x00,
    0x3E, 0x00, 0x03, 0xF0, 0x00, 0x3F, 0x00, 0x03, 0xF0, 0x00, 0x1F, 0x00, 0x01, 0xF8, 0x00, 0x1F,
    0x80, 0x01, 0xF8, 0x00, 0x0F, 0x80, 0x00, 0xFC, 0x00, 0x0F, 0xC0, 0x00, 0xFC, 0x00, 0x07, 0xE0,
    0x00, 0x7E, 0x00, 0x07, 0xE0, 0x00, 0x3E, 0x00, 0x03, 0xF0, 0x00, 0x3F, 0x00, 0x03, 0xF0, 0x7F,
    0xF7, 0xFF, 0xFF, 0xFF, 0xFF, 0xFF, 0xFF, 0xFF, 0xFC, 0x07, 0xE0, 0x3F, 0x01, 0xF8, 0x0F, 0xC0,
    0x7E, 0x03, 0xF0, 0x1F, 0x80, 0xFC, 0x07, 0xE0, 0x3F, 0x01, 0xF8, 0x0F, 0xC0, 0x7E, 0x03, 0xF0,
    0x1F, 0x80, 0xFC, 0x07, 0xE0, 0x3F, 0x01, 0xF8, 0x0F, 0xC0, 0x7E, 0x03, 0xF0, 0x1F, 0x80, 0xFC,
    0x07, 0xE0, 0x3F, 0x01, 0xF8, 0x0F, 0xC0, 0x7E, 0x03, 0xF0, 0x1F, 0x80, 0xFC, 0x07, 0xE0, 0x3F,
    0x01, 0xF8, 0x0F, 0xC0, 0x7E, 0x03, 0xF0, 0x1F, 0x80, 0xFC, 0x07, 0xE0, 0x3F, 0x01, 0xF8, 0x0F,
    0xC0, 0x7E, 0x03, 0xF0, 0x1F, 0xFF, 0xFF, 0xFF, 0xFF, 0xFF, 0xFF, 0xFF, 0xFF, 0xC0, 0x00, 0x00,
    0x00, 0x00, 0x3F, 0x80, 0x00, 0x3F, 0xE0, 0x00, 0x1F, 0xF0, 0x00, 0x1F, 0xFC, 0x00, 0x0F, 0xFE,
    0x00, 0x0F, 0xDF, 0x80, 0x07, 0xEF, 0xC0, 0x07, 0xE3, 0xF0, 0x03, 0xF1, 0xF8, 0x01, 0xF8, 0xFC,
    0x01, 0xF8, 0x3F, 0x00, 0xFC, 0x1F, 0x80, 0xFC, 0x07, 0xE0, 0x7E, 0x03, 0xF0, 0x7E, 0x00, 0xFC,
    0x3F, 0x00, 0x7E, 0x3F, 0x00, 0x1F, 0x9F, 0x80, 0x0F, 0xDF, 0x80, 0x03, 0xF7, 0x80, 0x00, 0xF0,
    0xFF, 0xFF, 0xFF, 0xFF, 0xFF, 0xFF, 0xFF, 0xFF, 0xFF, 0xFF, 0xFF, 0xFF, 0xFF, 0xFF, 0xFF, 0xFF,
    0xFF, 0xFF, 0x80, 0x00, 0x00, 0x00, 0x00, 0x1F, 0xC1, 0xF8, 0x3F, 0x83, 0xF0, 0x3F, 0x07, 0xE0,
    0x7E, 0x07, 0xC0, 0xFC, 0x00, 0x03, 0x80, 0x00, 0x07, 0xFF, 0x80, 0x01, 0xFF, 0xFE, 0x00, 0x7F,
    0xFF, 0xF8, 0x0F, 0xFF, 0xFF, 0xC1, 0xFF, 0xFF, 0xFC, 0x1F, 0xF0, 0x1F, 0xE3, 0xFC, 0x00, 0xFE,
    0x3F, 0x80, 0x07, 0xF7, 0xF0, 0x00, 0x3F, 0x0E, 0x00, 0x03, 0xF0, 0x00, 0x00, 0x3F, 0x00, 0x00,
    0x03, 0xF0, 0x00, 0x00, 0x3F, 0x00, 0x00, 0x3F, 0xF0, 0x01, 0xFF, 0xFF, 0x01, 0xFF, 0xFF, 0xF0,
    0x7F, 0xFF, 0xFF, 0x1F, 0xFF, 0xFF, 0xF3, 0xFF, 0xFF, 0x3F, 0x3F, 0xF8, 0x03, 0xF7, 0xF8, 0x00,
    0x3F, 0x7F, 0x00, 0x03, 0xFF, 0xE0, 0x00, 0x3F, 0xFE, 0x00, 0x03, 0xFF, 0xE0, 0x00, 0x3F, 0xFE,
    0x00, 0x07, 0xFF, 0xE0, 0x00, 0xFF, 0x7E, 0x00, 0x1F, 0xF7, 0xF8, 0x03, 0xFF, 0x7F, 0xF3, 0xFF,
    0xF3, 0xFF, 0xFF, 0xFF, 0x1F, 0xFF, 0xFB, 0xF0, 0xFF, 0xFF, 0x3F, 0x07, 0xFF, 0xE3, 0xF0, 0x0F,
    0xF0, 0x00, 0xFC, 0x00, 0x00, 0x01, 0xF8, 0x00, 0x00, 0x03, 0xF0, 0x00, 0x00, 0x07, 0xE0, 0x00,
    0x00, 0x0F, 0xC0, 0x00, 0x00, 0x1F, 0x80, 0x00, 0x00, 0x3F, 0x00, 0x00, 0x00, 0x7E, 0x00, 0x00,
    0x00, 0xFC, 0x00, 0x00, 0x01, 0xF8, 0x00, 0x00, 0x03, 0xF0, 0x00, 0x00, 0x07, 0xE0, 0x0E, 0x00,
    0x0F, 0xC1, 0xFF, 0xC0, 0x1F, 0x8F, 0xFF, 0xE0, 0x3F, 0x3F, 0xFF, 0xE0, 0x7E, 0xFF, 0xFF, 0xE0,
    0xFD, 0xFF, 0xFF, 0xE1, 0xFF, 0xE0, 0x7F, 0xE3, 0xFF, 0x80, 0x3F, 0xC7, 0xFC, 0x00, 0x1F, 0xCF,
    0xF8, 0x00, 0x3F, 0x9F, 0xE0, 0x00, 0x3F, 0xBF, 0x80, 0x00, 0x3F, 0x7F, 0x00, 0x00, 0x7E, 0xFE,
    0x00, 0x00, 0xFF, 0xFC, 0x00, 0x01, 0xFF, 0xF0, 0x00, 0x01, 0xFF, 0xE0, 0x00, 0x03, 0xFF, 0xC0,
    0x00, 0x07, 0xFF, 0x80, 0x00, 0x0F, 0xFF, 0x00, 0x00, 0x1F, 0xFE, 0x00, 0x00, 0x3F, 0xFE, 0x00,
    0x00, 0x7F, 0xFC, 0x00, 0x01, 0xFF, 0xF8, 0x00, 0x03, 0xFF, 0xF0, 0x00, 0x07, 0xEF, 0xF0, 0x00,
    0x1F, 0xDF, 0xE0, 0x00, 0x3F, 0xBF, 0xE0, 0x00, 0xFE, 0x7F, 0xE0, 0x03, 0xFC, 0xFF, 0xE0, 0x0F,
    0xF1, 0xFF, 0xFF, 0xFF, 0xC3, 0xF7, 0xFF, 0xFF, 0x87, 0xE7, 0xFF, 0xFE, 0x0F, 0xC7, 0xFF, 0xF8,
    0x1F, 0x87, 0xFF, 0xC0, 0x00, 0x03, 0xFC, 0x00, 0x00, 0x00, 0x01, 0xC0, 0x00, 0x00, 0x3F, 0xF8,
    0x00, 0x03, 0xFF, 0xFC, 0x00, 0x0F, 0xFF, 0xFE, 0x00, 0x3F, 0xFF, 0xFE, 0x00, 0xFF, 0xFF, 0xFE,
    0x03, 0xFE, 0x07, 0xFE, 0x0F, 0xF0, 0x03, 0xFC, 0x1F, 0xC0, 0x01, 0xFC, 0x7F, 0x00, 0x03, 0xF8,
    0xFE, 0x00, 0x03, 0xF1, 0xF8, 0x00, 0x07, 0x87, 0xF0, 0x00, 0x00, 0x0F, 0xC0, 0x00, 0x00, 0x1F,
    0x80, 0x00, 0x00, 0x3F, 0x00, 0x00, 0x00, 0x7E, 0x00, 0x00, 0x00, 0xFC, 0x00, 0x00, 0x01, 0xF8,
    0x00, 0x00, 0x03, 0xF0, 0x00, 0x00, 0x07, 0xE0, 0x00, 0x00, 0x0F, 0xC0, 0x00, 0x00, 0x1F, 0x80,
    0x00, 0x00, 0x3F, 0x80, 0x00, 0x00, 0x7F, 0x00, 0x00, 0x60, 0x7E, 0x00, 0x01, 0xF8, 0xFE, 0x00,
    0x03, 0xF0, 0xFE, 0x00, 0x0F, 0xE1, 0xFE, 0x00, 0x3F, 0xC1, 0xFE, 0x00, 0xFF, 0x03, 0xFF, 0xFF,
    0xFC, 0x03, 0xFF, 0xFF, 0xF0, 0x03, 0xFF, 0xFF, 0xC0, 0x01, 0xFF, 0xFF, 0x00, 0x01, 0xFF, 0xF8,
    0x00, 0x00, 0x7F, 0xC0, 0x00, 0x00, 0x00, 0x00, 0x7E, 0x00, 0x00, 0x00, 0x7E, 0x00, 0x00, 0x00,
    0x7E, 0x00, 0x00, 0x00, 0x7E, 0x00, 0x00, 0x00, 0x7E, 0x00, 0x00, 0x00, 0x7E, 0x00, 0x00, 0x00,
    0x7E, 0x00, 0x00, 0x00, 0x7E, 0x00, 0x00, 0x00, 0x7E, 0x00, 0x00, 0x00, 0x7E, 0x00, 0x00, 0x00,
    0x7E, 0x00, 0x03, 0x80, 0x7E, 0x00, 0x3F, 0xF0, 0x7E, 0x00, 0xFF, 0xFC, 0x7E, 0x01, 0xFF, 0xFE,
    0x7E, 0x07, 0xFF, 0xFF, 0x7E, 0x07, 0xFF, 0xFF, 0xFE, 0x0F, 0xF8, 0x1F, 0xFE, 0x1F, 0xE0, 0x07,
    0xFE, 0x1F, 0xC0, 0x03, 0xFE, 0x3F, 0x80, 0x01, 0xFE, 0x3F, 0x80, 0x00, 0xFE, 0x7F, 0x00, 0x00,
    0xFE, 0x7F, 0x00, 0x00, 0x7E, 0x7E, 0x00, 0x00, 0x7E, 0x7E, 0x00, 0x00, 0x7E, 0x7E, 0x00, 0x00,
    0x7E, 0x7E, 0x00, 0x00, 0x7E, 0x7E, 0x00, 0x00, 0x7E, 0x7E, 0x00, 0x00, 0x7E, 0x7E, 0x00, 0x00,
    0x7E, 0x7E, 0x00, 0x00, 0x7E, 0x7E, 0x00, 0x00, 0x7E, 0x7E, 0x00, 0x00, 0x7E, 0x7F, 0x00, 0x00,
    0x7E, 0x7F, 0x00, 0x00, 0xFE, 0x3F, 0x00, 0x00, 0xFE, 0x3F, 0x80, 0x01, 0xFE, 0x3F, 0xC0, 0x01,
    0xFE, 0x1F, 0xE0, 0x03, 0xFE, 0x1F, 0xF0, 0x0F, 0xFE, 0x0F, 0xFF, 0xFF, 0xFE, 0x07, 0xFF, 0xFF,
    0xFE, 0x03, 0xFF, 0xFF, 0x7E, 0x01, 0xFF, 0xFE, 0x7E, 0x00, 0x7F, 0xF8, 0x7E, 0x00, 0x1F, 0xE0,
    0x00, 0x00, 0x01, 0x80, 0x00, 0x00, 0x7F, 0xF8, 0x00, 0x03, 0xFF, 0xFC, 0x00, 0x0F, 0xFF, 0xFC,
    0x00, 0x3F, 0xFF, 0xFE, 0x00, 0xFF, 0xFF, 0xFE, 0x03, 0xFE, 0x07, 0xFC, 0x0F, 0xF0, 0x03, 0xFC,
    0x1F, 0xC0, 0x03, 0xF8, 0x7F, 0x00, 0x03, 0xF8, 0xFC, 0x00, 0x03, 0xF1, 0xF8, 0x00, 0x07, 0xF7,
    0xE0, 0x00, 0x07, 0xEF, 0xC0, 0x00, 0x0F, 0xDF, 0x80, 0x00, 0x1F, 0xBF, 0xFF, 0xFF, 0xFF, 0x7F,
    0xFF, 0xFF, 0xFE, 0xFF, 0xFF, 0xFF, 0xFD, 0xFF, 0xFF, 0xFF, 0xFB, 0xFF, 0xFF, 0xFF, 0xF7, 0xE0,
    0x00, 0x00, 0x0F, 0xC0, 0x00, 0x00, 0x1F, 0x80, 0x00, 0x00, 0x3F, 0x00, 0x00, 0x00, 0x7F, 0x00,
    0x00, 0x00, 0x7E, 0x00, 0x00, 0xC0, 0xFE, 0x00, 0x03, 0xF1, 0xFC, 0x00, 0x07, 0xF1, 0xFC, 0x00,
    0x1F, 0xC1, 0xFE, 0x00, 0xFF, 0x83, 0xFF, 0xFF, 0xFE, 0x03, 0xFF, 0xFF, 0xF8, 0x03, 0xFF, 0xFF,
    0xE0, 0x01, 0xFF, 0xFF, 0x80, 0x01, 0xFF, 0xFC, 0x00, 0x00, 0x7F, 0xC0, 0x00, 0x00, 0x00, 0x00,
    0x00, 0x3F, 0xE0, 0x03, 0xFF, 0x80, 0x1F, 0xFE, 0x00, 0xFF, 0xF8, 0x03, 0xFF, 0xE0, 0x1F, 0xE0,
    0x00, 0x7F, 0x00, 0x01, 0xF8, 0x00, 0x07, 0xE0, 0x00, 0x1F, 0x80, 0x00, 0x7E, 0x00, 0x01, 0xF8,
    0x00, 0x07, 0xE0, 0x0F, 0xFF, 0xFF, 0x3F, 0xFF, 0xFC, 0xFF, 0xFF, 0xF3, 0xFF, 0xFF, 0xCF, 0xFF,
    0xFF, 0x00, 0x7E, 0x00, 0x01, 0xF8, 0x00, 0x07, 0xE0, 0x00, 0x1F, 0x80, 0x00, 0x7E, 0x00, 0x01,
    0xF8, 0x00, 0x07, 0xE0, 0x00, 0x1F, 0x80, 0x00, 0x7E, 0x00, 0x01, 0xF8, 0x00, 0x07, 0xE0, 0x00,
    0x1F, 0x80, 0x00, 0x7E, 0x00, 0x01, 0xF8, 0x00, 0x07, 0xE0, 0x00, 0x1F, 0x80, 0x00, 0x7E, 0x00,
    0x01, 0xF8, 0x00, 0x07, 0xE0, 0x00, 0x1F, 0x80, 0x00, 0x7E, 0x00, 0x01, 0xF8, 0x00, 0x07, 0xE0,
    0x00, 0x1F, 0x80, 0x00, 0x7E, 0x00, 0x01, 0xF8, 0x00, 0x07, 0xE0, 0x00, 0x1F, 0x80, 0x00, 0x7E,
    0x00, 0x00, 0x03, 0x80, 0x00, 0x00, 0x3F, 0xF8, 0x7E, 0x00, 0xFF, 0xFC, 0x7E, 0x01, 0xFF, 0xFE,
    0x7E, 0x07, 0xFF, 0xFF, 0x7E, 0x07, 0xFF, 0xFF, 0xFE, 0x0F, 0xF8, 0x1F, 0xFE, 0x1F, 0xE0, 0x07,
    0xFE, 0x1F, 0xC0, 0x03, 0xFE, 0x3F, 0x80, 0x01, 0xFE, 0x3F, 0x80, 0x00, 0xFE, 0x7F, 0x00, 0x00,
    0xFE, 0x7F, 0x00, 0x00, 0x7E, 0x7E, 0x00, 0x00, 0x7E, 0x7E, 0x00, 0x00, 0x7E, 0x7E, 0x00, 0x00,
    0x7E, 0x7E, 0x00, 0x00, 0x7E, 0x7E, 0x00, 0x00, 0x7E, 0x7E, 0x00, 0x00, 0x7E, 0x7E, 0x00, 0x00,
    0x7E, 0x7E, 0x00, 0x00, 0x7E, 0x7E, 0x00, 0x00, 0x7E, 0x7E, 0x00, 0x00, 0x7E, 0x7F, 0x00, 0x00,
    0x7E, 0x7F, 0x00, 0x00, 0xFE, 0x3F, 0x80, 0x00, 0xFE, 0x3F, 0x80, 0x01, 0xFE, 0x1F, 0xC0, 0x03,
    0xFE, 0x1F, 0xF0, 0x07, 0xFE, 0x0F, 0xFF, 0xFF, 0xFE, 0x07, 0xFF, 0xFF, 0xFE, 0x03, 0xFF, 0xFF,
    0x7E, 0x01, 0xFF, 0xFE, 0x7E, 0x00, 0x7F, 0xF8, 0x7E, 0x00, 0x1F, 0xE0, 0x7E, 0x00, 0x00, 0x00,
    0x7E, 0x00, 0x00, 0x00, 0x7E, 0x00, 0x00, 0x00, 0x7E, 0x02, 0x00, 0x00, 0x7E, 0x0F, 0x00, 0x00,
    0xFE, 0x3F, 0x80, 0x00, 0xFE, 0x3F, 0xC0, 0x01, 0xFC, 0x1F, 0xF0, 0x07, 0xFC, 0x0F, 0xFF, 0xFF,
    0xF8, 0x0F, 0xFF, 0xFF, 0xF0, 0x03, 0xFF, 0xFF, 0xE0, 0x01, 0xFF, 0xFF, 0xC0, 0x00, 0x7F, 0xFF,
    0x00, 0x00, 0x07, 0xF0, 0x00, 0xFC, 0x00, 0x00, 0x0F, 0xC0, 0x00, 0x00, 0xFC, 0x00, 0x00, 0x0F,
    0xC0, 0x00, 0x00, 0xFC, 0x00, 0x00, 0x0F, 0xC0, 0x00, 0x00, 0xFC, 0x00, 0x00, 0x0F, 0xC0, 0x00,
    0x00, 0xFC, 0x00, 0x00, 0x0F, 0xC0, 0x00, 0x00, 0xFC, 0x00, 0x00, 0x0F, 0xC0, 0x18, 0x00, 0xFC,
    0x1F, 0xF8, 0x0F, 0xC7, 0xFF, 0xE0, 0xFC, 0xFF, 0xFF, 0x0F, 0xDF, 0xFF, 0xF8, 0xFF, 0xFF, 0xFF,
    0xCF, 0xFF, 0x07, 0xFE, 0xFF, 0xC0, 0x1F, 0xEF, 0xF8, 0x00, 0xFE, 0xFF, 0x00, 0x07, 0xFF, 0xE0,
    0x00, 0x7F, 0xFE, 0x00, 0x03, 0xFF, 0xE0, 0x00, 0x3F, 0xFC, 0x00, 0x03, 0xFF, 0xC0, 0x00, 0x3F,
    0xFC, 0x00, 0x03, 0xFF, 0xC0, 0x00, 0x3F, 0xFC, 0x00, 0x03, 0xFF, 0xC0, 0x00, 0x3F, 0xFC, 0x00,
    0x03, 0xFF, 0xC0, 0x00, 0x3F, 0xFC, 0x00, 0x03, 0xFF, 0xC0, 0x00, 0x3F, 0xFC, 0x00, 0x03, 0xFF,
    0xC0, 0x00, 0x3F, 0xFC, 0x00, 0x03, 0xFF, 0xC0, 0x00, 0x3F, 0xFC, 0x00, 0x03, 0xFF, 0xC0, 0x00,
    0x3F, 0xFC, 0x00, 0x03, 0xFF, 0xC0, 0x00, 0x3F, 0xFC, 0x00, 0x03, 0xFF, 0xC0, 0x00, 0x3F, 0xFC,
    0x00, 0x03, 0xFF, 0xC0, 0x00, 0x3F, 0x3C, 0x3F, 0xBF, 0xDF, 0xEF, 0xF3, 0xF9, 0xF8, 0x78, 0x00,
    0x00, 0x00, 0x00, 0x00, 0x03, 0xF1, 0xF8, 0xFC, 0x7E, 0x3F, 0x1F, 0x8F, 0xC7, 0xE3, 0xF1, 0xF8,
    0xFC, 0x7E, 0x3F, 0x1F, 0x8F, 0xC7, 0xE3, 0xF1, 0xF8, 0xFC, 0x7E, 0x3F, 0x1F, 0x8F, 0xC7, 0xE3,
    0xF1, 0xF8, 0xFC, 0x7E, 0x3F, 0x1F, 0x8F, 0xC7, 0xE3, 0xF1, 0xF8, 0x03, 0xC0, 0x3F, 0x83, 0xFC,
    0x1F, 0xE0, 0xFF, 0x03, 0xF8, 0x1F, 0x80, 0x78, 0x00, 0x00, 0x00, 0x00, 0x00, 0x00, 0x00, 0x00,
    0x03, 0xF0, 0x1F, 0x80, 0xFC, 0x07, 0xE0, 0x3F, 0x01, 0xF8, 0x0F, 0xC0, 0x7E, 0x03, 0xF0, 0x1F,
    0x80, 0xFC, 0x07, 0xE0, 0x3F, 0x01, 0xF8, 0x0F, 0xC0, 0x7E, 0x03, 0xF0, 0x1F, 0x80, 0xFC, 0x07,
    0xE0, 0x3F, 0x01, 0xF8, 0x0F, 0xC0, 0x7E, 0x03, 0xF0, 0x1F, 0x80, 0xFC, 0x07, 0xE0, 0x3F, 0x01,
    0xF8, 0x0F, 0xC0, 0x7E, 0x03, 0xF0, 0x1F, 0x80, 0xFC, 0x07, 0xE0, 0x3F, 0x01, 0xF8, 0x0F, 0xC0,
    0x7E, 0x07, 0xF3, 0xFF, 0x9F, 0xF8, 0xFF, 0xC7, 0xFC, 0x3F, 0x81, 0xF0, 0x00, 0xFC, 0x00, 0x00,
    0x03, 0xF0, 0x00, 0x00, 0x0F, 0xC0, 0x00, 0x00, 0x3F, 0x00, 0x00, 0x00, 0xFC, 0x00, 0x00, 0x03,
    0xF0, 0x00, 0x00, 0x0F, 0xC0, 0x00, 0x00, 0x3F, 0x00, 0x00, 0x00, 0xFC, 0x00, 0x00, 0x03, 0xF0,
    0x00, 0x00, 0x0F, 0xC0, 0x00, 0x00, 0x3F, 0x00, 0x00, 0x00, 0xFC, 0x00, 0x07, 0xF3, 0xF0, 0x00,
    0x3F, 0x8F, 0xC0, 0x01, 0xFC, 0x3F, 0x00, 0x0F, 0xE0, 0xFC, 0x00, 0x7F, 0x03, 0xF0, 0x03, 0xF8,
    0x0F, 0xC0, 0x1F, 0xC0, 0x3F, 0x00, 0xFE, 0x00, 0xFC, 0x07, 0xF0, 0x03, 0xF0, 0x3F, 0x80, 0x0F,
    0xC1, 0xFC, 0x00, 0x3F, 0x0F, 0xE0, 0x00, 0xFC, 0x7F, 0x80, 0x03, 0xF3, 0xFC, 0x00, 0x0F, 0xDF,
    0xE0, 0x00, 0x3F, 0xFF, 0x80, 0x00, 0xFF, 0xFF, 0x00, 0x03, 0xFF, 0xFC, 0x00, 0x0F, 0xFF, 0xF8,
    0x00, 0x3F, 0xEF, 0xF0, 0x00, 0xFF, 0x1F, 0xE0, 0x03, 0xF8, 0x3F, 0xC0, 0x0F, 0xC0, 0x7F, 0x00,
    0x3F, 0x01, 0xFE, 0x00, 0xFC, 0x03, 0xFC, 0x03, 0xF0, 0x07, 0xF8, 0x0F, 0xC0, 0x0F, 0xF0, 0x3F,
    0x00, 0x1F, 0xC0, 0xFC, 0x00, 0x7F, 0x83, 0xF0, 0x00, 0xFF, 0x0F, 0xC0, 0x01, 0xFE, 0x3F, 0x00,
    0x03, 0xFC, 0xFC, 0x00, 0x07, 0xF3, 0xF0, 0x00, 0x1F, 0xE0, 0xFD, 0xFB, 0xF7, 0xEF, 0xDF, 0xBF,
    0x7E, 0xFD, 0xFB, 0xF7, 0xEF, 0xDF, 0xBF, 0x7E, 0xFD, 0xFB, 0xF7, 0xEF, 0xDF, 0xBF, 0x7E, 0xFD,
    0xFB, 0xF7, 0xEF, 0xDF, 0xBF, 0x7E, 0xFD, 0xFB, 0xF7, 0xEF, 0xDF, 0xBF, 0x7E, 0xFD, 0xFB, 0xF7,
    0xEF, 0xDF, 0x80, 0x00, 0x03, 0x80, 0x00, 0x78, 0x03, 0xF0, 0x7F, 0xC0, 0x1F, 0xFC, 0x0F, 0xC7,
    0xFF, 0xC0, 0xFF, 0xFC, 0x3F, 0x3F, 0xFF, 0x87, 0xFF, 0xF8, 0xFD, 0xFF, 0xFE, 0x3F, 0xFF, 0xF3,
    0xFF, 0xFF, 0xFD, 0xFF, 0xFF, 0xCF, 0xFE, 0x0F, 0xFF, 0xC0, 0xFF, 0xBF, 0xE0, 0x0F, 0xFE, 0x00,
    0xFE, 0xFF, 0x00, 0x1F, 0xF0, 0x01, 0xFF, 0xF8, 0x00, 0x3F, 0x80, 0x07, 0xFF, 0xE0, 0x00, 0xFE,
    0x00, 0x0F, 0xFF, 0x80, 0x03, 0xF0, 0x00, 0x3F, 0xFE, 0x00, 0x0F, 0xC0, 0x00, 0xFF, 0xF0, 0x00,
    0x3F, 0x00, 0x03, 0xFF, 0xC0, 0x00, 0xFC, 0x00, 0x0F, 0xFF, 0x00, 0x03, 0xF0, 0x00, 0x3F, 0xFC,
    0x00, 0x0F, 0xC0, 0x00, 0xFF, 0xF0, 0x00, 0x3F, 0x00, 0x03, 0xFF, 0xC0, 0x00, 0xFC, 0x00, 0x0F,
    0xFF, 0x00, 0x03, 0xF0, 0x00, 0x3F, 0xFC, 0x00, 0x0F, 0xC0, 0x00, 0xFF, 0xF0, 0x00, 0x3F, 0x00,
    0x03, 0xFF, 0xC0, 0x00, 0xFC, 0x00, 0x0F, 0xFF, 0x00, 0x03, 0xF0, 0x00, 0x3F, 0xFC, 0x00, 0x0F,
    0xC0, 0x00, 0xFF, 0xF0, 0x00, 0x3F, 0x00, 0x03, 0xFF, 0xC0, 0x00, 0xFC, 0x00, 0x0F, 0xFF, 0x00,
    0x03, 0xF0, 0x00, 0x3F, 0xFC, 0x00, 0x0F, 0xC0, 0x00, 0xFF, 0xF0, 0x00, 0x3F, 0x00, 0x03, 0xFF,
    0xC0, 0x00, 0xFC, 0x00, 0x0F, 0xFF, 0x00, 0x03, 0xF0, 0x00, 0x3F, 0xFC, 0x00, 0x0F, 0xC0, 0x00,
    0xFF, 0xF0, 0x00, 0x3F, 0x00, 0x03, 0xFF, 0xC0, 0x00, 0xFC, 0x00, 0x0F, 0xC0, 0x00, 0x01, 0x80,
    0x0F, 0xC1, 0xFF, 0x80, 0xFC, 0x7F, 0xFE, 0x0F, 0xCF, 0xFF, 0xF0, 0xFD, 0xFF, 0xFF, 0x8F, 0xFF,
    0xFF, 0xFC, 0xFF, 0xF0, 0x7F, 0xEF, 0xFC, 0x01, 0xFE, 0xFF, 0x80, 0x0F, 0xEF, 0xF0, 0x00, 0x7F,
    0xFE, 0x00, 0x07, 0xFF, 0xE0, 0x00, 0x3F, 0xFE, 0x00, 0x03, 0xFF, 0xC0, 0x00, 0x3F, 0xFC, 0x00,
    0x03, 0xFF, 0xC0, 0x00, 0x3F, 0xFC, 0x00, 0x03, 0xFF, 0xC0, 0x00, 0x3F, 0xFC, 0x00, 0x03, 0xFF,
    0xC0, 0x00, 0x3F, 0xFC, 0x00, 0x03, 0xFF, 0xC0, 0x00, 0x3F, 0xFC, 0x00, 0x03, 0xFF, 0xC0, 0x00,
    0x3F, 0xFC, 0x00, 0x03, 0xFF, 0xC0, 0x00, 0x3F, 0xFC, 0x00, 0x03, 0xFF, 0xC0, 0x00, 0x3F, 0xFC,
    0x00, 0x03, 0xFF, 0xC0, 0x00, 0x3F, 0xFC, 0x00, 0x03, 0xFF, 0xC0, 0x00, 0x3F, 0xFC, 0x00, 0x03,
    0xFF, 0xC0, 0x00, 0x3F, 0xFC, 0x00, 0x03, 0xF0, 0x00, 0x01, 0xC0, 0x00, 0x00, 0x1F, 0xFC, 0x00,
    0x00, 0xFF, 0xFF, 0x00, 0x01, 0xFF, 0xFF, 0xC0, 0x03, 0xFF, 0xFF, 0xE0, 0x07, 0xFF, 0xFF, 0xF0,
    0x0F, 0xF8, 0x1F, 0xF8, 0x1F, 0xE0, 0x07, 0xF8, 0x1F, 0xC0, 0x01, 0xFC, 0x3F, 0x80, 0x01, 0xFC,
    0x3F, 0x80, 0x00, 0xFE, 0x3F, 0x00, 0x00, 0x7E, 0x7F, 0x00, 0x00, 0x7E, 0x7E, 0x00, 0x00, 0x7F,
    0x7E, 0x00, 0x00, 0x3F, 0x7E, 0x00, 0x00, 0x3F, 0x7E, 0x00, 0x00, 0x3F, 0x7E, 0x00, 0x00, 0x3F,
    0x7E, 0x00, 0x00, 0x3F, 0x7E, 0x00, 0x00, 0x3F, 0x7E, 0x00, 0x00, 0x3F, 0x7E, 0x00, 0x00, 0x3F,
    0x7E, 0x00, 0x00, 0x7F, 0x7F, 0x00, 0x00, 0x7F, 0x7F, 0x00, 0x00, 0x7E, 0x3F, 0x00, 0x00, 0xFE,
    0x3F, 0x80, 0x00, 0xFE, 0x1F, 0xC0, 0x01, 0xFC, 0x1F, 0xE0, 0x03, 0xFC, 0x0F, 0xF0, 0x07, 0xF8,
    0x0F, 0xFF, 0xFF, 0xF0, 0x07, 0xFF, 0xFF, 0xF0, 0x03, 0xFF, 0xFF, 0xC0, 0x00, 0xFF, 0xFF, 0x80,
    0x00, 0x7F, 0xFE, 0x00, 0x00, 0x0F, 0xF8, 0x00, 0x00, 0x01, 0xC0, 0x01, 0xF8, 0x3F, 0xF8, 0x03,
    0xF1, 0xFF, 0xFC, 0x07, 0xE7, 0xFF, 0xFC, 0x0F, 0xDF, 0xFF, 0xFC, 0x1F, 0xBF, 0xFF, 0xFC, 0x3F,
    0xFC, 0x0F, 0xFC, 0x7F, 0xF0, 0x07, 0xF8, 0xFF, 0x80, 0x03, 0xF9, 0xFF, 0x00, 0x07, 0xF3, 0xFC,
    0x00, 0x07, 0xF7, 0xF0, 0x00, 0x07, 0xEF, 0xE0, 0x00, 0x0F, 0xDF, 0xC0, 0x00, 0x1F, 0xFF, 0x80,
    0x00, 0x3F, 0xFE, 0x00, 0x00, 0x3F, 0xFC, 0x00, 0x00, 0x7F, 0xF8, 0x00, 0x00, 0xFF, 0xF0, 0x00,
    0x01, 0xFF, 0xE0, 0x00, 0x03, 0xFF, 0xC0, 0x00, 0x07, 0xFF, 0xC0, 0x00, 0x0F, 0xFF, 0x80, 0x00,
    0x3F, 0xFF, 0x00, 0x00, 0x7F, 0xFE, 0x00, 0x00, 0xFD, 0xFE, 0x00, 0x03, 0xFB, 0xFC, 0x00, 0x07,
    0xF7, 0xFC, 0x00, 0x1F, 0xCF, 0xFC, 0x00, 0x7F, 0x9F, 0xFC, 0x01, 0xFE, 0x3F, 0xFF, 0xFF, 0xF8,
    0x7E, 0xFF, 0xFF, 0xF0, 0xFC, 0xFF, 0xFF, 0xC1, 0xF8, 0xFF, 0xFF, 0x03, 0xF0, 0xFF, 0xF8, 0x07,
    0xE0, 0x7F, 0x80, 0x0F, 0xC0, 0x00, 0x00, 0x1F, 0x80, 0x00, 0x00, 0x3F, 0x00, 0x00, 0x00, 0x7E,
    0x00, 0x00, 0x00, 0xFC, 0x00, 0x00, 0x01, 0xF8, 0x00, 0x00, 0x03, 0xF0, 0x00, 0x00, 0x07, 0xE0,
    0x00, 0x00, 0x0F, 0xC0, 0x00, 0x00, 0x1F, 0x80, 0x00, 0x00, 0x3F, 0x00, 0x00, 0x00, 0x7E, 0x00,
    0x00, 0x00, 0x00, 0x03, 0x80, 0x00, 0x00, 0x3F, 0xF0, 0x7E, 0x00, 0xFF, 0xFC, 0x7E, 0x01, 0xFF,
    0xFE, 0x7E, 0x07, 0xFF, 0xFF, 0x7E, 0x07, 0xFF, 0xFF, 0xFE, 0x0F, 0xF8, 0x1F, 0xFE, 0x1F, 0xE0,
    0x07, 0xFE, 0x1F, 0xC0, 0x03, 0xFE, 0x3F, 0x80, 0x01, 0xFE, 0x3F, 0x80, 0x00, 0xFE, 0x7F, 0x00,
    0x00, 0xFE, 0x7F, 0x00, 0x00, 0x7E, 0x7E, 0x00, 0x00, 0x7E, 0x7E, 0x00, 0x00, 0x7E, 0x7E, 0x00,
    0x00, 0x7E, 0x7E, 0x00, 0x00, 0x7E, 0x7E, 0x00, 0x00, 0x7E, 0x7E, 0x00, 0x00, 0x7E, 0x7E, 0x00,
    0x00, 0x7E, 0x7E, 0x00, 0x00, 0x7E, 0x7E, 0x00, 0x00, 0x7E, 0x7E, 0x00, 0x00, 0x7E, 0x7F, 0x00,
    0x00, 0x7E, 0x7F, 0x00, 0x00, 0xFE, 0x3F, 0x00, 0x00, 0xFE, 0x3F, 0x80, 0x01, 0xFE, 0x3F, 0xC0,
    0x01, 0xFE, 0x1F, 0xE0, 0x03, 0xFE, 0x1F, 0xF0, 0x0F, 0xFE, 0x0F, 0xFF, 0xFF, 0xFE, 0x07, 0xFF,
    0xFF, 0xFE, 0x03, 0xFF, 0xFF, 0x7E, 0x01, 0xFF, 0xFE, 0x7E, 0x00, 0x7F, 0xF8, 0x7E, 0x00, 0x1F,
    0xE0, 0x7E, 0x00, 0x00, 0x00, 0x7E, 0x00, 0x00, 0x00, 0x7E, 0x00, 0x00, 0x00, 0x7E, 0x00, 0x00,
    0x00, 0x7E, 0x00, 0x00, 0x00, 0x7E, 0x00, 0x00, 0x00, 0x7E, 0x00, 0x00, 0x00, 0x7E, 0x00, 0x00,
    0x00, 0x7E, 0x00, 0x00, 0x00, 0x7E, 0x00, 0x00, 0x00, 0x7E, 0x00, 0x00, 0x00, 0x7E, 0x00, 0x00,
    0x00, 0x7E, 0x00, 0x03, 0xBF, 0x0F, 0xFF, 0xC7, 0xFF, 0xF3, 0xFF, 0xFD, 0xFF, 0xFF, 0xFF, 0xFF,
    0xFF, 0x9F, 0xFF, 0x00, 0xFF, 0x80, 0x3F, 0xC0, 0x0F, 0xE0, 0x03, 0xF8, 0x00, 0xFE, 0x00, 0x3F,
    0x00, 0x0F, 0xC0, 0x03, 0xF0, 0x00, 0xFC, 0x00, 0x3F, 0x00, 0x0F, 0xC0, 0x03, 0xF0, 0x00, 0xFC,
    0x00, 0x3F, 0x00, 0x0F, 0xC0, 0x03, 0xF0, 0x00, 0xFC, 0x00, 0x3F, 0x00, 0x0F, 0xC0, 0x03, 0xF0,
    0x00, 0xFC, 0x00, 0x3F, 0x00, 0x0F, 0xC0, 0x03, 0xF0, 0x00, 0xFC, 0x00, 0x3F, 0x00, 0x0F, 0xC0,
    0x00, 0x00, 0x0E, 0x00, 0x00, 0x1F, 0xFC, 0x00, 0x1F, 0xFF, 0xE0, 0x07, 0xFF, 0xFF, 0x01, 0xFF,
    0xFF, 0xF0, 0x7F, 0xFF, 0xFE, 0x0F, 0xF0, 0x1F, 0xE3, 0xF8, 0x01, 0xFC, 0x7E, 0x00, 0x1F, 0xCF,
    0xC0, 0x01, 0xF9, 0xF8, 0x00, 0x38, 0x3F, 0x00, 0x00, 0x07, 0xF0, 0x00, 0x00, 0xFF, 0x00, 0x00,
    0x0F, 0xF8, 0x00, 0x01, 0xFF, 0xF0, 0x00, 0x1F, 0xFF, 0xE0, 0x01, 0xFF, 0xFF, 0x00, 0x1F, 0xFF,
    0xF8, 0x00, 0x7F, 0xFF, 0x80, 0x01, 0xFF, 0xF8, 0x00, 0x03, 0xFF, 0x80, 0x00, 0x0F, 0xF0, 0x00,
    0x00, 0x7E, 0x00, 0x00, 0x0F, 0xE3, 0x80, 0x01, 0xFF, 0xF0, 0x00, 0x3F, 0xFE, 0x00, 0x07, 0xFF,
    0xE0, 0x01, 0xFC, 0xFE, 0x00, 0x7F, 0x9F, 0xF8, 0x7F, 0xE1, 0xFF, 0xFF, 0xFC, 0x1F, 0xFF, 0xFF,
    0x01, 0xFF, 0xFF, 0x80, 0x0F, 0xFF, 0xE0, 0x00, 0x7F, 0xE0, 0x00, 0x07, 0xF0, 0x00, 0xFE, 0x00,
    0x1F, 0xC0, 0x03, 0xF8, 0x00, 0x7F, 0x00, 0x0F, 0xE0, 0x01, 0xFC, 0x00, 0x3F, 0x80, 0xFF, 0xFF,
    0xFF, 0xFF, 0xFF, 0xFF, 0xFF, 0xFF, 0xFF, 0xFF, 0xFF, 0xFE, 0x0F, 0xE0, 0x01, 0xFC, 0x00, 0x3F,
    0x80, 0x07, 0xF0, 0x00, 0xFE, 0x00, 0x1F, 0xC0, 0x03, 0xF8, 0x00, 0x7F, 0x00, 0x0F, 0xE0, 0x01,
    0xFC, 0x00, 0x3F, 0x80, 0x07, 0xF0, 0x00, 0xFE, 0x00, 0x1F, 0xC0, 0x03, 0xF8, 0x00, 0x7F, 0x00,
    0x0F, 0xE0, 0x01, 0xFC, 0x00, 0x3F, 0x80, 0x07, 0xF0, 0x00, 0xFE, 0x00, 0x1F, 0xC0, 0x01, 0xF8,
    0x00, 0x3F, 0x80, 0x07, 0xFF, 0x80, 0x7F, 0xF8, 0x0F, 0xFF, 0x00, 0xFF, 0xE0, 0x07, 0xFC, 0x00,
    0x1F, 0x00, 0xFC, 0x00, 0x03, 0xFF, 0xC0, 0x00, 0x3F, 0xFC, 0x00, 0x03, 0xFF, 0xC0, 0x00, 0x3F,
    0xFC, 0x00, 0x03, 0xFF, 0xC0, 0x00, 0x3F, 0xFC, 0x00, 0x03, 0xFF, 0xC0, 0x00, 0x3F, 0xFC, 0x00,
    0x03, 0xFF, 0xC0, 0x00, 0x3F, 0xFC, 0x00, 0x03, 0xFF, 0xC0, 0x00, 0x3F, 0xFC, 0x00, 0x03, 0xFF,
    0xC0, 0x00, 0x3F, 0xFC, 0x00, 0x03, 0xFF, 0xC0, 0x00, 0x3F, 0xFC, 0x00, 0x03, 0xFF, 0xC0, 0x00,
    0x3F, 0xFC, 0x00, 0x03, 0xFF, 0xC0, 0x00, 0x3F, 0xFC, 0x00, 0x03, 0xFF, 0xC0, 0x00, 0x3F, 0xFC,
    0x00, 0x03, 0xFF, 0xE0, 0x00, 0x3F, 0xFE, 0x00, 0x07, 0xF7, 0xE0, 0x00, 0x7F, 0x7F, 0x00, 0x0F,
    0xF7, 0xF8, 0x01, 0xFF, 0x3F, 0xC0, 0x7F, 0xF3, 0xFF, 0xFF, 0xFF, 0x1F, 0xFF, 0xFB, 0xF0, 0xFF,
    0xFF, 0xBF, 0x07, 0xFF, 0xE3, 0xF0, 0x3F, 0xFC, 0x3F, 0x00, 0x7E, 0x00, 0x00, 0xFE, 0x00, 0x00,
    0x3F, 0x7E, 0x00, 0x00, 0x7F, 0x7F, 0x00, 0x00, 0x7E, 0x7F, 0x00, 0x00, 0xFE, 0x3F, 0x00, 0x00,
    0xFE, 0x3F, 0x80, 0x00, 0xFC, 0x3F, 0x80, 0x01, 0xFC, 0x1F, 0x80, 0x01, 0xFC, 0x1F, 0xC0, 0x01,
    0xF8, 0x0F, 0xC0, 0x03, 0xF8, 0x0F, 0xC0, 0x03, 0xF0, 0x0F, 0xE0, 0x03, 0xF0, 0x07, 0xE0, 0x07,
    0xF0, 0x07, 0xF0, 0x07, 0xE0, 0x03, 0xF0, 0x07, 0xE0, 0x03, 0xF0, 0x0F, 0xE0, 0x03, 0xF8, 0x0F,
    0xC0, 0x01, 0xF8, 0x1F, 0xC0, 0x01, 0xF8, 0x1F, 0x80, 0x01, 0xFC, 0x1F, 0x80, 0x00, 0xFC, 0x3F,
    0x80, 0x00, 0xFC, 0x3F, 0x00, 0x00, 0x7E, 0x3F, 0x00, 0x00, 0x7E, 0x7E, 0x00, 0x00, 0x7E, 0x7E,
    0x00, 0x00, 0x3F, 0x7E, 0x00, 0x00, 0x3F, 0xFC, 0x00, 0x00, 0x1F, 0xFC, 0x00, 0x00, 0x1F, 0xFC,
    0x00, 0x00, 0x1F, 0xF8, 0x00, 0x00, 0x0F, 0xF8, 0x00, 0x00, 0x0F, 0xF0, 0x00, 0x00, 0x0F, 0xF0,
    0x00, 0x00, 0x07, 0xF0, 0x00, 0x7E, 0x00, 0x07, 0xE0, 0x00, 0x7F, 0x7E, 0x00, 0x07, 0xF0, 0x00,
    0x7E, 0x7F, 0x00, 0x0F, 0xF0, 0x00, 0x7E, 0x7F, 0x00, 0x0F, 0xF0, 0x00, 0xFE, 0x3F, 0x00, 0x0F,
    0xF8, 0x00, 0xFC, 0x3F, 0x00, 0x1F, 0xF8, 0x00, 0xFC, 0x3F, 0x80, 0x1F, 0xF8, 0x00, 0xFC, 0x1F,
    0x80, 0x1F, 0xF8, 0x01, 0xFC, 0x1F, 0x80, 0x1F, 0xFC, 0x01, 0xF8, 0x1F, 0xC0, 0x3F, 0xFC, 0x01,
    0xF8, 0x0F, 0xC0, 0x3F, 0x7C, 0x03, 0xF8, 0x0F, 0xC0, 0x3E, 0x7C, 0x03, 0xF0, 0x0F, 0xC0, 0x3E,
    0x7E, 0x03, 0xF0, 0x07, 0xE0, 0x7E, 0x7E, 0x03, 0xF0, 0x07, 0xE0, 0x7E, 0x3E, 0x07, 0xE0, 0x07,
    0xE0, 0x7C, 0x3F, 0x07, 0xE0, 0x07, 0xF0, 0xFC, 0x3F, 0x07, 0xE0, 0x03, 0xF0, 0xFC, 0x1F, 0x0F,
    0xE0, 0x03, 0xF0, 0xF8, 0x1F, 0x0F, 0xC0, 0x03, 0xF0, 0xF8, 0x1F, 0x8F, 0xC0, 0x01, 0xF9, 0xF8,
    0x1F, 0x8F, 0xC0, 0x01, 0xF9, 0xF8, 0x0F, 0x9F, 0x80, 0x01, 0xF9, 0xF0, 0x0F, 0x9F, 0x80, 0x00,
    0xF9, 0xF0, 0x0F, 0xDF, 0x80, 0x00, 0xFF, 0xF0, 0x07, 0xDF, 0x00, 0x00, 0xFF, 0xE0, 0x07, 0xFF,
    0x00, 0x00, 0xFF, 0xE0, 0x07, 0xFF, 0x00, 0x00, 0x7F, 0xE0, 0x07, 0xFE, 0x00, 0x00, 0x7F, 0xE0,
    0x03, 0xFE, 0x00, 0x00, 0x7F, 0xC0, 0x03, 0xFE, 0x00, 0x00, 0x3F, 0xC0, 0x03, 0xFE, 0x00, 0x00,
    0x3F, 0xC0, 0x01, 0xFC, 0x00, 0x00, 0x3F, 0x80, 0x01, 0xFC, 0x00, 0x00, 0x1F, 0x80, 0x01, 0xFC,
    0x00, 0x7F, 0x00, 0x00, 0xFC, 0x7F, 0x00, 0x03, 0xF8, 0x7F, 0x00, 0x0F, 0xE0, 0xFE, 0x00, 0x1F,
    0xC0, 0xFE, 0x00, 0x7F, 0x00, 0xFE, 0x01, 0xFC, 0x01, 0xFC, 0x03, 0xF0, 0x01, 0xFC, 0x0F, 0xE0,
    0x01, 0xFC, 0x3F, 0x80, 0x03, 0xF8, 0x7E, 0x00, 0x03, 0xF9, 0xFC, 0x00, 0x03, 0xF3, 0xF0, 0x00,
    0x07, 0xFF, 0xC0, 0x00, 0x07, 0xFF, 0x80, 0x00, 0x07, 0xFE, 0x00, 0x00, 0x0F, 0xF8, 0x00, 0x00,
    0x0F, 0xF0, 0x00, 0x00, 0x1F, 0xE0, 0x00, 0x00, 0x7F, 0xC0, 0x00, 0x01, 0xFF, 0xC0, 0x00, 0x03,
    0xFF, 0xC0, 0x00, 0x0F, 0xDF, 0xC0, 0x00, 0x3F, 0x9F, 0x80, 0x00, 0x7E, 0x3F, 0x80, 0x01, 0xFC,
    0x3F, 0x80, 0x07, 0xF0, 0x7F, 0x00, 0x0F, 0xC0, 0x7F, 0x00, 0x3F, 0x80, 0x7F, 0x00, 0xFE, 0x00,
    0xFE, 0x03, 0xF8, 0x00, 0xFE, 0x07, 0xF0, 0x00, 0xFE, 0x1F, 0xC0, 0x01, 0xFE, 0x7F, 0x00, 0x01,
    0xFC, 0xFE, 0x00, 0x01, 0xFC, 0xFE, 0x00, 0x00, 0x3F, 0x7E, 0x00, 0x00, 0x7F, 0x7F, 0x00, 0x00,
    0x7E, 0x7F, 0x00, 0x00, 0x7E, 0x3F, 0x00, 0x00, 0xFE, 0x3F, 0x80, 0x00, 0xFC, 0x3F, 0x80, 0x01,
    0xFC, 0x1F, 0x80, 0x01, 0xFC, 0x1F, 0xC0, 0x01, 0xF8, 0x0F, 0xC0, 0x03, 0xF8, 0x0F, 0xC0, 0x03,
    0xF0, 0x0F, 0xE0, 0x03, 0xF0, 0x07, 0xE0, 0x07, 0xF0, 0x07, 0xF0, 0x07, 0xE0, 0x03, 0xF0, 0x07,
    0xE0, 0x03, 0xF0, 0x0F, 0xC0, 0x03, 0xF8, 0x0F, 0xC0, 0x01, 0xF8, 0x1F, 0xC0, 0x01, 0xF8, 0x1F,
    0x80, 0x01, 0xFC, 0x1F, 0x80, 0x00, 0xFC, 0x3F, 0x80, 0x00, 0xFC, 0x3F, 0x00, 0x00, 0x7E, 0x3F,
    0x00, 0x00, 0x7E, 0x7E, 0x00, 0x00, 0x7E, 0x7E, 0x00, 0x00, 0x3F, 0x7E, 0x00, 0x00, 0x3F, 0xFC,
    0x00, 0x00, 0x1F, 0xFC, 0x00, 0x00, 0x1F, 0xF8, 0x00, 0x00, 0x1F, 0xF8, 0x00, 0x00, 0x0F, 0xF8,
    0x00, 0x00, 0x0F, 0xF0, 0x00, 0x00, 0x0F, 0xF0, 0x00, 0x00, 0x07, 0xF0, 0x00, 0x00, 0x07, 0xE0,
    0x00, 0x00, 0x07, 0xE0, 0x00, 0x00, 0x0F, 0xC0, 0x00, 0x00, 0x0F, 0xC0, 0x00, 0x00, 0x1F, 0xC0,
    0x00, 0x00, 0x1F, 0x80, 0x00, 0x00, 0x3F, 0x80, 0x00, 0x0C, 0xFF, 0x00, 0x00, 0x0F, 0xFF, 0x00,
    0x00, 0x0F, 0xFE, 0x00, 0x00, 0x1F, 0xFC, 0x00, 0x00, 0x1F, 0xF8, 0x00, 0x00, 0x1F, 0xE0, 0x00,
    0x00, 0x7F, 0xFF, 0xFF, 0xEF, 0xFF, 0xFF, 0xFD, 0xFF, 0xFF, 0xFF, 0xBF, 0xFF, 0xFF, 0xF7, 0xFF,
    0xFF, 0xFE, 0xFF, 0xFF, 0xFF, 0x80, 0x00, 0x0F, 0xE0, 0x00, 0x01, 0xFC, 0x00, 0x00, 0x7F, 0x00,
    0x00, 0x1F, 0xC0, 0x00, 0x07, 0xF0, 0x00, 0x01, 0xFE, 0x00, 0x00, 0x3F, 0x80, 0x00, 0x0F, 0xE0,
    0x00, 0x03, 0xF8, 0x00, 0x00, 0xFF, 0x00, 0x00, 0x1F, 0xC0, 0x00, 0x07, 0xF0, 0x00, 0x01, 0xFC,
    0x00, 0x00, 0x7F, 0x00, 0x00, 0x1F, 0xE0, 0x00, 0x03, 0xF8, 0x00, 0x00, 0xFE, 0x00, 0x00, 0x3F,
    0x80, 0x00, 0x0F, 0xF0, 0x00, 0x01, 0xFC, 0x00, 0x00, 0x7F, 0x00, 0x00, 0x1F, 0xC0, 0x00, 0x07,
    0xF8, 0x00, 0x00, 0xFF, 0xFF, 0xFF, 0xFF, 0xFF, 0xFF, 0xFF, 0xFF, 0xFF, 0xFF, 0xFF, 0xFF, 0xFF,
    0xFF, 0xFF, 0xFF, 0xFC, 0x00, 0x00, 0x40, 0x01, 0xFC, 0x00, 0xFF, 0x80, 0x3F, 0xF0, 0x0F, 0xFE,
    0x01, 0xFF, 0xC0, 0x7F, 0x80, 0x0F, 0xE0, 0x01, 0xF8, 0x00, 0x3F, 0x00, 0x07, 0xC0, 0x01, 0xF8,
    0x00, 0x3F, 0x00, 0x07, 0xE0, 0x00, 0xFC, 0x00, 0x1F, 0x80, 0x03, 0xF0, 0x00, 0x7E, 0x00, 0x0F,
    0xC0, 0x01, 0xF8, 0x00, 0x3F, 0x00, 0x07, 0xE0, 0x00, 0xFC, 0x00, 0x1F, 0x80, 0x07, 0xF0, 0x01,
    0xFE, 0x03, 0xFF, 0x80, 0x7F, 0xE0, 0x0F, 0xF0, 0x01, 0xFC, 0x00, 0x3F, 0xE0, 0x07, 0xFE, 0x00,
    0x3F, 0xE0, 0x00, 0xFE, 0x00, 0x0F, 0xC0, 0x01, 0xF8, 0x00, 0x3F, 0x00, 0x07, 0xE0, 0x00, 0xFC,
    0x00, 0x1F, 0x80, 0x03, 0xF0, 0x00, 0x7E, 0x00, 0x0F, 0xC0, 0x01, 0xF8, 0x00, 0x3F, 0x00, 0x07,
    0xE0, 0x00, 0xFC, 0x00, 0x0F, 0x80, 0x01, 0xF8, 0x00, 0x3F, 0x00, 0x07, 0xE0, 0x00, 0xFE, 0x00,
    0x0F, 0xF0, 0x01, 0xFF, 0xC0, 0x1F, 0xF8, 0x01, 0xFF, 0x00, 0x1F, 0xE0, 0x00, 0x7C, 0x7B, 0xFF,
    0xFF, 0xFF, 0xFF, 0xFF, 0xFF, 0xFF, 0xFF, 0xFF, 0xFF, 0xFF, 0xFF, 0xFF, 0xFF, 0xFF, 0xFF, 0xFF,
    0xFF, 0xFF, 0xFF, 0xFF, 0xFF, 0xFF, 0xFF, 0xFF, 0xFF, 0xFF, 0xFF, 0xFF, 0xFF, 0xFF, 0xFF, 0xFF,
    0xFF, 0xFF, 0xFF, 0xFF, 0xFF, 0xFF, 0xFF, 0xFF, 0xFF, 0xFF, 0xFF, 0xFF, 0xFF, 0xFF, 0xFF, 0xFF,
    0xFF, 0xFF, 0xFF, 0xFF, 0xFF, 0xFF, 0xFF, 0x40, 0x00, 0x1F, 0xC0, 0x03, 0xFE, 0x00, 0x7F, 0xE0,
    0x0F, 0xFE, 0x01, 0xFF, 0xC0, 0x03, 0xFC, 0x00, 0x1F, 0x80, 0x03, 0xF0, 0x00, 0x7E, 0x00, 0x07,
    0xC0, 0x00, 0xFC, 0x00, 0x1F, 0x80, 0x03, 0xF0, 0x00, 0x7E, 0x00, 0x0F, 0xC0, 0x01, 0xF8, 0x00,
    0x3F, 0x00, 0x07, 0xE0, 0x00, 0xFC, 0x00, 0x1F, 0x80, 0x03, 0xF0, 0x00, 0x7E, 0x00, 0x0F, 0xC0,
    0x01, 0xFC, 0x00, 0x1F, 0xC0, 0x03, 0xFF, 0x80, 0x3F, 0xF0, 0x01, 0xFE, 0x00, 0x1F, 0xC0, 0x0F,
    0xF8, 0x03, 0xFF, 0x00, 0xFF, 0x80, 0x3F, 0x80, 0x07, 0xE0, 0x00, 0xFC, 0x00, 0x1F, 0x80, 0x03,
    0xF0, 0x00, 0x7E, 0x00, 0x0F, 0xC0, 0x01, 0xF8, 0x00, 0x3F, 0x00, 0x07, 0xE0, 0x00, 0xFC, 0x00,
    0x1F, 0x80, 0x03, 0xF0, 0x00, 0x7E, 0x00, 0x0F, 0xC0, 0x01, 0xF0, 0x00, 0x7E, 0x00, 0x0F, 0xC0,
    0x03, 0xF8, 0x01, 0xFE, 0x01, 0xFF, 0xC0, 0x3F, 0xF0, 0x07, 0xFC, 0x00, 0xFF, 0x00, 0x1F, 0x00,
    0x00, 0x03, 0xF8, 0x00, 0x00, 0x07, 0xFF, 0x00, 0x0F, 0x87, 0xFF, 0xE0, 0x07, 0xC7, 0xFF, 0xF8,
    0x07, 0xE3, 0xFF, 0xFE, 0x03, 0xF3, 0xFF, 0xFF, 0x83, 0xF9, 0xF8, 0x1F, 0xFF, 0xFC, 0xFC, 0x07,
    0xFF, 0xFC, 0x7C, 0x01, 0xFF, 0xFE, 0x3E, 0x00, 0x7F, 0xFE, 0x1F, 0x00, 0x0F, 0xFE, 0x00, 0x00,
    0x01, 0xFC, 0x00, 0x1C, 0x3F, 0x9F, 0xDF, 0xFF, 0xFF, 0xFD, 0xFE, 0xFE, 0x3E, 0x00, 0x00, 0x00,
    0x00, 0x00, 0x00, 0x00, 0x7E, 0x7F, 0x3F, 0x9F, 0xCF, 0xE7, 0xF3, 0xF9, 0xFC, 0xFE, 0x7F, 0x3F,
    0x9F, 0xCF, 0xE7, 0xF3, 0xF9, 0xFC, 0xFE, 0x7F, 0x3F, 0x9F, 0xCF, 0xE7, 0xF3, 0xF9, 0xFC, 0xFE,
    0x7F, 0x3F, 0x9F, 0xCF, 0xE7, 0xF3, 0xF9, 0xFC, 0x00, 0x03, 0xC0, 0x00, 0x00, 0x07, 0x80, 0x00,
    0x00, 0x0F, 0x00, 0x00, 0x00, 0x1E, 0x00, 0x00, 0x00, 0x3C, 0x00, 0x00, 0x00, 0x78, 0x00, 0x00,
    0x07, 0xFF, 0x00, 0x00, 0x7F, 0xFF, 0x80, 0x01, 0xFF, 0xFF, 0xC0, 0x07, 0xFF, 0xFF, 0xC0, 0x1F,
    0xFF, 0xFF, 0xC0, 0x7F, 0xDE, 0xFF, 0xC1, 0xFE, 0x3C, 0x7F, 0x83, 0xF8, 0x78, 0x3F, 0x8F, 0xE0,
    0xF0, 0x7F, 0x1F, 0xC1, 0xE0, 0x7E, 0x3F, 0x03, 0xC0, 0xF0, 0xFE, 0x07, 0x80, 0x01, 0xF8, 0x0F,
    0x00, 0x03, 0xF0, 0x1E, 0x00, 0x07, 0xE0, 0x3C, 0x00, 0x0F, 0xC0, 0x78, 0x00, 0x1F, 0x80, 0xF0,
    0x00, 0x3F, 0x01, 0xE0, 0x00, 0x7E, 0x03, 0xC0, 0x00, 0xFC, 0x07, 0x80, 0x01, 0xF8, 0x0F, 0x00,
    0x03, 0xF0, 0x1E, 0x00, 0x07, 0xF0, 0x3C, 0x00, 0x0F, 0xE0, 0x78, 0x08, 0x0F, 0xC0, 0xF0, 0x3F,
    0x1F, 0xC1, 0xE0, 0x7E, 0x1F, 0xC3, 0xC1, 0xFC, 0x3F, 0xC7, 0x87, 0xF8, 0x3F, 0xCF, 0x1F, 0xE0,
    0x7F, 0xFF, 0xFF, 0x80, 0x7F, 0xFF, 0xFE, 0x00, 0x7F, 0xFF, 0xF8, 0x00, 0x3F, 0xFF, 0xE0, 0x00,
    0x3F, 0xFF, 0x00, 0x00, 0x0F, 0xF8, 0x00, 0x00, 0x07, 0x80, 0x00, 0x00, 0x0F, 0x00, 0x00, 0x00,
    0x1E, 0x00, 0x00, 0x00, 0x3C, 0x00, 0x00, 0x00, 0x78, 0x00, 0x00, 0x00, 0x00, 0x00, 0x00, 0x00,
    0x07, 0xFF, 0x00, 0x00, 0x1F, 0xFF, 0xC0, 0x00, 0x7F, 0xFF, 0xE0, 0x00, 0xFF, 0xFF, 0xF0, 0x01,
    0xFF, 0xFF, 0xF8, 0x03, 0xFF, 0x0F, 0xFC, 0x03, 0xFC, 0x01, 0xFC, 0x07, 0xF0, 0x00, 0xFE, 0x07,
    0xF0, 0x00, 0x7E, 0x07, 0xE0, 0x00, 0x7E, 0x0F, 0xE0, 0x00, 0x7F, 0x0F, 0xC0, 0x00, 0x3F, 0x0F,
    0xC0, 0x00, 0x38, 0x0F, 0xC0, 0x00, 0x00, 0x0F, 0xC0, 0x00, 0x00, 0x0F, 0xC0, 0x00, 0x00, 0x0F,
    0xC0, 0x00, 0x00, 0x0F, 0xC0, 0x00, 0x00, 0x0F, 0xC0, 0x00, 0x00, 0x0F, 0xC0, 0x00, 0x00, 0x0F,
    0xE0, 0x00, 0x00, 0xFF, 0xFF, 0xFF, 0x80, 0xFF, 0xFF, 0xFF, 0x80, 0xFF, 0xFF, 0xFF, 0x80, 0xFF,
    0xFF, 0xFF, 0x80, 0xFF, 0xFF, 0xFF, 0x80, 0x07, 0xE0, 0x00, 0x00, 0x07, 0xE0, 0x00, 0x00, 0x07,
    0xE0, 0x00, 0x00, 0x07, 0xE0, 0x00, 0x00, 0x07, 0xE0, 0x00, 0x00, 0x07, 0xE0, 0x00, 0x00, 0x07,
    0xE0, 0x00, 0x00, 0x07, 0xE0, 0x00, 0x00, 0x07, 0xE0, 0x00, 0x00, 0x07, 0xE0, 0x00, 0x00, 0x07,
    0xE0, 0x00, 0x3F, 0x07, 0xE0, 0x00, 0x3F, 0x0F, 0xC0, 0x00, 0x3F, 0x1F, 0x80, 0x00, 0x3F, 0x7F,
    0x00, 0x00, 0x7F, 0xFF, 0xFF, 0xFF, 0xFE, 0xFF, 0xFF, 0xFF, 0xFE, 0xFF, 0xFF, 0xFF, 0xFC, 0xFF,
    0xFF, 0xFF, 0xFC, 0xFF, 0xFF, 0xFF, 0xF0, 0x00, 0x00, 0x00, 0x00, 0x00, 0x30, 0x03, 0xFE, 0x00,
    0xE0, 0xF0, 0x3F, 0xFF, 0x83, 0xE3, 0xF1, 0xFF, 0xFF, 0xC7, 0xEF, 0xFF, 0xFF, 0xFF, 0xDF, 0xEF,
    0xFF, 0xFF, 0xFF, 0xFF, 0x8F, 0xFF, 0xFF, 0xFF, 0xFE, 0x0F, 0xFF, 0x00, 0x7F, 0xF8, 0x0F, 0xF8,
    0x00, 0x3F, 0xE0, 0x1F, 0xC0, 0x00, 0x3F, 0xC0, 0x7F, 0x00, 0x00, 0x3F, 0x80, 0xFC, 0x00, 0x00,
    0x3F, 0x83, 0xF8, 0x00, 0x00, 0x3F, 0x07, 0xE0, 0x00, 0x00, 0x7F, 0x0F, 0xC0, 0x00, 0x00, 0x7E,
    0x3F, 0x00, 0x00, 0x00, 0xFC, 0x7E, 0x00, 0x00, 0x00, 0xFC, 0xFC, 0x00, 0x00, 0x01, 0xF9, 0xF8,
    0x00, 0x00, 0x03, 0xF3, 0xE0, 0x00, 0x00, 0x07, 0xE7, 0xC0, 0x00, 0x00, 0x0F, 0xCF, 0x80, 0x00,
    0x00, 0x1F, 0x9F, 0x80, 0x00, 0x00, 0x3F, 0x3F, 0x00, 0x00, 0x00, 0x7E, 0x7E, 0x00, 0x00, 0x01,
    0xF8, 0xFC, 0x00, 0x00, 0x03, 0xF0, 0xFC, 0x00, 0x00, 0x07, 0xE1, 0xF8, 0x00, 0x00, 0x1F, 0xC3,
    0xF8, 0x00, 0x00, 0x3F, 0x03, 0xF8, 0x00, 0x00, 0xFE, 0x07, 0xF0, 0x00, 0x03, 0xF8, 0x07, 0xF8,
    0x00, 0x0F, 0xF0, 0x1F, 0xF8, 0x00, 0x3F, 0xF0, 0x7F, 0xFC, 0x01, 0xFF, 0xF1, 0xFF, 0xFF, 0xFF,
    0xFF, 0xF7, 0xFF, 0xFF, 0xFF, 0xFF, 0xF7, 0xE7, 0xFF, 0xFF, 0xDF, 0xC7, 0x87, 0xFF, 0xFE, 0x1F,
    0x06, 0x03, 0xFF, 0xF0, 0x1C, 0x00, 0x00, 0xFF, 0x00, 0x10, 0x7E, 0x00, 0x00, 0x1F, 0x9F, 0xC0,
    0x00, 0x0F, 0xE7, 0xF0, 0x00, 0x03, 0xF8, 0xFE, 0x00, 0x01, 0xFC, 0x3F, 0x80, 0x00, 0x7F, 0x07,
    0xF0, 0x00, 0x3F, 0x81, 0xFC, 0x00, 0x0F, 0xE0, 0x3F, 0x80, 0x07, 0xF0, 0x0F, 0xE0, 0x01, 0xFC,
    0x01, 0xFC, 0x00, 0xFE, 0x00, 0x7F, 0x00, 0x3F, 0x80, 0x0F, 0xC0, 0x0F, 0xC0, 0x03, 0xF8, 0x07,
    0xF0, 0x00, 0x7E, 0x01, 0xF8, 0x00, 0x1F, 0xC0, 0xFE, 0x00, 0x03, 0xF0, 0x3F, 0x00, 0x00, 0xFE,
    0x1F, 0xC0, 0x00, 0x1F, 0x87, 0xE0, 0x00, 0x07, 0xF3, 0xF8, 0x00, 0x00, 0xFC, 0xFC, 0x00, 0x00,
    0x3F, 0xFF, 0x00, 0x00, 0x07, 0xFF, 0x80, 0x00, 0x01, 0xFF, 0xE0, 0x00, 0x3F, 0xFF, 0xFF, 0xF0,
    0x0F, 0xFF, 0xFF, 0xFC, 0x03, 0xFF, 0xFF, 0xFF, 0x00, 0xFF, 0xFF, 0xFF, 0xC0, 0x3F, 0xFF, 0xFF,
    0xF0, 0x00, 0x03, 0xF0, 0x00, 0x00, 0x00, 0xFC, 0x00, 0x00, 0x00, 0x3F, 0x00, 0x00, 0x00, 0x0F,
    0xC0, 0x00, 0x0F, 0xFF, 0xFF, 0xFC, 0x03, 0xFF, 0xFF, 0xFF, 0x00, 0xFF, 0xFF, 0xFF, 0xC0, 0x3F,
    0xFF, 0xFF, 0xF0, 0x0F, 0xFF, 0xFF, 0xFC, 0x00, 0x00, 0xFC, 0x00, 0x00, 0x00, 0x3F, 0x00, 0x00,
    0x00, 0x0F, 0xC0, 0x00, 0x00, 0x03, 0xF0, 0x00, 0x00, 0x00, 0xFC, 0x00, 0x00, 0x00, 0x3F, 0x00,
    0x00, 0x00, 0x0F, 0xC0, 0x00, 0x00, 0x03, 0xF0, 0x00, 0x00, 0x00, 0xFC, 0x00, 0x00, 0xFF, 0xFF,
    0xFF, 0xFF, 0xFF, 0xFF, 0xFF, 0xFF, 0xFF, 0xFF, 0xFF, 0xFF, 0xFF, 0xFF, 0xFF, 0xFD, 0xF0, 0x00,
    0x00, 0x00, 0x00, 0x00, 0x00, 0x00, 0x01, 0xFF, 0xFF, 0xFF, 0xFF, 0xFF, 0xFF, 0xFF, 0xFF, 0xFF,
    0xFF, 0xFF, 0xFF, 0xFF, 0xFF, 0xFF, 0xFF, 0xC0, 0x00, 0x00, 0x00, 0x00, 0x03, 0xFF, 0x80, 0x00,
    0x7F, 0xFF, 0x00, 0x07, 0xFF, 0xFC, 0x00, 0x7F, 0xFF, 0xF0, 0x07, 0xFF, 0xFF, 0xC0, 0x3F, 0xC0,
    0xFE, 0x03, 0xF8, 0x03, 0xF8, 0x1F, 0x80, 0x0F, 0xC0, 0xFC, 0x00, 0x7E, 0x07, 0xE0, 0x01, 0xF8,
    0x3F, 0x00, 0x0F, 0x01, 0xF8, 0x00, 0x00, 0x07, 0xE0, 0x00, 0x00, 0x3F, 0x80, 0x00, 0x00, 0xFE,
    0x00, 0x00, 0x03, 0xFC, 0x00, 0x00, 0x1F, 0xF8, 0x00, 0x03, 0xFF, 0xE0, 0x00, 0x3F, 0xFF, 0xC0,
    0x03, 0xFF, 0xFF, 0x80, 0x3F, 0x07, 0xFE, 0x01, 0xF8, 0x1F, 0xFC, 0x1F, 0x80, 0x3F, 0xF0, 0xFC,
    0x00, 0x7F, 0xC7, 0xE0, 0x00, 0xFF, 0x3F, 0x00, 0x03, 0xFD, 0xF8, 0x00, 0x07, 0xE7, 0xE0, 0x00,
    0x3F, 0x3F, 0x80, 0x00, 0xFD, 0xFE, 0x00, 0x07, 0xE7, 0xF8, 0x00, 0x3F, 0x1F, 0xF0, 0x01, 0xF8,
    0x7F, 0xE0, 0x0F, 0xC1, 0xFF, 0x80, 0xFC, 0x07, 0xFF, 0x0F, 0xE0, 0x0F, 0xFF, 0xFE, 0x00, 0x1F,
    0xFF, 0xE0, 0x00, 0x7F, 0xFE, 0x00, 0x00, 0xFF, 0xC0, 0x00, 0x01, 0xFF, 0x00, 0x00, 0x03, 0xF8,
    0x00, 0x00, 0x0F, 0xE0, 0x00, 0x00, 0x3F, 0x80, 0x00, 0x00, 0xFC, 0x03, 0x00, 0x07, 0xE0, 0xF8,
    0x00, 0x3F, 0x07, 0xE0, 0x01, 0xF8, 0x3F, 0x00, 0x0F, 0xC1, 0xFC, 0x00, 0xFE, 0x07, 0xF8, 0x0F,
    0xE0, 0x3F, 0xFF, 0xFF, 0x00, 0xFF, 0xFF, 0xF0, 0x03, 0xFF, 0xFF, 0x00, 0x0F, 0xFF, 0xF0, 0x00,
    0x1F, 0xFE, 0x00, 0x00, 0x0F, 0x00, 0x00, 0x3C, 0x01, 0xC3, 0xF0, 0x3F, 0xBF, 0x81, 0xFD, 0xFE,
    0x0F, 0xFF, 0xF0, 0x7F, 0x7F, 0x03, 0xF9, 0xF8, 0x0F, 0xC7, 0x80, 0x38, 0x00, 0x00, 0x01, 0xC0,
    0x00, 0x00, 0x00, 0x00, 0x7F, 0xFE, 0x00, 0x00, 0x00, 0x01, 0xFF, 0xFF, 0xC0, 0x00, 0x00, 0x07,
    0xFF, 0xFF, 0xF0, 0x00, 0x00, 0x1F, 0xFF, 0xFF, 0xFC, 0x00, 0x00, 0x3F, 0xFF, 0xFF, 0xFE, 0x00,
    0x00, 0x7F, 0xFF, 0x7F, 0xFF, 0x00, 0x01, 0xFF, 0xC0, 0x03, 0xFF, 0x80, 0x01, 0xFF, 0x00, 0x00,
    0x7F, 0xC0, 0x03, 0xFC, 0x00, 0x00, 0x3F, 0xE0, 0x07, 0xF8, 0x00, 0x00, 0x0F, 0xF0, 0x0F, 0xF0,
    0x0F, 0xF8, 0x07, 0xF0, 0x0F, 0xE0, 0x3F, 0xFE, 0x03, 0xF8, 0x1F, 0xC0, 0xFF, 0xFF, 0x81, 0xFC,
    0x1F, 0x81, 0xFF, 0xFF, 0xC1, 0xFC, 0x3F, 0x83, 0xFF, 0xFF, 0xE0, 0xFC, 0x3F, 0x07, 0xFF, 0xFF,
    0xF0, 0xFE, 0x3F, 0x07, 0xF8, 0x0F, 0xF0, 0x7E, 0x7E, 0x0F, 0xF0, 0x03, 0xF8, 0x7E, 0x7E, 0x0F,
    0xE0, 0x03, 0xF8, 0x3F, 0x7E, 0x0F, 0xC0, 0x01, 0xF8, 0x3F, 0x7E, 0x1F, 0x80, 0x01, 0xF8, 0x3F,
    0x7E, 0x1F, 0x80, 0x00, 0x00, 0x3F, 0x7E, 0x1F, 0x80, 0x00, 0x00, 0x3F, 0x7E, 0x1F, 0x80, 0x00,
    0x00, 0x3F, 0x7E, 0x1F, 0x80, 0x00, 0x00, 0x3F, 0x7E, 0x1F, 0x80, 0x00, 0x00, 0x3F, 0x7E, 0x1F,
    0xC0, 0x01, 0xF8, 0x3F, 0x7E, 0x0F, 0xC0, 0x03, 0xF8, 0x3F, 0x7E, 0x0F, 0xE0, 0x03, 0xF0, 0x7F,
    0x7F, 0x07, 0xF0, 0x07, 0xF0, 0x7E, 0x3F, 0x07, 0xFC, 0x1F, 0xE0, 0x7E, 0x3F, 0x83, 0xFF, 0xFF,
    0xE0, 0xFE, 0x3F, 0x81, 0xFF, 0xFF, 0xC0, 0xFC, 0x1F, 0xC0, 0xFF, 0xFF, 0x81, 0xFC, 0x1F, 0xE0,
    0x7F, 0xFF, 0x03, 0xF8, 0x0F, 0xE0, 0x1F, 0xFC, 0x07, 0xF8, 0x07, 0xF0, 0x07, 0xF0, 0x0F, 0xF0,
    0x07, 0xFC, 0x00, 0x00, 0x1F, 0xE0, 0x03, 0xFE, 0x00, 0x00, 0x3F, 0xE0, 0x01, 0xFF, 0x80, 0x00,
    0xFF, 0xC0, 0x00, 0xFF, 0xF0, 0x07, 0xFF, 0x80, 0x00, 0x7F, 0xFF, 0xFF, 0xFF, 0x00, 0x00, 0x3F,
    0xFF, 0xFF, 0xFC, 0x00, 0x00, 0x0F, 0xFF, 0xFF, 0xF8, 0x00, 0x00, 0x03, 0xFF, 0xFF, 0xE0, 0x00,
    0x00, 0x00, 0xFF, 0xFF, 0x80, 0x00, 0x00, 0x00, 0x1F, 0xFC, 0x00, 0x00, 0x00, 0x1C, 0x00, 0x01,
    0xFF, 0xC0, 0x07, 0xFF, 0xF0, 0x0F, 0xFF, 0xF8, 0x1F, 0xFF, 0xFC, 0x3F, 0xE1, 0xFE, 0x3F, 0x80,
    0x7E, 0x3F, 0x00, 0x7F, 0x0E, 0x00, 0x3F, 0x00, 0x00, 0x3F, 0x00, 0x00, 0x7F, 0x00, 0x1F, 0xFF,
    0x03, 0xFF, 0xFF, 0x0F, 0xFF, 0xFF, 0x1F, 0xFF, 0xFF, 0x3F, 0xFE, 0x3F, 0x7F, 0x80, 0x3F, 0x7E,
    0x00, 0x3F, 0x7E, 0x00, 0x3F, 0x7C, 0x00, 0x7F, 0x7E, 0x00, 0x7F, 0x7E, 0x00, 0xFF, 0x7F, 0x83,
    0xFF, 0x3F, 0xFF, 0xFF, 0x3F, 0xFF, 0xFF, 0x1F, 0xFF, 0xBF, 0x07, 0xFE, 0x3F, 0x00, 0xF0, 0x00,
    0x00, 0x0F, 0xE0, 0xFE, 0x00, 0x1F, 0xC0, 0xFE, 0x00, 0x3F, 0xC1, 0xFC, 0x00, 0x3F, 0x83, 0xF8,
    0x00, 0x7F, 0x07, 0xF0, 0x00, 0xFE, 0x0F, 0xE0, 0x01, 0xFC, 0x1F, 0xE0, 0x03, 0xF8, 0x1F, 0xC0,
    0x07, 0xF8, 0x3F, 0x80, 0x0F, 0xF0, 0x7F, 0x00, 0x0F, 0xE0, 0xFE, 0x00, 0x1F, 0xC1, 0xFC, 0x00,
    0x3F, 0x83, 0xFC, 0x00, 0x7F, 0x07, 0xF8, 0x00, 0x7F, 0x07, 0xF0, 0x00, 0x7F, 0x83, 0xF8, 0x00,
    0x3F, 0x83, 0xFC, 0x00, 0x1F, 0xC1, 0xFE, 0x00, 0x0F, 0xE0, 0xFE, 0x00, 0x07, 0xF0, 0x7F, 0x00,
    0x07, 0xF8, 0x3F, 0x80, 0x03, 0xFC, 0x1F, 0xC0, 0x01, 0xFC, 0x0F, 0xE0, 0x00, 0xFE, 0x0F, 0xF0,
    0x00, 0x7F, 0x07, 0xF0, 0x00, 0x3F, 0x83, 0xF8, 0x00, 0x1F, 0xC1, 0xFC, 0x00, 0x1F, 0xE0, 0xFE,
    0x00, 0x0F, 0xE0, 0x7E, 0xFF, 0xFF, 0xFF, 0xFF, 0xFF, 0xFF, 0xFF, 0xFF, 0xFF, 0xFF, 0xFF, 0xFF,
    0xFF, 0xFF, 0xFF, 0xFF, 0xFE, 0x00, 0x00, 0x0F, 0xC0, 0x00, 0x01, 0xF8, 0x00, 0x00, 0x3F, 0x00,
    0x00, 0x07, 0xE0, 0x00, 0x00, 0xFC, 0x00, 0x00, 0x1F, 0x80, 0x00, 0x03, 0xF0, 0x00, 0x00, 0x7E,
    0x00, 0x00, 0x0F, 0x80, 0x00, 0x00, 0x00, 0x00, 0x00, 0x00, 0x3F, 0xF8, 0x00, 0x00, 0x0F, 0xFF,
    0xF8, 0x00, 0x00, 0xFF, 0xFF, 0xE0, 0x00, 0x1F, 0xFF, 0xFF, 0xC0, 0x01, 0xFF, 0xFF, 0xFF, 0x00,
    0x1F, 0xF0, 0x07, 0xFC, 0x01, 0xFE, 0x00, 0x0F, 0xF0, 0x0F, 0xC0, 0x00, 0x1F, 0xC0, 0xFC, 0x00,
    0x00, 0x7E, 0x0F, 0xC3, 0xFF, 0x01, 0xF8, 0x7E, 0x1F, 0xFE, 0x07, 0xC3, 0xE0, 0xFF, 0xF8, 0x3F,
    0x3F, 0x07, 0xFF, 0xE0, 0xF9, 0xF0, 0x3C, 0x1F, 0x07, 0xCF, 0x81, 0xE0, 0xF8, 0x3E, 0x7C, 0x0F,
    0x07, 0xC1, 0xFF, 0xE0, 0x78, 0x3E, 0x07, 0xFE, 0x03, 0xFF, 0xE0, 0x3F, 0xF8, 0x1F, 0xFF, 0x01,
    0xF7, 0xC0, 0xFF, 0xF0, 0x0F, 0xBE, 0x07, 0xFF, 0x80, 0xF9, 0xF0, 0x3C, 0x3C, 0x07, 0xCF, 0x81,
    0xE1, 0xF0, 0x3E, 0x7E, 0x0F, 0x07, 0xC3, 0xF1, 0xF0, 0x78, 0x3E, 0x1F, 0x0F, 0xC3, 0xC0, 0xF1,
    0xF8, 0x3F, 0x00, 0x00, 0x1F, 0x81, 0xFC, 0x00, 0x01, 0xFC, 0x07, 0xF0, 0x00, 0x1F, 0xC0, 0x1F,
    0xE0, 0x03, 0xFC, 0x00, 0x7F, 0xE0, 0xFF, 0xC0, 0x01, 0xFF, 0xFF, 0xFC, 0x00, 0x07, 0xFF, 0xFF,
    0xC0, 0x00, 0x0F, 0xFF, 0xF8, 0x00, 0x00, 0x1F, 0xFF, 0x00, 0x00, 0x00, 0x1F, 0xC0, 0x00, 0x00,
    0x7F, 0xFF, 0xDF, 0xFF, 0xF7, 0xFF, 0xFD, 0xFF, 0xFF, 0x7F, 0xFF, 0xC0, 0x01, 0xFE, 0x00, 0x1F,
    0xFE, 0x00, 0xFF, 0xFC, 0x07, 0xFF, 0xF8, 0x3F, 0xFF, 0xF0, 0xFE, 0x1F, 0xC7, 0xE0, 0x1F, 0x9F,
    0x80, 0x7E, 0x7C, 0x00, 0xFB, 0xF0, 0x03, 0xFF, 0xC0, 0x0F, 0xFF, 0x00, 0x3F, 0x7C, 0x00, 0xF9,
    0xF8, 0x07, 0xE7, 0xF0, 0x3F, 0x8F, 0xE1, 0xFC, 0x3F, 0xFF, 0xF0, 0x7F, 0xFF, 0x80, 0xFF, 0xFC,
    0x00, 0xFF, 0xE0, 0x00, 0xFC, 0x00, 0x00, 0x0F, 0x80, 0x00, 0x00, 0x7C, 0x00, 0x00, 0x03, 0xE0,
    0x00, 0x00, 0x1F, 0x00, 0x00, 0x00, 0xF8, 0x00, 0x00, 0x07, 0xC0, 0x00, 0x00, 0x3E, 0x00, 0x00,
    0x01, 0xF0, 0x00, 0x00, 0x0F, 0x80, 0x07, 0xFF, 0xFF, 0xFF, 0xFF, 0xFF, 0xFF, 0xFF, 0xFF, 0xFF,
    0xFF, 0xFF, 0xFF, 0xFF, 0xFF, 0xFF, 0xFF, 0xFF, 0xFF, 0xFF, 0xFF, 0xFF, 0xE0, 0x01, 0xF0, 0x00,
    0x00, 0x0F, 0x80, 0x00, 0x00, 0x7C, 0x00, 0x00, 0x03, 0xE0, 0x00, 0x00, 0x1F, 0x00, 0x00, 0x00,
    0xF8, 0x00, 0x00, 0x07, 0xC0, 0x00, 0x00, 0x3E, 0x00, 0x00, 0x01, 0xF0, 0x00, 0x00, 0x00, 0x00,
    0x00, 0x00, 0x00, 0x00, 0x00, 0x00, 0x00, 0x01, 0xFF, 0xFF, 0xFF, 0xFF, 0xFF, 0xFF, 0xFF, 0xFF,
    0xFF, 0xFF, 0xFF, 0xFF, 0xFF, 0xFF, 0xFF, 0xFF, 0xFF, 0xFF, 0xFF, 0xFF, 0xFF, 0xF8, 0x00, 0xF8,
    0x00, 0x7F, 0xF8, 0x07, 0xFF, 0xF0, 0x7F, 0xFF, 0xC7, 0xFF, 0xFF, 0x7F, 0x87, 0xFB, 0xF0, 0x0F,
    0xDF, 0x80, 0x7E, 0xFC, 0x01, 0xF0, 0x00, 0x1F, 0x80, 0x00, 0xFC, 0x00, 0x0F, 0xE0, 0x00, 0xFE,
    0x00, 0x0F, 0xE0, 0x01, 0xFE, 0x00, 0x1F, 0xE0, 0x01, 0xFE, 0x00, 0x3F, 0xE0, 0x03, 0xFC, 0x00,
    0x3F, 0xC0, 0x03, 0xF8, 0x00, 0x7F, 0xFF, 0xFF, 0xFF, 0xFF, 0xFF, 0xFF, 0xFF, 0xFF, 0xFF, 0xFF,
    0xFF, 0xFF, 0xC0, 0x00, 0x7C, 0x00, 0x07, 0xFF, 0x80, 0x3F, 0xFF, 0x80, 0xFF, 0xFF, 0x83, 0xFF,
    0xFF, 0x87, 0xF0, 0x7F, 0x9F, 0xC0, 0x3F, 0x3F, 0x00, 0x7E, 0x00, 0x00, 0xFC, 0x00, 0x03, 0xF8,
    0x00, 0x0F, 0xE0, 0x07, 0xFF, 0x80, 0x0F, 0xFE, 0x00, 0x1F, 0xFC, 0x00, 0x3F, 0xFE, 0x00, 0x03,
    0xFE, 0x00, 0x00, 0xFC, 0x00, 0x00, 0xFD, 0xF0, 0x01, 0xFB, 0xF0, 0x07, 0xF7, 0xF0, 0x1F, 0xEF,
    0xFF, 0xFF, 0x8F, 0xFF, 0xFF, 0x0F, 0xFF, 0xFC, 0x0F, 0xFF, 0xE0, 0x07, 0xFF, 0x00, 0x00, 0x00,
    0x00, 0x00, 0x01, 0xFC, 0x3F, 0x0F, 0xE1, 0xF8, 0x7E, 0x0F, 0xC3, 0xF0, 0x7C, 0x1F, 0x80, 0xFC,
    0x00, 0x03, 0xF0, 0xFC, 0x00, 0x03, 0xF0, 0xFC, 0x00, 0x03, 0xF0, 0xFC, 0x00, 0x03, 0xF0, 0xFC,
    0x00, 0x03, 0xF0, 0xFC, 0x00, 0x03, 0xF0, 0xFC, 0x00, 0x03, 0xF0, 0xFC, 0x00, 0x03, 0xF0, 0xFC,
    0x00, 0x03, 0xF0, 0xFC, 0x00, 0x03, 0xF0, 0xFC, 0x00, 0x03, 0xF0, 0xFC, 0x00, 0x03, 0xF0, 0xFC,
    0x00, 0x03, 0xF0, 0xFC, 0x00, 0x03, 0xF0, 0xFC, 0x00, 0x03, 0xF0, 0xFC, 0x00, 0x03, 0xF0, 0xFC,
    0x00, 0x03, 0xF0, 0xFC, 0x00, 0x03, 0xF0, 0xFC, 0x00, 0x03, 0xF0, 0xFC, 0x00, 0x03, 0xF0, 0xFC,
    0x00, 0x03, 0xF0, 0xFC, 0x00, 0x03, 0xF0, 0xFE, 0x00, 0x03, 0xF0, 0xFE, 0x00, 0x03, 0xF0, 0xFE,
    0x00, 0x07, 0xF0, 0xFE, 0x00, 0x07, 0xF0, 0xFF, 0x00, 0x0F, 0xF0, 0xFF, 0x80, 0x0F, 0xF0, 0xFF,
    0xC0, 0x3F, 0xF8, 0xFF, 0xFF, 0xFF, 0xFF, 0xFF, 0xFF, 0xFD, 0xFF, 0xFD, 0xFF, 0xFC, 0xFF, 0xFC,
    0xFF, 0xF8, 0x7F, 0xFC, 0x7F, 0xE0, 0x3F, 0xFC, 0x0F, 0x80, 0x00, 0xFC, 0x00, 0x00, 0x00, 0xFC,
    0x00, 0x00, 0x00, 0xFC, 0x00, 0x00, 0x00, 0xFC, 0x00, 0x00, 0x00, 0xFC, 0x00, 0x00, 0x00, 0xFC,
    0x00, 0x00, 0x00, 0xFC, 0x00, 0x00, 0x00, 0xFC, 0x00, 0x00, 0x00, 0xFC, 0x00, 0x00, 0x00, 0xFC,
    0x00, 0x00, 0x00, 0xFC, 0x00, 0x00, 0x00, 0xFC, 0x00, 0x00, 0x00, 0x00, 0x1F, 0xFF, 0xF8, 0x07,
    0xFF, 0xFF, 0xC0, 0xFF, 0xFF, 0xFE, 0x0F, 0xFF, 0xFF, 0xF0, 0xFF, 0xFF, 0xFF, 0x8F, 0xFF, 0xFF,
    0xFC, 0xFF, 0xFF, 0x07, 0xEF, 0xFF, 0xF8, 0x3F, 0x7F, 0xFF, 0xC1, 0xFB, 0xFF, 0xFE, 0x0F, 0xFF,
    0xFF, 0xF0, 0x7F, 0xFF, 0xFF, 0x83, 0xFF, 0xFF, 0xFC, 0x1F, 0xFF, 0xFF, 0xE0, 0xFF, 0xFF, 0xFF,
    0x07, 0xFF, 0xFF, 0xF8, 0x3F, 0xFF, 0xFF, 0xC1, 0xFF, 0xFF, 0xFE, 0x0F, 0xFF, 0xFF, 0xF0, 0x7F,
    0xFF, 0xFF, 0x83, 0xF7, 0xFF, 0xFC, 0x1F, 0xBF, 0xFF, 0xE0, 0xFC, 0xFF, 0xFF, 0x07, 0xE7, 0xFF,
    0xF8, 0x3F, 0x1F, 0xFF, 0xC1, 0xF8, 0x7F, 0xFE, 0x0F, 0xC1, 0xFF, 0xF0, 0x7E, 0x03, 0xFF, 0x83,
    0xF0, 0x07, 0xFC, 0x1F, 0x80, 0x01, 0xC0, 0xFC, 0x00, 0x00, 0x07, 0xE0, 0x00, 0x00, 0x3F, 0x00,
    0x00, 0x01, 0xF8, 0x00, 0x00, 0x0F, 0xC0, 0x00, 0x00, 0x7E, 0x00, 0x00, 0x03, 0xF0, 0x00, 0x00,
    0x1F, 0x80, 0x00, 0x00, 0xFC, 0x00, 0x00, 0x07, 0xE0, 0x00, 0x00, 0x3F, 0x00, 0x00, 0x01, 0xF8,
    0x00, 0x00, 0x0F, 0xC0, 0x00, 0x00, 0x7E, 0x00, 0x00, 0x03, 0xF0, 0x00, 0x00, 0x1F, 0x80, 0x00,
    0x00, 0xFC, 0x3E, 0x3F, 0x9F, 0xFF, 0xFF, 0xFF, 0xFD, 0xFC, 0xFE, 0x1C, 0x00, 0x3C, 0x03, 0xC0,
    0x3C, 0x03, 0xC0, 0x3E, 0x03, 0xFC, 0x7F, 0xE7, 0xFE, 0x03, 0xF0, 0x1F, 0x01, 0xFF, 0xFE, 0xFF,
    0xEF, 0xFC, 0xFF, 0x00, 0x00, 0x00, 0x1F, 0xC3, 0xFE, 0x7F, 0xF7, 0xFF, 0xFF, 0xFF, 0xF7, 0xFF,
    0x3F, 0xE1, 0xF8, 0x0F, 0xC0, 0x7E, 0x03, 0xF0, 0x1F, 0x80, 0xFC, 0x07, 0xE0, 0x3F, 0x01, 0xF8,
    0x0F, 0xC0, 0x7E, 0x03, 0xF0, 0x1F, 0x80, 0xFC, 0x07, 0xE0, 0x3F, 0x01, 0xF8, 0x0F, 0xC0, 0x00,
    0x1E, 0x00, 0x00, 0x7F, 0xF0, 0x00, 0x7F, 0xFF, 0x00, 0x3F, 0xFF, 0xF0, 0x1F, 0xFF, 0xFC, 0x0F,
    0xFF, 0xFF, 0x83, 0xF8, 0x07, 0xF1, 0xFC, 0x00, 0xFC, 0x7E, 0x00, 0x3F, 0xBF, 0x80, 0x07, 0xEF,
    0xC0, 0x01, 0xFB, 0xF0, 0x00, 0x3F, 0xFC, 0x00, 0x0F, 0xFF, 0x00, 0x03, 0xFF, 0xC0, 0x00, 0xFF,
    0xF0, 0x00, 0x3F, 0xFC, 0x00, 0x0F, 0xFF, 0x00, 0x07, 0xEF, 0xE0, 0x01, 0xF9, 0xF8, 0x00, 0xFE,
    0x7F, 0x00, 0x3F, 0x0F, 0xE0, 0x1F, 0xC3, 0xFF, 0x3F, 0xE0, 0x7F, 0xFF, 0xF8, 0x0F, 0xFF, 0xFC,
    0x01, 0xFF, 0xFC, 0x00, 0x1F, 0xFE, 0x00, 0x00, 0xF8, 0x00, 0xFE, 0x07, 0xE0, 0x00, 0xFE, 0x0F,
    0xE0, 0x00, 0xFE, 0x0F, 0xE0, 0x01, 0xFE, 0x0F, 0xE0, 0x01, 0xFC, 0x0F, 0xE0, 0x01, 0xFC, 0x1F,
    0xE0, 0x01, 0xFC, 0x1F, 0xE0, 0x01, 0xFC, 0x1F, 0xC0, 0x01, 0xFC, 0x1F, 0xC0, 0x03, 0xFC, 0x1F,
    0xC0, 0x03, 0xFC, 0x1F, 0xC0, 0x03, 0xF8, 0x3F, 0xC0, 0x03, 0xF8, 0x3F, 0xC0, 0x03, 0xF8, 0x3F,
    0x80, 0x07, 0xF8, 0x3F, 0x80, 0x0F, 0xE0, 0xFE, 0x00, 0x3F, 0x83, 0xFC, 0x00, 0xFE, 0x0F, 0xF0,
    0x03, 0xF8, 0x1F, 0xC0, 0x0F, 0xF0, 0x7F, 0x00, 0x3F, 0xC1, 0xFC, 0x00, 0x7F, 0x07, 0xF0, 0x01,
    0xFC, 0x1F, 0xC0, 0x07, 0xF0, 0x7F, 0x80, 0x1F, 0xC0, 0xFE, 0x00, 0x7F, 0x03, 0xF8, 0x01, 0xFE,
    0x0F, 0xE0, 0x03, 0xF8, 0x3F, 0x80, 0x0F, 0xE0, 0x7E, 0x00, 0x00, 0x0F, 0xE0, 0x00, 0x00, 0x3F,
    0x00, 0xFF, 0x00, 0x00, 0x03, 0xF0, 0x0F, 0xF8, 0x00, 0x00, 0x1F, 0x81, 0xFF, 0xC0, 0x00, 0x01,
    0xF8, 0x0F, 0xFE, 0x00, 0x00, 0x1F, 0x80, 0x7D, 0xF0, 0x00, 0x00, 0xFC, 0x03, 0xCF, 0x80, 0x00,
    0x0F, 0xC0, 0x1C, 0x7C, 0x00, 0x00, 0xFC, 0x00, 0x83, 0xE0, 0x00, 0x0F, 0xE0, 0x00, 0x1F, 0x00,
    0x00, 0x7E, 0x00, 0x00, 0xF8, 0x00, 0x07, 0xE0, 0x00, 0x07, 0xC0, 0x00, 0x7E, 0x00, 0x00, 0x3E,
    0x00, 0x03, 0xF0, 0x00, 0x01, 0xF0, 0x00, 0x3F, 0x00, 0x00, 0x0F, 0x80, 0x03, 0xF0, 0x00, 0x00,
    0x7C, 0x00, 0x1F, 0x80, 0x00, 0x03, 0xE0, 0x01, 0xF8, 0x00, 0x00, 0x1F, 0x00, 0x1F, 0x80, 0x00,
    0x00, 0xF8, 0x00, 0xFC, 0x00, 0x00, 0x07, 0xC0, 0x0F, 0xC0, 0x00, 0x00, 0x3E, 0x00, 0xFC, 0x00,
    0x00, 0x01, 0xF0, 0x07, 0xE0, 0x0F, 0xE0, 0x0F, 0x80, 0x7E, 0x00, 0xFF, 0x00, 0x7C, 0x07, 0xE0,
    0x07, 0xF8, 0x03, 0xE0, 0x7F, 0x00, 0x7F, 0xC0, 0x00, 0x03, 0xF0, 0x07, 0xFE, 0x00, 0x00, 0x3F,
    0x00, 0x3F, 0xF0, 0x00, 0x03, 0xF0, 0x03, 0xFF, 0x80, 0x00, 0x1F, 0x80, 0x1F, 0xFC, 0x00, 0x01,
    0xF8, 0x01, 0xF7, 0xE0, 0x00, 0x1F, 0x80, 0x1F, 0xBF, 0x00, 0x00, 0xFC, 0x00, 0xF9, 0xF8, 0x00,
    0x0F, 0xC0, 0x0F, 0xCF, 0xC0, 0x00, 0xFC, 0x00, 0x7C, 0x7E, 0x00, 0x07, 0xE0, 0x07, 0xC3, 0xF0,
    0x00, 0x7E, 0x00, 0x7E, 0x1F, 0x80, 0x07, 0xE0, 0x03, 0xE0, 0xFC, 0x00, 0x3F, 0x00, 0x3F, 0xFF,
    0xF8, 0x03, 0xF0, 0x01, 0xFF, 0xFF, 0xE0, 0x3F, 0x00, 0x0F, 0xFF, 0xFF, 0x03, 0xF8, 0x00, 0x7F,
    0xFF, 0xF8, 0x1F, 0x80, 0x03, 0xFF, 0xFF, 0xC1, 0xF8, 0x00, 0x00, 0x03, 0xF0, 0x1F, 0x80, 0x00,
    0x00, 0x1F, 0x80, 0xFC, 0x00, 0x00, 0x00, 0xFC, 0x0F, 0xC0, 0x00, 0x00, 0x07, 0xE0, 0x0F, 0xE0,
    0x00, 0x00, 0x3F, 0x00, 0x3F, 0xC0, 0x00, 0x00, 0xFC, 0x00, 0xFF, 0x80, 0x00, 0x01, 0xF8, 0x07,
    0xFF, 0x00, 0x00, 0x07, 0xE0, 0x0F, 0xFE, 0x00, 0x00, 0x1F, 0x80, 0x1F, 0x7C, 0x00, 0x00, 0x3F,
    0x00, 0x3C, 0xF8, 0x00, 0x00, 0xFC, 0x00, 0x71, 0xF0, 0x00, 0x03, 0xF0, 0x00, 0x83, 0xE0, 0x00,
    0x0F, 0xE0, 0x00, 0x07, 0xC0, 0x00, 0x1F, 0x80, 0x00, 0x0F, 0x80, 0x00, 0x7E, 0x00, 0x00, 0x1F,
    0x00, 0x01, 0xF8, 0x00, 0x00, 0x3E, 0x00, 0x03, 0xF0, 0x00, 0x00, 0x7C, 0x00, 0x0F, 0xC0, 0x00,
    0x00, 0xF8, 0x00, 0x3F, 0x00, 0x00, 0x01, 0xF0, 0x00, 0x7E, 0x00, 0x00, 0x03, 0xE0, 0x01, 0xF8,
    0x00, 0x00, 0x07, 0xC0, 0x07, 0xE0, 0x00, 0x00, 0x0F, 0x80, 0x0F, 0xC0, 0x00, 0x00, 0x1F, 0x00,
    0x3F, 0x00, 0x00, 0x00, 0x3E, 0x00, 0xFC, 0x00, 0x00, 0x00, 0x7C, 0x01, 0xF8, 0x07, 0xFC, 0x00,
    0xF8, 0x07, 0xE0, 0x3F, 0xFC, 0x01, 0xF0, 0x1F, 0x80, 0xFF, 0xFC, 0x03, 0xE0, 0x7F, 0x03, 0xFF,
    0xFC, 0x00, 0x00, 0xFC, 0x07, 0xF1, 0xFC, 0x00, 0x03, 0xF0, 0x0F, 0x81, 0xF8, 0x00, 0x0F, 0xC0,
    0x3F, 0x03, 0xF0, 0x00, 0x1F, 0x80, 0x3E, 0x03, 0xE0, 0x00, 0x7E, 0x00, 0x00, 0x0F, 0xC0, 0x01,
    0xF8, 0x00, 0x00, 0x1F, 0x00, 0x03, 0xF0, 0x00, 0x00, 0x7E, 0x00, 0x0F, 0xC0, 0x00, 0x01, 0xF8,
    0x00, 0x3F, 0x00, 0x00, 0x07, 0xF0, 0x00, 0x7E, 0x00, 0x00, 0x1F, 0xC0, 0x01, 0xF8, 0x00, 0x00,
    0x7F, 0x00, 0x07, 0xE0, 0x00, 0x01, 0xFC, 0x00, 0x0F, 0xC0, 0x00, 0x07, 0xF0, 0x00, 0x3F, 0x00,
    0x00, 0x1F, 0xC0, 0x00, 0xFC, 0x00, 0x00, 0x7F, 0x00, 0x03, 0xF8, 0x00, 0x01, 0xFC, 0x00, 0x07,
    0xE0, 0x00, 0x03, 0xF0, 0x00, 0x1F, 0x80, 0x00, 0x0F, 0xFF, 0xF8, 0x7E, 0x00, 0x00, 0x1F, 0xFF,
    0xF0, 0xFC, 0x00, 0x00, 0x3F, 0xFF, 0xE3, 0xF0, 0x00, 0x00, 0x7F, 0xFF, 0xC0, 0x00, 0x00, 0x00,
    0x00, 0x00, 0x00, 0x00, 0xFF, 0x80, 0x00, 0x00, 0x7E, 0x00, 0xFF, 0xF0, 0x00, 0x00, 0x3F, 0x00,
    0x7F, 0xFE, 0x00, 0x00, 0x0F, 0xC0, 0x3F, 0xFF, 0xC0, 0x00, 0x07, 0xE0, 0x1F, 0xE3, 0xF0, 0x00,
    0x03, 0xF0, 0x07, 0xE0, 0x7E, 0x00, 0x00, 0xFC, 0x01, 0xF0, 0x1F, 0x80, 0x00, 0x7E, 0x00, 0x00,
    0x07, 0xE0, 0x00, 0x3F, 0x00, 0x00, 0x01, 0xF8, 0x00, 0x1F, 0xC0, 0x00, 0x00, 0xFC, 0x00, 0x07,
    0xE0, 0x00, 0x07, 0xFE, 0x00, 0x03, 0xF0, 0x00, 0x01, 0xFF, 0x00, 0x01, 0xF8, 0x00, 0x00, 0x7F,
    0xC0, 0x00, 0x7E, 0x00, 0x00, 0x1F, 0xFC, 0x00, 0x3F, 0x00, 0x00, 0x07, 0xFF, 0x80, 0x1F, 0x80,
    0x00, 0x00, 0x07, 0xE0, 0x07, 0xE0, 0x00, 0x00, 0x00, 0xFC, 0x03, 0xF0, 0x00, 0x00, 0x00, 0x3F,
    0x01, 0xF8, 0x00, 0x01, 0xF0, 0x0F, 0xC0, 0x7E, 0x00, 0x00, 0x7C, 0x07, 0xF0, 0x3F, 0x00, 0x00,
    0x1F, 0xC3, 0xF8, 0x1F, 0x80, 0x00, 0x07, 0xFF, 0xFE, 0x07, 0xE0, 0x0F, 0xE0, 0xFF, 0xFF, 0x03,
    0xF0, 0x07, 0xF8, 0x1F, 0xFF, 0x81, 0xF8, 0x01, 0xFE, 0x01, 0xFF, 0x80, 0xFE, 0x00, 0xFF, 0x80,
    0x0F, 0x00, 0x3F, 0x00, 0x7F, 0xE0, 0x00, 0x00, 0x1F, 0x80, 0x1F, 0xF8, 0x00, 0x00, 0x0F, 0xC0,
    0x0F, 0xFE, 0x00, 0x00, 0x03, 0xF0, 0x03, 0xFF, 0x80, 0x00, 0x01, 0xF8, 0x01, 0xF7, 0xE0, 0x00,
    0x00, 0xFC, 0x00, 0xFD, 0xF8, 0x00, 0x00, 0x3F, 0x00, 0x3E, 0x7E, 0x00, 0x00, 0x1F, 0x80, 0x1F,
    0x9F, 0x80, 0x00, 0x0F, 0xC0, 0x07, 0xC7, 0xE0, 0x00, 0x03, 0xF0, 0x03, 0xE1, 0xF8, 0x00, 0x01,
    0xF8, 0x01, 0xF8, 0x7E, 0x00, 0x00, 0xFC, 0x00, 0x7C, 0x1F, 0x80, 0x00, 0x3F, 0x00, 0x3F, 0xFF,
    0xF8, 0x00, 0x1F, 0x80, 0x0F, 0xFF, 0xFF, 0x00, 0x0F, 0xC0, 0x03, 0xFF, 0xFF, 0xC0, 0x07, 0xF0,
    0x00, 0xFF, 0xFF, 0xF0, 0x01, 0xF8, 0x00, 0x3F, 0xFF, 0xFC, 0x00, 0xFC, 0x00, 0x00, 0x01, 0xF8,
    0x00, 0x7E, 0x00, 0x00, 0x00, 0x7E, 0x00, 0x1F, 0x80, 0x00, 0x00, 0x1F, 0x80, 0x0F, 0xC0, 0x00,
    0x00, 0x07, 0xE0, 0x00, 0x00, 0x00, 0x00, 0x01, 0xF0, 0x00, 0x00, 0x7F, 0x00, 0x00, 0x1F, 0xF0,
    0x00, 0x03, 0xFE, 0x00, 0x00, 0x7F, 0xC0, 0x00, 0x0F, 0xF0, 0x00, 0x00, 0xFE, 0x00, 0x00, 0x0F,
    0x80, 0x00, 0x00, 0x00, 0x00, 0x00, 0x00, 0x00, 0x00, 0x00, 0x00, 0x00, 0x00, 0x00, 0x00, 0x00,
    0x00, 0x00, 0x00, 0x03, 0xE0, 0x00, 0x00, 0xFE, 0x00, 0x00, 0x1F, 0xC0, 0x00, 0x03, 0xF0, 0x00,
    0x00, 0x7E, 0x00, 0x00, 0x0F, 0xC0, 0x00, 0x03, 0xF8, 0x00, 0x00, 0x7F, 0x00, 0x00, 0x1F, 0xC0,
    0x00, 0x0F, 0xF8, 0x00, 0x03, 0xFE, 0x00, 0x01, 0xFF, 0x80, 0x00, 0x7F, 0xE0, 0x00, 0x1F, 0xF8,
    0x00, 0x03, 0xFC, 0x00, 0x00, 0xFF, 0x00, 0x00, 0x1F, 0xC0, 0x00, 0x07, 0xF0, 0x00, 0x00, 0xFE,
    0x00, 0x00, 0x1F, 0x80, 0x00, 0x03, 0xF0, 0x00, 0x1F, 0x7E, 0x00, 0x03, 0xFF, 0xC0, 0x00, 0xFF,
    0xF8, 0x00, 0x1F, 0xFF, 0x80, 0x03, 0xFF, 0xF0, 0x00, 0xFE, 0x7F, 0x00, 0x3F, 0xCF, 0xF8, 0x0F,
    0xF0, 0xFF, 0xFF, 0xFE, 0x0F, 0xFF, 0xFF, 0x80, 0xFF, 0xFF, 0xE0, 0x0F, 0xFF, 0xF0, 0x00, 0x7F,
    0xFC, 0x00, 0x01, 0xF8, 0x00, 0x00, 0x00, 0x00, 0x00, 0x00, 0x00, 0x07, 0xF0, 0x00, 0x00, 0x00,
    0x01, 0xFC, 0x00, 0x00, 0x00, 0x00, 0x7E, 0x00, 0x00, 0x00, 0x00, 0x3F, 0x00, 0x00, 0x00, 0x00,
    0x0F, 0xC0, 0x00, 0x00, 0x00, 0x03, 0xE0, 0x00, 0x00, 0x00, 0x01, 0xF8, 0x00, 0x00, 0x00, 0x00,
    0x7C, 0x00, 0x00, 0x00, 0x00, 0x3F, 0x00, 0x00, 0x00, 0x00, 0x00, 0x00, 0x00, 0x00, 0x00, 0x00,
    0x00, 0x00, 0x00, 0x00, 0x00, 0x00, 0x00, 0x00, 0x00, 0x00, 0x00, 0x00, 0x00, 0x00, 0x01, 0xFC,
    0x00, 0x00, 0x00, 0x01, 0xFE, 0x00, 0x00, 0x00, 0x00, 0xFF, 0x80, 0x00, 0x00, 0x00, 0xFF, 0xC0,
    0x00, 0x00, 0x00, 0x7F, 0xE0, 0x00, 0x00, 0x00, 0x3F, 0xF8, 0x00, 0x00, 0x00, 0x3F, 0xFC, 0x00,
    0x00, 0x00, 0x1F, 0xBE, 0x00, 0x00, 0x00, 0x0F, 0xDF, 0x80, 0x00, 0x00, 0x0F, 0xCF, 0xC0, 0x00,
    0x00, 0x07, 0xE7, 0xF0, 0x00, 0x00, 0x03, 0xF1, 0xF8, 0x00, 0x00, 0x03, 0xF0, 0xFC, 0x00, 0x00,
    0x01, 0xF8, 0x7F, 0x00, 0x00, 0x01, 0xFC, 0x1F, 0x80, 0x00, 0x00, 0xFC, 0x0F, 0xC0, 0x00, 0x00,
    0x7E, 0x07, 0xF0, 0x00, 0x00, 0x7F, 0x01, 0xF8, 0x00, 0x00, 0x3F, 0x00, 0xFE, 0x00, 0x00, 0x1F,
    0x80, 0x7F, 0x00, 0x00, 0x1F, 0xC0, 0x1F, 0x80, 0x00, 0x0F, 0xC0, 0x0F, 0xE0, 0x00, 0x07, 0xE0,
    0x07, 0xF0, 0x00, 0x07, 0xF0, 0x01, 0xF8, 0x00, 0x03, 0xF0, 0x00, 0xFE, 0x00, 0x03, 0xF8, 0x00,
    0x3F, 0x00, 0x01, 0xFC, 0x00, 0x1F, 0x80, 0x00, 0xFC, 0x00, 0x0F, 0xE0, 0x00, 0xFF, 0xFF, 0xFF,
    0xF0, 0x00, 0x7F, 0xFF, 0xFF, 0xFC, 0x00, 0x3F, 0xFF, 0xFF, 0xFE, 0x00, 0x3F, 0xFF, 0xFF, 0xFF,
    0x00, 0x1F, 0xFF, 0xFF, 0xFF, 0xC0, 0x0F, 0xFF, 0xFF, 0xFF, 0xE0, 0x0F, 0xE0, 0x00, 0x03, 0xF0,
    0x07, 0xF0, 0x00, 0x01, 0xFC, 0x07, 0xF0, 0x00, 0x00, 0xFE, 0x03, 0xF8, 0x00, 0x00, 0x3F, 0x01,
    0xF8, 0x00, 0x00, 0x1F, 0xC1, 0xFC, 0x00, 0x00, 0x0F, 0xE0, 0xFE, 0x00, 0x00, 0x03, 0xF8, 0x7E,
    0x00, 0x00, 0x01, 0xFC, 0x7F, 0x00, 0x00, 0x00, 0x7E, 0x3F, 0x80, 0x00, 0x00, 0x3F, 0x9F, 0x80,
    0x00, 0x00, 0x1F, 0xDF, 0xC0, 0x00, 0x00, 0x07, 0xE0, 0x00, 0x00, 0x00, 0x00, 0x00, 0x00, 0x00,
    0x01, 0xF8, 0x00, 0x00, 0x00, 0x01, 0xFC, 0x00, 0x00, 0x00, 0x00, 0xFC, 0x00, 0x00, 0x00, 0x00,
    0xFC, 0x00, 0x00, 0x00, 0x00, 0x7E, 0x00, 0x00, 0x00, 0x00, 0x7E, 0x00, 0x00, 0x00, 0x00, 0x3E,
    0x00, 0x00, 0x00, 0x00, 0x3F, 0x00, 0x00, 0x00, 0x00, 0x1F, 0x00, 0x00, 0x00, 0x00, 0x00, 0x00,
    0x00, 0x00, 0x00, 0x00, 0x00, 0x00, 0x00, 0x00, 0x00, 0x00, 0x00, 0x00, 0x00, 0x00, 0x00, 0x00,
    0x00, 0x00, 0x01, 0xFC, 0x00, 0x00, 0x00, 0x01, 0xFE, 0x00, 0x00, 0x00, 0x00, 0xFF, 0x80, 0x00,
    0x00, 0x00, 0xFF, 0xC0, 0x00, 0x00, 0x00, 0x7F, 0xE0, 0x00, 0x00, 0x00, 0x3F, 0xF8, 0x00, 0x00,
    0x00, 0x3F, 0xFC, 0x00, 0x00, 0x00, 0x1F, 0xBE, 0x00, 0x00, 0x00, 0x0F, 0xDF, 0x80, 0x00, 0x00,
    0x0F, 0xCF, 0xC0, 0x00, 0x00, 0x07, 0xE7, 0xF0, 0x00, 0x00, 0x03, 0xF1, 0xF8, 0x00, 0x00, 0x03,
    0xF0, 0xFC, 0x00, 0x00, 0x01, 0xF8, 0x7F, 0x00, 0x00, 0x01, 0xFC, 0x1F, 0x80, 0x00, 0x00, 0xFC,
    0x0F, 0xC0, 0x00, 0x00, 0x7E, 0x07, 0xF0, 0x00, 0x00, 0x7F, 0x01, 0xF8, 0x00, 0x00, 0x3F, 0x00,
    0xFE, 0x00, 0x00, 0x1F, 0x80, 0x7F, 0x00, 0x00, 0x1F, 0xC0, 0x1F, 0x80, 0x00, 0x0F, 0xC0, 0x0F,
    0xE0, 0x00, 0x07, 0xE0, 0x07, 0xF0, 0x00, 0x07, 0xF0, 0x01, 0xF8, 0x00, 0x03, 0xF0, 0x00, 0xFE,
    0x00, 0x03, 0xF8, 0x00, 0x3F, 0x00, 0x01, 0xFC, 0x00, 0x1F, 0x80, 0x00, 0xFC, 0x00, 0x0F, 0xE0,
    0x00, 0xFF, 0xFF, 0xFF, 0xF0, 0x00, 0x7F, 0xFF, 0xFF, 0xFC, 0x00, 0x3F, 0xFF, 0xFF, 0xFE, 0x00,
    0x3F, 0xFF, 0xFF, 0xFF, 0x00, 0x1F, 0xFF, 0xFF, 0xFF, 0xC0, 0x0F, 0xFF, 0xFF, 0xFF, 0xE0, 0x0F,
    0xE0, 0x00, 0x03, 0xF0, 0x07, 0xF0, 0x00, 0x01, 0xFC, 0x07, 0xF0, 0x00, 0x00, 0xFE, 0x03, 0xF8,
    0x00, 0x00, 0x3F, 0x01, 0xF8, 0x00, 0x00, 0x1F, 0xC1, 0xFC, 0x00, 0x00, 0x0F, 0xE0, 0xFE, 0x00,
    0x00, 0x03, 0xF8, 0x7E, 0x00, 0x00, 0x01, 0xFC, 0x7F, 0x00, 0x00, 0x00, 0x7E, 0x3F, 0x80, 0x00,
    0x00, 0x3F, 0x9F, 0x80, 0x00, 0x00, 0x1F, 0xDF, 0xC0, 0x00, 0x00, 0x07, 0xE0, 0x00, 0x00, 0x00,
    0x00, 0x00, 0x00, 0x00, 0x3F, 0x80, 0x00, 0x00, 0x00, 0x3F, 0xE0, 0x00, 0x00, 0x00, 0x3F, 0xF8,
    0x00, 0x00, 0x00, 0x3F, 0xFE, 0x00, 0x00, 0x00, 0x3F, 0xBF, 0x00, 0x00, 0x00, 0x3F, 0x8F, 0xC0,
    0x00, 0x00, 0x3F, 0x83, 0xF0, 0x00, 0x00, 0x1F, 0x80, 0xFC, 0x00, 0x00, 0x1F, 0x80, 0x7E, 0x00,
    0x00, 0x00, 0x00, 0x00, 0x00, 0x00, 0x00, 0x00, 0x00, 0x00, 0x00, 0x00, 0x00, 0x00, 0x00, 0x00,
    0x00, 0x00, 0x00, 0x00, 0x00, 0x00, 0x01, 0xFC, 0x00, 0x00, 0x00, 0x01, 0xFE, 0x00, 0x00, 0x00,
    0x00, 0xFF, 0x80, 0x00, 0x00, 0x00, 0xFF, 0xC0, 0x00, 0x00, 0x00, 0x7F, 0xE0, 0x00, 0x00, 0x00,
    0x3F, 0xF8, 0x00, 0x00, 0x00, 0x3F, 0xFC, 0x00, 0x00, 0x00, 0x1F, 0xBE, 0x00, 0x00, 0x00, 0x0F,
    0xDF, 0x80, 0x00, 0x00, 0x0F, 0xCF, 0xC0, 0x00, 0x00, 0x07, 0xE7, 0xF0, 0x00, 0x00, 0x03, 0xF1,
    0xF8, 0x00, 0x00, 0x03, 0xF0, 0xFC, 0x00, 0x00, 0x01, 0xF8, 0x7F, 0x00, 0x00, 0x01, 0xFC, 0x1F,
    0x80, 0x00, 0x00, 0xFC, 0x0F, 0xC0, 0x00, 0x00, 0x7E, 0x07, 0xF0, 0x00, 0x00, 0x7F, 0x01, 0xF8,
    0x00, 0x00, 0x3F, 0x00, 0xFE, 0x00, 0x00, 0x1F, 0x80, 0x7F, 0x00, 0x00, 0x1F, 0xC0, 0x1F, 0x80,
    0x00, 0x0F, 0xC0, 0x0F, 0xE0, 0x00, 0x07, 0xE0, 0x07, 0xF0, 0x00, 0x07, 0xF0, 0x01, 0xF8, 0x00,
    0x03, 0xF0, 0x00, 0xFE, 0x00, 0x03, 0xF8, 0x00, 0x3F, 0x00, 0x01, 0xFC, 0x00, 0x1F, 0x80, 0x00,
    0xFC, 0x00, 0x0F, 0xE0, 0x00, 0xFF, 0xFF, 0xFF, 0xF0, 0x00, 0x7F, 0xFF, 0xFF, 0xFC, 0x00, 0x3F,
    0xFF, 0xFF, 0xFE, 0x00, 0x3F, 0xFF, 0xFF, 0xFF, 0x00, 0x1F, 0xFF, 0xFF, 0xFF, 0xC0, 0x0F, 0xFF,
    0xFF, 0xFF, 0xE0, 0x0F, 0xE0, 0x00, 0x03, 0xF0, 0x07, 0xF0, 0x00, 0x01, 0xFC, 0x07, 0xF0, 0x00,
    0x00, 0xFE, 0x03, 0xF8, 0x00, 0x00, 0x3F, 0x01, 0xF8, 0x00, 0x00, 0x1F, 0xC1, 0xFC, 0x00, 0x00,
    0x0F, 0xE0, 0xFE, 0x00, 0x00, 0x03, 0xF8, 0x7E, 0x00, 0x00, 0x01, 0xFC, 0x7F, 0x00, 0x00, 0x00,
    0x7E, 0x3F, 0x80, 0x00, 0x00, 0x3F, 0x9F, 0x80, 0x00, 0x00, 0x1F, 0xDF, 0xC0, 0x00, 0x00, 0x07,
    0xE0, 0x00, 0x00, 0x80, 0x00, 0x00, 0x00, 0x03, 0xF8, 0x3E, 0x00, 0x00, 0x03, 0xFF, 0x1E, 0x00,
    0x00, 0x01, 0xFF, 0xFF, 0x00, 0x00, 0x00, 0xFF, 0xFF, 0x80, 0x00, 0x00, 0xF9, 0xFF, 0x80, 0x00,
    0x00, 0x7C, 0x3F, 0x80, 0x00, 0x00, 0x1C, 0x03, 0x80, 0x00, 0x00, 0x00, 0x00, 0x00, 0x00, 0x00,
    0x00, 0x00, 0x00, 0x00, 0x00, 0x00, 0x00, 0x00, 0x00, 0x00, 0x00, 0x00, 0x00, 0x00, 0x00, 0x00,
    0x00, 0x00, 0x00, 0x00, 0x00, 0x03, 0xF8, 0x00, 0x00, 0x00, 0x03, 0xFC, 0x00, 0x00, 0x00, 0x01,
    0xFF, 0x00, 0x00, 0x00, 0x01, 0xFF, 0x80, 0x00, 0x00, 0x00, 0xFF, 0xC0, 0x00, 0x00, 0x00, 0x7F,
    0xF0, 0x00, 0x00, 0x00, 0x7F, 0xF8, 0x00, 0x00, 0x00, 0x3F, 0x7C, 0x00, 0x00, 0x00, 0x1F, 0xBF,
    0x00, 0x00, 0x00, 0x1F, 0x9F, 0x80, 0x00, 0x00, 0x0F, 0xCF, 0xE0, 0x00, 0x00, 0x07, 0xE3, 0xF0,
    0x00, 0x00, 0x07, 0xE1, 0xF8, 0x00, 0x00, 0x03, 0xF0, 0xFE, 0x00, 0x00, 0x03, 0xF8, 0x3F, 0x00,
    0x00, 0x01, 0xF8, 0x1F, 0x80, 0x00, 0x00, 0xFC, 0x0F, 0xE0, 0x00, 0x00, 0xFE, 0x03, 0xF0, 0x00,
    0x00, 0x7E, 0x01, 0xFC, 0x00, 0x00, 0x3F, 0x00, 0xFE, 0x00, 0x00, 0x3F, 0x80, 0x3F, 0x00, 0x00,
    0x1F, 0x80, 0x1F, 0xC0, 0x00, 0x0F, 0xC0, 0x0F, 0xE0, 0x00, 0x0F, 0xE0, 0x03, 0xF0, 0x00, 0x07,
    0xE0, 0x01, 0xFC, 0x00, 0x07, 0xF0, 0x00, 0x7E, 0x00, 0x03, 0xF8, 0x00, 0x3F, 0x00, 0x01, 0xF8,
    0x00, 0x1F, 0xC0, 0x01, 0xFF, 0xFF, 0xFF, 0xE0, 0x00, 0xFF, 0xFF, 0xFF, 0xF8, 0x00, 0x7F, 0xFF,
    0xFF, 0xFC, 0x00, 0x7F, 0xFF, 0xFF, 0xFE, 0x00, 0x3F, 0xFF, 0xFF, 0xFF, 0x80, 0x1F, 0xFF, 0xFF,
    0xFF, 0xC0, 0x1F, 0xC0, 0x00, 0x07, 0xE0, 0x0F, 0xE0, 0x00, 0x03, 0xF8, 0x0F, 0xE0, 0x00, 0x01,
    0xFC, 0x07, 0xF0, 0x00, 0x00, 0x7E, 0x03, 0xF0, 0x00, 0x00, 0x3F, 0x83, 0xF8, 0x00, 0x00, 0x1F,
    0xC1, 0xFC, 0x00, 0x00, 0x07, 0xF0, 0xFC, 0x00, 0x00, 0x03, 0xF8, 0xFE, 0x00, 0x00, 0x00, 0xFC,
    0x7F, 0x00, 0x00, 0x00, 0x7F, 0x3F, 0x00, 0x00, 0x00, 0x3F, 0xBF, 0x80, 0x00, 0x00, 0x0F, 0xC0,
    0x00, 0x0F, 0x00, 0x78, 0x00, 0x00, 0x0F, 0xC0, 0x7E, 0x00, 0x00, 0x0F, 0xF0, 0x7F, 0x00, 0x00,
    0x07, 0xF8, 0x3F, 0xC0, 0x00, 0x03, 0xFC, 0x1F, 0xE0, 0x00, 0x01, 0xFE, 0x0F, 0xE0, 0x00, 0x00,
    0x7E, 0x03, 0xF0, 0x00, 0x00, 0x1E, 0x00, 0xF0, 0x00, 0x00, 0x00, 0x00, 0x00, 0x00, 0x00, 0x00,
    0x00, 0x00, 0x00, 0x00, 0x00, 0x00, 0x00, 0x00, 0x00, 0x00, 0x00, 0x00, 0x00, 0x00, 0x00, 0x00,
    0x00, 0x00, 0x00, 0x00, 0x03, 0xF8, 0x00, 0x00, 0x00, 0x03, 0xFC, 0x00, 0x00, 0x00, 0x01, 0xFF,
    0x00, 0x00, 0x00, 0x01, 0xFF, 0x80, 0x00, 0x00, 0x00, 0xFF, 0xC0, 0x00, 0x00, 0x00, 0x7F, 0xF0,
    0x00, 0x00, 0x00, 0x7F, 0xF8, 0x00, 0x00, 0x00, 0x3F, 0x7C, 0x00, 0x00, 0x00, 0x1F, 0xBF, 0x00,
    0x00, 0x00, 0x1F, 0x9F, 0x80, 0x00, 0x00, 0x0F, 0xCF, 0xE0, 0x00, 0x00, 0x07, 0xE3, 0xF0, 0x00,
    0x00, 0x07, 0xE1, 0xF8, 0x00, 0x00, 0x03, 0xF0, 0xFE, 0x00, 0x00, 0x03, 0xF8, 0x3F, 0x00, 0x00,
    0x01, 0xF8, 0x1F, 0x80, 0x00, 0x00, 0xFC, 0x0F, 0xE0, 0x00, 0x00, 0xFE, 0x03, 0xF0, 0x00, 0x00,
    0x7E, 0x01, 0xFC, 0x00, 0x00, 0x3F, 0x00, 0xFE, 0x00, 0x00, 0x3F, 0x80, 0x3F, 0x00, 0x00, 0x1F,
    0x80, 0x1F, 0xC0, 0x00, 0x0F, 0xC0, 0x0F, 0xE0, 0x00, 0x0F, 0xE0, 0x03, 0xF0, 0x00, 0x07, 0xE0,
    0x01, 0xFC, 0x00, 0x07, 0xF0, 0x00, 0x7E, 0x00, 0x03, 0xF8, 0x00, 0x3F, 0x00, 0x01, 0xF8, 0x00,
    0x1F, 0xC0, 0x01, 0xFF, 0xFF, 0xFF, 0xE0, 0x00, 0xFF, 0xFF, 0xFF, 0xF8, 0x00, 0x7F, 0xFF, 0xFF,
    0xFC, 0x00, 0x7F, 0xFF, 0xFF, 0xFE, 0x00, 0x3F, 0xFF, 0xFF, 0xFF, 0x80, 0x1F, 0xFF, 0xFF, 0xFF,
    0xC0, 0x1F, 0xC0, 0x00, 0x07, 0xE0, 0x0F, 0xE0, 0x00, 0x03, 0xF8, 0x0F, 0xE0, 0x00, 0x01, 0xFC,
    0x07, 0xF0, 0x00, 0x00, 0x7E, 0x03, 0xF0, 0x00, 0x00, 0x3F, 0x83, 0xF8, 0x00, 0x00, 0x1F, 0xC1,
    0xFC, 0x00, 0x00, 0x07, 0xF0, 0xFC, 0x00, 0x00, 0x03, 0xF8, 0xFE, 0x00, 0x00, 0x00, 0xFC, 0x7F,
    0x00, 0x00, 0x00, 0x7F, 0x3F, 0x00, 0x00, 0x00, 0x3F, 0xBF, 0x80, 0x00, 0x00, 0x0F, 0xC0, 0x00,
    0x00, 0x1C, 0x00, 0x00, 0x00, 0x00, 0x7F, 0xC0, 0x00, 0x00, 0x00, 0x7F, 0xF0, 0x00, 0x00, 0x00,
    0x7F, 0xFC, 0x00, 0x00, 0x00, 0x7F, 0xFF, 0x00, 0x00, 0x00, 0x3E, 0x1F, 0x80, 0x00, 0x00, 0x3E,
    0x07, 0xC0, 0x00, 0x00, 0x1F, 0x01, 0xF0, 0x00, 0x00, 0x0F, 0x80, 0xF8, 0x00, 0x00, 0x07, 0xC0,
    0xF8, 0x00, 0x00, 0x03, 0xF0, 0x7C, 0x00, 0x00, 0x00, 0xFE, 0xFE, 0x00, 0x00, 0x00, 0x7F, 0xFE,
    0x00, 0x00, 0x00, 0x1F, 0xFE, 0x00, 0x00, 0x00, 0x07, 0xFE, 0x00, 0x00, 0x00, 0x00, 0xFC, 0x00,
    0x00, 0x00, 0x00, 0x00, 0x00, 0x00, 0x00, 0x00, 0x3F, 0x80, 0x00, 0x00, 0x00, 0x3F, 0xC0, 0x00,
    0x00, 0x00, 0x1F, 0xF0, 0x00, 0x00, 0x00, 0x1F, 0xF8, 0x00, 0x00, 0x00, 0x0F, 0xFC, 0x00, 0x00,
    0x00, 0x07, 0xFF, 0x00, 0x00, 0x00, 0x07, 0xFF, 0x80, 0x00, 0x00, 0x03, 0xF7, 0xC0, 0x00, 0x00,
    0x01, 0xFB, 0xF0, 0x00, 0x00, 0x01, 0xF9, 0xF8, 0x00, 0x00, 0x00, 0xFC, 0xFE, 0x00, 0x00, 0x00,
    0x7E, 0x3F, 0x00, 0x00, 0x00, 0x7E, 0x1F, 0x80, 0x00, 0x00, 0x3F, 0x0F, 0xE0, 0x00, 0x00, 0x3F,
    0x83, 0xF0, 0x00, 0x00, 0x1F, 0x81, 0xF8, 0x00, 0x00, 0x0F, 0xC0, 0xFE, 0x00, 0x00, 0x0F, 0xE0,
    0x3F, 0x00, 0x00, 0x07, 0xE0, 0x1F, 0xC0, 0x00, 0x03, 0xF0, 0x0F, 0xE0, 0x00, 0x03, 0xF8, 0x03,
    0xF0, 0x00, 0x01, 0xF8, 0x01, 0xFC, 0x00, 0x00, 0xFC, 0x00, 0xFE, 0x00, 0x00, 0xFE, 0x00, 0x3F,
    0x00, 0x00, 0x7E, 0x00, 0x1F, 0xC0, 0x00, 0x7F, 0x00, 0x07, 0xE0, 0x00, 0x3F, 0x80, 0x03, 0xF0,
    0x00, 0x1F, 0x80, 0x01, 0xFC, 0x00, 0x1F, 0xFF, 0xFF, 0xFE, 0x00, 0x0F, 0xFF, 0xFF, 0xFF, 0x80,
    0x07, 0xFF, 0xFF, 0xFF, 0xC0, 0x07, 0xFF, 0xFF, 0xFF, 0xE0, 0x03, 0xFF, 0xFF, 0xFF, 0xF8, 0x01,
    0xFF, 0xFF, 0xFF, 0xFC, 0x01, 0xFC, 0x00, 0x00, 0x7E, 0x00, 0xFE, 0x00, 0x00, 0x3F, 0x80, 0xFE,
    0x00, 0x00, 0x1F, 0xC0, 0x7F, 0x00, 0x00, 0x07, 0xE0, 0x3F, 0x00, 0x00, 0x03, 0xF8, 0x3F, 0x80,
    0x00, 0x01, 0xFC, 0x1F, 0xC0, 0x00, 0x00, 0x7F, 0x0F, 0xC0, 0x00, 0x00, 0x3F, 0x8F, 0xE0, 0x00,
    0x00, 0x0F, 0xC7, 0xF0, 0x00, 0x00, 0x07, 0xF3, 0xF0, 0x00, 0x00, 0x03, 0xFB, 0xF8, 0x00, 0x00,
    0x00, 0xFC, 0x00, 0x00, 0x03, 0xFF, 0xFF, 0xFF, 0xFF, 0x80, 0x00, 0x01, 0xFF, 0xFF, 0xFF, 0xFF,
    0xE0, 0x00, 0x00, 0x7F, 0xFF, 0xFF, 0xFF, 0xF8, 0x00, 0x00, 0x3F, 0xFF, 0xFF, 0xFF, 0xFE, 0x00,
    0x00, 0x0F, 0xFF, 0xFF, 0xFF, 0xFF, 0x80, 0x00, 0x07, 0xF1, 0xFF, 0xFF, 0xFF, 0xE0, 0x00, 0x01,
    0xF8, 0x7E, 0x00, 0x00, 0x00, 0x00, 0x00, 0xFE, 0x1F, 0x80, 0x00, 0x00, 0x00, 0x00, 0x3F, 0x07,
    0xE0, 0x00, 0x00, 0x00, 0x00, 0x1F, 0xC1, 0xF8, 0x00, 0x00, 0x00, 0x00, 0x07, 0xE0, 0x7E, 0x00,
    0x00, 0x00, 0x00, 0x03, 0xF8, 0x1F, 0x80, 0x00, 0x00, 0x00, 0x00, 0xFC, 0x07, 0xE0, 0x00, 0x00,
    0x00, 0x00, 0x7F, 0x01, 0xF8, 0x00, 0x00, 0x00, 0x00, 0x1F, 0xC0, 0x7E, 0x00, 0x00, 0x00, 0x00,
    0x0F, 0xE0, 0x1F, 0x80, 0x00, 0x00, 0x00, 0x03, 0xF8, 0x07, 0xE0, 0x00, 0x00, 0x00, 0x00, 0xFC,
    0x01, 0xF8, 0x00, 0x00, 0x00, 0x00, 0x7F, 0x00, 0x7E, 0x00, 0x00, 0x00, 0x00, 0x1F, 0x80, 0x1F,
    0x80, 0x00, 0x00, 0x00, 0x0F, 0xE0, 0x07, 0xFF, 0xFF, 0xFE, 0x00, 0x03, 0xF0, 0x01, 0xFF, 0xFF,
    0xFF, 0xC0, 0x01, 0xFC, 0x00, 0x7F, 0xFF, 0xFF, 0xF0, 0x00, 0x7E, 0x00, 0x1F, 0xFF, 0xFF, 0xFC,
    0x00, 0x3F, 0x80, 0x07, 0xFF, 0xFF, 0xFF, 0x00, 0x0F, 0xC0, 0x01, 0xFF, 0xFF, 0xFF, 0xC0, 0x07,
    0xF0, 0x00, 0x7E, 0x00, 0x00, 0x00, 0x01, 0xFC, 0x00, 0x1F, 0x80, 0x00, 0x00, 0x00, 0xFF, 0xFF,
    0xFF, 0xE0, 0x00, 0x00, 0x00, 0x3F, 0xFF, 0xFF, 0xF8, 0x00, 0x00, 0x00, 0x1F, 0xFF, 0xFF, 0xFE,
    0x00, 0x00, 0x00, 0x07, 0xFF, 0xFF, 0xFF, 0x80, 0x00, 0x00, 0x03, 0xFF, 0xFF, 0xFF, 0xE0, 0x00,
    0x00, 0x00, 0xFE, 0x00, 0x03, 0xF8, 0x00, 0x00, 0x00, 0x7F, 0x00, 0x00, 0x7E, 0x00, 0x00, 0x00,
    0x1F, 0xC0, 0x00, 0x1F, 0x80, 0x00, 0x00, 0x0F, 0xE0, 0x00, 0x07, 0xE0, 0x00, 0x00, 0x03, 0xF8,
    0x00, 0x01, 0xF8, 0x00, 0x00, 0x00, 0xFC, 0x00, 0x00, 0x7E, 0x00, 0x00, 0x00, 0x7F, 0x00, 0x00,
    0x1F, 0x80, 0x00, 0x00, 0x1F, 0xC0, 0x00, 0x07, 0xE0, 0x00, 0x00, 0x0F, 0xE0, 0x00, 0x01, 0xFF,
    0xFF, 0xFF, 0xE3, 0xF8, 0x00, 0x00, 0x7F, 0xFF, 0xFF, 0xF9, 0xFC, 0x00, 0x00, 0x1F, 0xFF, 0xFF,
    0xFE, 0x7F, 0x00, 0x00, 0x07, 0xFF, 0xFF, 0xFF, 0xBF, 0x80, 0x00, 0x01, 0xFF, 0xFF, 0xFF, 0xE0,
    0x00, 0x00, 0x00, 0x00, 0x00, 0x00, 0x03, 0xFF, 0xE0, 0x00, 0x00, 0x0F, 0xFF, 0xFC, 0x00, 0x00,
    0x3F, 0xFF, 0xFF, 0x00, 0x00, 0x7F, 0xFF, 0xFF, 0x80, 0x01, 0xFF, 0xFF, 0xFF, 0xC0, 0x03, 0xFF,
    0xFF, 0xFF, 0xE0, 0x03, 0xFF, 0x00, 0x3F, 0xF0, 0x07, 0xFC, 0x00, 0x0F, 0xF8, 0x0F, 0xF0, 0x00,
    0x07, 0xF8, 0x1F, 0xE0, 0x00, 0x03, 0xFC, 0x1F, 0xC0, 0x00, 0x01, 0xFC, 0x3F, 0xC0, 0x00, 0x00,
    0xFE, 0x3F, 0x80, 0x00, 0x00, 0xFE, 0x3F, 0x00, 0x00, 0x00, 0x7E, 0x7F, 0x00, 0x00, 0x00, 0x7F,
    0x7F, 0x00, 0x00, 0x00, 0x00, 0x7E, 0x00, 0x00, 0x00, 0x00, 0x7E, 0x00, 0x00, 0x00, 0x00, 0xFE,
    0x00, 0x00, 0x00, 0x00, 0xFE, 0x00, 0x00, 0x00, 0x00, 0xFE, 0x00, 0x00, 0x00, 0x00, 0xFE, 0x00,
    0x00, 0x00, 0x00, 0xFE, 0x00, 0x00, 0x00, 0x00, 0xFE, 0x00, 0x00, 0x00, 0x00, 0xFE, 0x00, 0x00,
    0x00, 0x00, 0xFE, 0x00, 0x00, 0x00, 0x00, 0xFE, 0x00, 0x00, 0x00, 0x00, 0xFE, 0x00, 0x00, 0x00,
    0x00, 0x7E, 0x00, 0x00, 0x00, 0x00, 0x7E, 0x00, 0x00, 0x00, 0x00, 0x7E, 0x00, 0x00, 0x00, 0x00,
    0x7F, 0x00, 0x00, 0x00, 0x7E, 0x7F, 0x00, 0x00, 0x00, 0x7F, 0x3F, 0x80, 0x00, 0x00, 0x7E, 0x3F,
    0x80, 0x00, 0x00, 0xFE, 0x1F, 0xC0, 0x00, 0x00, 0xFE, 0x1F, 0xE0, 0x00, 0x01, 0xFC, 0x0F, 0xF0,
    0x00, 0x03, 0xFC, 0x0F, 0xF8, 0x00, 0x07, 0xF8, 0x07, 0xFE, 0x00, 0x1F, 0xF0, 0x03, 0xFF, 0x80,
    0xFF, 0xF0, 0x01, 0xFF, 0xFF, 0xFF, 0xE0, 0x00, 0xFF, 0xFF, 0xFF, 0xC0, 0x00, 0x7F, 0xFF, 0xFF,
    0x00, 0x00, 0x1F, 0xFF, 0xFE, 0x00, 0x00, 0x07, 0xFF, 0xF8, 0x00, 0x00, 0x00, 0xFF, 0xC0, 0x00,
    0x00, 0x00, 0x1E, 0x00, 0x00, 0x00, 0x00, 0x3F, 0x00, 0x00, 0x00, 0x00, 0x3F, 0xE0, 0x00, 0x00,
    0x00, 0x3F, 0xF0, 0x00, 0x00, 0x00, 0x3F, 0xF0, 0x00, 0x00, 0x00, 0x01, 0xF0, 0x00, 0x00, 0x00,
    0x00, 0xF0, 0x00, 0x00, 0x00, 0x01, 0xF0, 0x00, 0x00, 0x00, 0x7F, 0xF0, 0x00, 0x00, 0x00, 0x7F,
    0xF0, 0x00, 0x00, 0x00, 0x7F, 0xE0, 0x00, 0x00, 0x00, 0x7F, 0x80, 0x00, 0x00, 0x00, 0x00, 0x00,
    0x1F, 0xC0, 0x00, 0x00, 0x7F, 0x00, 0x00, 0x01, 0xF8, 0x00, 0x00, 0x0F, 0xE0, 0x00, 0x00, 0x3F,
    0x00, 0x00, 0x00, 0xFC, 0x00, 0x00, 0x07, 0xE0, 0x00, 0x00, 0x1F, 0x80, 0x00, 0x00, 0x7C, 0x00,
    0x00, 0x00, 0x00, 0x00, 0x00, 0x00, 0x00, 0x00, 0x00, 0x00, 0x00, 0x00, 0x00, 0x00, 0x03, 0xFF,
    0xFF, 0xFF, 0xFF, 0xFF, 0xFF, 0xFF, 0xFF, 0xFF, 0xFF, 0xFF, 0xFF, 0xFF, 0xFF, 0xFF, 0xFF, 0xFF,
    0xFF, 0xFF, 0xFF, 0xFF, 0xFF, 0xC0, 0x00, 0x00, 0x7E, 0x00, 0x00, 0x03, 0xF0, 0x00, 0x00, 0x1F,
    0x80, 0x00, 0x00, 0xFC, 0x00, 0x00, 0x07, 0xE0, 0x00, 0x00, 0x3F, 0x00, 0x00, 0x01, 0xF8, 0x00,
    0x00, 0x0F, 0xC0, 0x00, 0x00, 0x7E, 0x00, 0x00, 0x03, 0xF0, 0x00, 0x00, 0x1F, 0x80, 0x00, 0x00,
    0xFC, 0x00, 0x00, 0x07, 0xE0, 0x00, 0x00, 0x3F, 0xFF, 0xFF, 0xF9, 0xFF, 0xFF, 0xFF, 0xCF, 0xFF,
    0xFF, 0xFE, 0x7F, 0xFF, 0xFF, 0xF3, 0xFF, 0xFF, 0xFF, 0x9F, 0xFF, 0xFF, 0xFC, 0xFC, 0x00, 0x00,
    0x07, 0xE0, 0x00, 0x00, 0x3F, 0x00, 0x00, 0x01, 0xF8, 0x00, 0x00, 0x0F, 0xC0, 0x00, 0x00, 0x7E,
    0x00, 0x00, 0x03, 0xF0, 0x00, 0x00, 0x1F, 0x80, 0x00, 0x00, 0xFC, 0x00, 0x00, 0x07, 0xE0, 0x00,
    0x00, 0x3F, 0x00, 0x00, 0x01, 0xF8, 0x00, 0x00, 0x0F, 0xC0, 0x00, 0x00, 0x7E, 0x00, 0x00, 0x03,
    0xF0, 0x00, 0x00, 0x1F, 0xFF, 0xFF, 0xFF, 0xFF, 0xFF, 0xFF, 0xFF, 0xFF, 0xFF, 0xFF, 0xFF, 0xFF,
    0xFF, 0xFF, 0xFF, 0xFF, 0xFF, 0xF0, 0x00, 0x00, 0x00, 0x00, 0x00, 0x07, 0xE0, 0x00, 0x00, 0x7F,
    0x00, 0x00, 0x03, 0xF0, 0x00, 0x00, 0x3F, 0x00, 0x00, 0x01, 0xF8, 0x00, 0x00, 0x1F, 0x80, 0x00,
    0x00, 0xFC, 0x00, 0x00, 0x0F, 0xC0, 0x00, 0x00, 0x7C, 0x00, 0x00, 0x00, 0x00, 0x00, 0x00, 0x00,
    0x00, 0x00, 0x00, 0x00, 0x00, 0x00, 0x00, 0x00, 0x03, 0xFF, 0xFF, 0xFF, 0xFF, 0xFF, 0xFF, 0xFF,
    0xFF, 0xFF, 0xFF, 0xFF, 0xFF, 0xFF, 0xFF, 0xFF, 0xFF, 0xFF, 0xFF, 0xFF, 0xFF, 0xFF, 0xFF, 0xC0,
    0x00, 0x00, 0x7E, 0x00, 0x00, 0x03, 0xF0, 0x00, 0x00, 0x1F, 0x80, 0x00, 0x00, 0xFC, 0x00, 0x00,
    0x07, 0xE0, 0x00, 0x00, 0x3F, 0x00, 0x00, 0x01, 0xF8, 0x00, 0x00, 0x0F, 0xC0, 0x00, 0x00, 0x7E,
    0x00, 0x00, 0x03, 0xF0, 0x00, 0x00, 0x1F, 0x80, 0x00, 0x00, 0xFC, 0x00, 0x00, 0x07, 0xE0, 0x00,
    0x00, 0x3F, 0xFF, 0xFF, 0xF9, 0xFF, 0xFF, 0xFF, 0xCF, 0xFF, 0xFF, 0xFE, 0x7F, 0xFF, 0xFF, 0xF3,
    0xFF, 0xFF, 0xFF, 0x9F, 0xFF, 0xFF, 0xFC, 0xFC, 0x00, 0x00, 0x07, 0xE0, 0x00, 0x00, 0x3F, 0x00,
    0x00, 0x01, 0xF8, 0x00, 0x00, 0x0F, 0xC0, 0x00, 0x00, 0x7E, 0x00, 0x00, 0x03, 0xF0, 0x00, 0x00,
    0x1F, 0x80, 0x00, 0x00, 0xFC, 0x00, 0x00, 0x07, 0xE0, 0x00, 0x00, 0x3F, 0x00, 0x00, 0x01, 0xF8,
    0x00, 0x00, 0x0F, 0xC0, 0x00, 0x00, 0x7E, 0x00, 0x00, 0x03, 0xF0, 0x00, 0x00, 0x1F, 0xFF, 0xFF,
    0xFF, 0xFF, 0xFF, 0xFF, 0xFF, 0xFF, 0xFF, 0xFF, 0xFF, 0xFF, 0xFF, 0xFF, 0xFF, 0xFF, 0xFF, 0xF0,
    0x00, 0x00, 0x00, 0x00, 0x00, 0xFE, 0x00, 0x00, 0x0F, 0xF8, 0x00, 0x00, 0xFF, 0xE0, 0x00, 0x0F,
    0xFF, 0x80, 0x00, 0xFE, 0xFE, 0x00, 0x0F, 0xE3, 0xF0, 0x00, 0x7E, 0x0F, 0xC0, 0x07, 0xE0, 0x3F,
    0x00, 0x3E, 0x00, 0xF8, 0x00, 0x00, 0x00, 0x00, 0x00, 0x00, 0x00, 0x00, 0x00, 0x00, 0x00, 0x00,
    0x00, 0x00, 0x03, 0xFF, 0xFF, 0xFF, 0xFF, 0xFF, 0xFF, 0xFF, 0xFF, 0xFF, 0xFF, 0xFF, 0xFF, 0xFF,
    0xFF, 0xFF, 0xFF, 0xFF, 0xFF, 0xFF, 0xFF, 0xFF, 0xFF, 0xC0, 0x00, 0x00, 0x7E, 0x00, 0x00, 0x03,
    0xF0, 0x00, 0x00, 0x1F, 0x80, 0x00, 0x00, 0xFC, 0x00, 0x00, 0x07, 0xE0, 0x00, 0x00, 0x3F, 0x00,
    0x00, 0x01, 0xF8, 0x00, 0x00, 0x0F, 0xC0, 0x00, 0x00, 0x7E, 0x00, 0x00, 0x03, 0xF0, 0x00, 0x00,
    0x1F, 0x80, 0x00, 0x00, 0xFC, 0x00, 0x00, 0x07, 0xE0, 0x00, 0x00, 0x3F, 0xFF, 0xFF, 0xF9, 0xFF,
    0xFF, 0xFF, 0xCF, 0xFF, 0xFF, 0xFE, 0x7F, 0xFF, 0xFF, 0xF3, 0xFF, 0xFF, 0xFF, 0x9F, 0xFF, 0xFF,
    0xFC, 0xFC, 0x00, 0x00, 0x07, 0xE0, 0x00, 0x00, 0x3F, 0x00, 0x00, 0x01, 0xF8, 0x00, 0x00, 0x0F,
    0xC0, 0x00, 0x00, 0x7E, 0x00, 0x00, 0x03, 0xF0, 0x00, 0x00, 0x1F, 0x80, 0x00, 0x00, 0xFC, 0x00,
    0x00, 0x07, 0xE0, 0x00, 0x00, 0x3F, 0x00, 0x00, 0x01, 0xF8, 0x00, 0x00, 0x0F, 0xC0, 0x00, 0x00,
    0x7E, 0x00, 0x00, 0x03, 0xF0, 0x00, 0x00, 0x1F, 0xFF, 0xFF, 0xFF, 0xFF, 0xFF, 0xFF, 0xFF, 0xFF,
    0xFF, 0xFF, 0xFF, 0xFF, 0xFF, 0xFF, 0xFF, 0xFF, 0xFF, 0xF0, 0x03, 0xC0, 0x1E, 0x00, 0x3F, 0x01,
    0xF8, 0x03, 0xFC, 0x1F, 0xE0, 0x1F, 0xE0, 0xFF, 0x00, 0xFF, 0x07, 0xF8, 0x07, 0xF8, 0x3F, 0x80,
    0x1F, 0x80, 0xFC, 0x00, 0x78, 0x03, 0xC0, 0x00, 0x00, 0x00, 0x00, 0x00, 0x00, 0x00, 0x00, 0x00,
    0x00, 0x00, 0x00, 0x00, 0x00, 0x00, 0x00, 0x00, 0x00, 0x7F, 0xFF, 0xFF, 0xFF, 0xFF, 0xFF, 0xFF,
    0xFF, 0xFF, 0xFF, 0xFF, 0xFF, 0xFF, 0xFF, 0xFF, 0xFF, 0xFF, 0xFF, 0xFF, 0xFF, 0xFF, 0xFF, 0xF8,
    0x00, 0x00, 0x0F, 0xC0, 0x00, 0x00, 0x7E, 0x00, 0x00, 0x03, 0xF0, 0x00, 0x00, 0x1F, 0x80, 0x00,
    0x00, 0xFC, 0x00, 0x00, 0x07, 0xE0, 0x00, 0x00, 0x3F, 0x00, 0x00, 0x01, 0xF8, 0x00, 0x00, 0x0F,
    0xC0, 0x00, 0x00, 0x7E, 0x00, 0x00, 0x03, 0xF0, 0x00, 0x00, 0x1F, 0x80, 0x00, 0x00, 0xFC, 0x00,
    0x00, 0x07, 0xFF, 0xFF, 0xFF, 0x3F, 0xFF, 0xFF, 0xF9, 0xFF, 0xFF, 0xFF, 0xCF, 0xFF, 0xFF, 0xFE,
    0x7F, 0xFF, 0xFF, 0xF3, 0xFF, 0xFF, 0xFF, 0x9F, 0x80, 0x00, 0x00, 0xFC, 0x00, 0x00, 0x07, 0xE0,
    0x00, 0x00, 0x3F, 0x00, 0x00, 0x01, 0xF8, 0x00, 0x00, 0x0F, 0xC0, 0x00, 0x00, 0x7E, 0x00, 0x00,
    0x03, 0xF0, 0x00, 0x00, 0x1F, 0x80, 0x00, 0x00, 0xFC, 0x00, 0x00, 0x07, 0xE0, 0x00, 0x00, 0x3F,
    0x00, 0x00, 0x01, 0xF8, 0x00, 0x00, 0x0F, 0xC0, 0x00, 0x00, 0x7E, 0x00, 0x00, 0x03, 0xFF, 0xFF,
    0xFF, 0xFF, 0xFF, 0xFF, 0xFF, 0xFF, 0xFF, 0xFF, 0xFF, 0xFF, 0xFF, 0xFF, 0xFF, 0xFF, 0xFF, 0xFE,
    0x00, 0x0F, 0xE0, 0x7E, 0x07, 0xF0, 0x3F, 0x01, 0xF8, 0x1F, 0x80, 0xFC, 0x07, 0xC0, 0x7E, 0x00,
    0x00, 0x00, 0x00, 0x00, 0x00, 0x07, 0xE0, 0x7E, 0x07, 0xE0, 0x7E, 0x07, 0xE0, 0x7E, 0x07, 0xE0,
    0x7E, 0x07, 0xE0, 0x7E, 0x07, 0xE0, 0x7E, 0x07, 0xE0, 0x7E, 0x07, 0xE0, 0x7E, 0x07, 0xE0, 0x7E,
    0x07, 0xE0, 0x7E, 0x07, 0xE0, 0x7E, 0x07, 0xE0, 0x7E, 0x07, 0xE0, 0x7E, 0x07, 0xE0, 0x7E, 0x07,
    0xE0, 0x7E, 0x07, 0xE0, 0x7E, 0x07, 0xE0, 0x7E, 0x07, 0xE0, 0x7E, 0x07, 0xE0, 0x7E, 0x07, 0xE0,
    0x7E, 0x07, 0xE0, 0x7E, 0x07, 0xE0, 0x7E, 0x07, 0xE0, 0x7E, 0x00, 0x00, 0xFE, 0x0F, 0xC1, 0xFC,
    0x1F, 0x83, 0xF8, 0x3F, 0x07, 0xE0, 0x7E, 0x07, 0xC0, 0x00, 0x00, 0x00, 0x00, 0x00, 0x00, 0xFC,
    0x0F, 0xC0, 0xFC, 0x0F, 0xC0, 0xFC, 0x0F, 0xC0, 0xFC, 0x0F, 0xC0, 0xFC, 0x0F, 0xC0, 0xFC, 0x0F,
    0xC0, 0xFC, 0x0F, 0xC0, 0xFC, 0x0F, 0xC0, 0xFC, 0x0F, 0xC0, 0xFC, 0x0F, 0xC0, 0xFC, 0x0F, 0xC0,
    0xFC, 0x0F, 0xC0, 0xFC, 0x0F, 0xC0, 0xFC, 0x0F, 0xC0, 0xFC, 0x0F, 0xC0, 0xFC, 0x0F, 0xC0, 0xFC,
    0x0F, 0xC0, 0xFC, 0x0F, 0xC0, 0xFC, 0x0F, 0xC0, 0xFC, 0x0F, 0xC0, 0xFC, 0x0F, 0xC0, 0xFC, 0x0F,
    0xC0, 0xFC, 0x0F, 0xC0, 0x00, 0x00, 0x00, 0x1F, 0xC0, 0x03, 0xFE, 0x00, 0x7F, 0xE0, 0x0F, 0xFF,
    0x01, 0xF9, 0xF8, 0x3F, 0x8F, 0xC7, 0xF0, 0x7E, 0xFE, 0x07, 0xFF, 0xC0, 0x3F, 0x00, 0x00, 0x00,
    0x00, 0x00, 0x00, 0x00, 0x00, 0x00, 0x00, 0x01, 0xF8, 0x00, 0x1F, 0x80, 0x01, 0xF8, 0x00, 0x1F,
    0x80, 0x01, 0xF8, 0x00, 0x1F, 0x80, 0x01, 0xF8, 0x00, 0x1F, 0x80, 0x01, 0xF8, 0x00, 0x1F, 0x80,
    0x01, 0xF8, 0x00, 0x1F, 0x80, 0x01, 0xF8, 0x00, 0x1F, 0x80, 0x01, 0xF8, 0x00, 0x1F, 0x80, 0x01,
    0xF8, 0x00, 0x1F, 0x80, 0x01, 0xF8, 0x00, 0x1F, 0x80, 0x01, 0xF8, 0x00, 0x1F, 0x80, 0x01, 0xF8,
    0x00, 0x1F, 0x80, 0x01, 0xF8, 0x00, 0x1F, 0x80, 0x01, 0xF8, 0x00, 0x1F, 0x80, 0x01, 0xF8, 0x00,
    0x1F, 0x80, 0x01, 0xF8, 0x00, 0x1F, 0x80, 0x01, 0xF8, 0x00, 0x1F, 0x80, 0x01, 0xF8, 0x00, 0x1F,
    0x80, 0x01, 0xF8, 0x00, 0x1F, 0x80, 0x01, 0xF8, 0x00, 0x1F, 0x80, 0x01, 0xF8, 0x00, 0x1F, 0x80,
    0x01, 0xF8, 0x00, 0x1F, 0x80, 0x01, 0xF8, 0x00, 0x1F, 0x80, 0x3C, 0x01, 0xC3, 0xF0, 0x3F, 0xBF,
    0x81, 0xFD, 0xFE, 0x0F, 0xEF, 0xF0, 0x7F, 0x7F, 0x03, 0xF9, 0xF8, 0x0F, 0xC7, 0x80, 0x38, 0x00,
    0x00, 0x00, 0x00, 0x00, 0x00, 0x00, 0x00, 0x00, 0x00, 0x00, 0x00, 0x00, 0x00, 0xFC, 0x00, 0x07,
    0xE0, 0x00, 0x3F, 0x00, 0x01, 0xF8, 0x00, 0x0F, 0xC0, 0x00, 0x7E, 0x00, 0x03, 0xF0, 0x00, 0x1F,
    0x80, 0x00, 0xFC, 0x00, 0x07, 0xE0, 0x00, 0x3F, 0x00, 0x01, 0xF8, 0x00, 0x0F, 0xC0, 0x00, 0x7E,
    0x00, 0x03, 0xF0, 0x00, 0x1F, 0x80, 0x00, 0xFC, 0x00, 0x07, 0xE0, 0x00, 0x3F, 0x00, 0x01, 0xF8,
    0x00, 0x0F, 0xC0, 0x00, 0x7E, 0x00, 0x03, 0xF0, 0x00, 0x1F, 0x80, 0x00, 0xFC, 0x00, 0x07, 0xE0,
    0x00, 0x3F, 0x00, 0x01, 0xF8, 0x00, 0x0F, 0xC0, 0x00, 0x7E, 0x00, 0x03, 0xF0, 0x00, 0x1F, 0x80,
    0x00, 0xFC, 0x00, 0x07, 0xE0, 0x00, 0x3F, 0x00, 0x01, 0xF8, 0x00, 0x0F, 0xC0, 0x00, 0x7E, 0x00,
    0x03, 0xF0, 0x00, 0x1F, 0x80, 0x00, 0xFC, 0x00, 0x07, 0xE0, 0x00, 0x3F, 0x00, 0x01, 0xF8, 0x00,
    0x0F, 0xC0, 0x00, 0x7E, 0x00, 0x03, 0xFF, 0xFF, 0xC0, 0x00, 0x00, 0x7F, 0xFF, 0xFF, 0x00, 0x00,
    0x0F, 0xFF, 0xFF, 0xFC, 0x00, 0x01, 0xFF, 0xFF, 0xFF, 0xE0, 0x00, 0x3F, 0xFF, 0xFF, 0xFE, 0x00,
    0x07, 0xFF, 0xFF, 0xFF, 0xE0, 0x00, 0xFC, 0x00, 0x0F, 0xFE, 0x00, 0x1F, 0x80, 0x00, 0x7F, 0xE0,
    0x03, 0xF0, 0x00, 0x03, 0xFE, 0x00, 0x7E, 0x00, 0x00, 0x3F, 0xC0, 0x0F, 0xC0, 0x00, 0x03, 0xFC,
    0x01, 0xF8, 0x00, 0x00, 0x3F, 0x80, 0x3F, 0x00, 0x00, 0x03, 0xF8, 0x07, 0xE0, 0x00, 0x00, 0x7F,
    0x00, 0xFC, 0x00, 0x00, 0x07, 0xE0, 0x1F, 0x80, 0x00, 0x00, 0xFE, 0x03, 0xF0, 0x00, 0x00, 0x1F,
    0xC0, 0x7E, 0x00, 0x00, 0x01, 0xF8, 0x0F, 0xC0, 0x00, 0x00, 0x3F, 0x01, 0xF8, 0x00, 0x00, 0x07,
    0xE0, 0x3F, 0x80, 0x00, 0x00, 0xFF, 0xFF, 0xFF, 0xFF, 0x00, 0x1F, 0xFF, 0xFF, 0xFF, 0xE0, 0x03,
    0xFF, 0xFF, 0xFF, 0xFC, 0x00, 0x7F, 0xFF, 0xFF, 0xFF, 0x80, 0x0F, 0xFF, 0xFF, 0xFF, 0xE0, 0x01,
    0xFC, 0x0F, 0xC0, 0x00, 0x00, 0x3F, 0x01, 0xF8, 0x00, 0x00, 0x07, 0xE0, 0x3F, 0x00, 0x00, 0x00,
    0xFC, 0x07, 0xE0, 0x00, 0x00, 0x1F, 0x80, 0xFC, 0x00, 0x00, 0x07, 0xF0, 0x1F, 0x80, 0x00, 0x00,
    0xFE, 0x03, 0xF0, 0x00, 0x00, 0x1F, 0x80, 0x7E, 0x00, 0x00, 0x07, 0xF0, 0x0F, 0xC0, 0x00, 0x01,
    0xFC, 0x01, 0xF8, 0x00, 0x00, 0x3F, 0x80, 0x3F, 0x00, 0x00, 0x0F, 0xF0, 0x07, 0xE0, 0x00, 0x03,
    0xFC, 0x00, 0xFC, 0x00, 0x01, 0xFF, 0x00, 0x1F, 0x80, 0x00, 0xFF, 0xC0, 0x03, 0xF8, 0x03, 0xFF,
    0xF8, 0x00, 0x7F, 0xFF, 0xFF, 0xFC, 0x00, 0x0F, 0xFF, 0xFF, 0xFF, 0x00, 0x01, 0xFF, 0xFF, 0xFF,
    0xC0, 0x00, 0x3F, 0xFF, 0xFF, 0xE0, 0x00, 0x07, 0xFF, 0xFF, 0xE0, 0x00, 0x00, 0x00, 0x02, 0x00,
    0x00, 0x00, 0x00, 0xFE, 0x0F, 0x00, 0x00, 0x0F, 0xFC, 0x78, 0x00, 0x00, 0x7F, 0xFF, 0xC0, 0x00,
    0x07, 0xFF, 0xFE, 0x00, 0x00, 0x3E, 0x7F, 0xE0, 0x00, 0x01, 0xF0, 0xFE, 0x00, 0x00, 0x07, 0x00,
    0xE0, 0x00, 0x00, 0x00, 0x00, 0x00, 0x00, 0x00, 0x00, 0x00, 0x00, 0x00, 0x00, 0x00, 0x00, 0x00,
    0x00, 0x00, 0x00, 0x00, 0x00, 0x00, 0x00, 0x00, 0x00, 0x7F, 0x00, 0x00, 0x01, 0xFB, 0xFC, 0x00,
    0x00, 0x0F, 0xFF, 0xF0, 0x00, 0x00, 0x7F, 0xFF, 0x80, 0x00, 0x03, 0xFF, 0xFE, 0x00, 0x00, 0x1F,
    0xFF, 0xF8, 0x00, 0x00, 0xFF, 0xFF, 0xC0, 0x00, 0x07, 0xFF, 0xFF, 0x00, 0x00, 0x3F, 0xFF, 0xF8,
    0x00, 0x01, 0xFF, 0xFF, 0xE0, 0x00, 0x0F, 0xFF, 0xBF, 0x80, 0x00, 0x7F, 0xFD, 0xFC, 0x00, 0x03,
    0xFF, 0xE7, 0xF0, 0x00, 0x1F, 0xFF, 0x1F, 0xC0, 0x00, 0xFF, 0xF8, 0xFE, 0x00, 0x07, 0xFF, 0xC3,
    0xF8, 0x00, 0x3F, 0xFE, 0x1F, 0xE0, 0x01, 0xFF, 0xF0, 0x7F, 0x00, 0x0F, 0xFF, 0x81, 0xFC, 0x00,
    0x7F, 0xFC, 0x0F, 0xE0, 0x03, 0xFF, 0xE0, 0x3F, 0x80, 0x1F, 0xFF, 0x01, 0xFE, 0x00, 0xFF, 0xF8,
    0x07, 0xF0, 0x07, 0xFF, 0xC0, 0x1F, 0xC0, 0x3F, 0xFE, 0x00, 0xFF, 0x01, 0xFF, 0xF0, 0x03, 0xF8,
    0x0F, 0xFF, 0x80, 0x0F, 0xE0, 0x7F, 0xFC, 0x00, 0x7F, 0x83, 0xFF, 0xE0, 0x01, 0xFC, 0x1F, 0xFF,
    0x00, 0x07, 0xF0, 0xFF, 0xF8, 0x00, 0x3F, 0x87, 0xFF, 0xC0, 0x00, 0xFE, 0x3F, 0xFE, 0x00, 0x07,
    0xF9, 0xFF, 0xF0, 0x00, 0x1F, 0xCF, 0xFF, 0x80, 0x00, 0x7F, 0x7F, 0xFC, 0x00, 0x03, 0xFB, 0xFF,
    0xE0, 0x00, 0x0F, 0xFF, 0xFF, 0x00, 0x00, 0x3F, 0xFF, 0xF8, 0x00, 0x01, 0xFF, 0xFF, 0xC0, 0x00,
    0x07, 0xFF, 0xFE, 0x00, 0x00, 0x1F, 0xFF, 0xF0, 0x00, 0x00, 0xFF, 0xFF, 0x80, 0x00, 0x03, 0xFF,
    0xFC, 0x00, 0x00, 0x1F, 0xFF, 0xE0, 0x00, 0x00, 0x7F, 0xFF, 0x00, 0x00, 0x01, 0xFE, 0x00, 0x00,
    0x00, 0x00, 0x00, 0x00, 0x01, 0xFC, 0x00, 0x00, 0x00, 0x00, 0x7F, 0x00, 0x00, 0x00, 0x00, 0x0F,
    0xE0, 0x00, 0x00, 0x00, 0x01, 0xF8, 0x00, 0x00, 0x00, 0x00, 0x7E, 0x00, 0x00, 0x00, 0x00, 0x0F,
    0xC0, 0x00, 0x00, 0x00, 0x01, 0xF0, 0x00, 0x00, 0x00, 0x00, 0x7E, 0x00, 0x00, 0x00, 0x00, 0x0F,
    0x80, 0x00, 0x00, 0x00, 0x00, 0x00, 0x00, 0x00, 0x00, 0x00, 0x00, 0x00, 0x00, 0x00, 0x00, 0x00,
    0x00, 0x00, 0x00, 0x00, 0x00, 0x00, 0x00, 0x00, 0x00, 0x3F, 0xFE, 0x00, 0x00, 0x00, 0x3F, 0xFF,
    0xF0, 0x00, 0x00, 0x3F, 0xFF, 0xFE, 0x00, 0x00, 0x1F, 0xFF, 0xFF, 0xE0, 0x00, 0x0F, 0xFF, 0xFF,
    0xFC, 0x00, 0x0F, 0xFF, 0xFF, 0xFF, 0x80, 0x03, 0xFF, 0x00, 0x3F, 0xF0, 0x01, 0xFF, 0x00, 0x03,
    0xFE, 0x00, 0xFF, 0x00, 0x00, 0x7F, 0x80, 0x7F, 0x80, 0x00, 0x0F, 0xF0, 0x1F, 0xC0, 0x00, 0x01,
    0xFE, 0x0F, 0xF0, 0x00, 0x00, 0x3F, 0x83, 0xF8, 0x00, 0x00, 0x07, 0xF0, 0xFC, 0x00, 0x00, 0x01,
    0xFC, 0x7F, 0x00, 0x00, 0x00, 0x3F, 0x1F, 0xC0, 0x00, 0x00, 0x0F, 0xE7, 0xE0, 0x00, 0x00, 0x03,
    0xF9, 0xF8, 0x00, 0x00, 0x00, 0xFE, 0xFE, 0x00, 0x00, 0x00, 0x1F, 0xBF, 0x80, 0x00, 0x00, 0x07,
    0xEF, 0xE0, 0x00, 0x00, 0x01, 0xFB, 0xF8, 0x00, 0x00, 0x00, 0x7E, 0xFE, 0x00, 0x00, 0x00, 0x1F,
    0xBF, 0x80, 0x00, 0x00, 0x07, 0xEF, 0xE0, 0x00, 0x00, 0x01, 0xFB, 0xF8, 0x00, 0x00, 0x00, 0x7E,
    0xFE, 0x00, 0x00, 0x00, 0x1F, 0xBF, 0x80, 0x00, 0x00, 0x07, 0xE7, 0xE0, 0x00, 0x00, 0x01, 0xF9,
    0xF8, 0x00, 0x00, 0x00, 0xFE, 0x7E, 0x00, 0x00, 0x00, 0x3F, 0x9F, 0xC0, 0x00, 0x00, 0x0F, 0xC7,
    0xF0, 0x00, 0x00, 0x07, 0xF0, 0xFE, 0x00, 0x00, 0x01, 0xFC, 0x3F, 0x80, 0x00, 0x00, 0xFE, 0x07,
    0xF0, 0x00, 0x00, 0x3F, 0x81, 0xFE, 0x00, 0x00, 0x1F, 0xC0, 0x3F, 0xC0, 0x00, 0x0F, 0xF0, 0x0F,
    0xF8, 0x00, 0x07, 0xF8, 0x01, 0xFF, 0x80, 0x07, 0xFC, 0x00, 0x3F, 0xF8, 0x0F, 0xFF, 0x00, 0x07,
    0xFF, 0xFF, 0xFF, 0x80, 0x00, 0xFF, 0xFF, 0xFF, 0xC0, 0x00, 0x1F, 0xFF, 0xFF, 0xC0, 0x00, 0x01,
    0xFF, 0xFF, 0xE0, 0x00, 0x00, 0x1F, 0xFF, 0xE0, 0x00, 0x00, 0x00, 0xFF, 0xC0, 0x00, 0x00, 0x00,
    0x00, 0x00, 0x00, 0x00, 0x00, 0x00, 0x00, 0xFE, 0x00, 0x00, 0x00, 0x00, 0x3F, 0x00, 0x00, 0x00,
    0x00, 0x1F, 0xC0, 0x00, 0x00, 0x00, 0x07, 0xE0, 0x00, 0x00, 0x00, 0x03, 0xF0, 0x00, 0x00, 0x00,
    0x00, 0xFC, 0x00, 0x00, 0x00, 0x00, 0x7E, 0x00, 0x00, 0x00, 0x00, 0x1F, 0x00, 0x00, 0x00, 0x00,
    0x0F, 0xC0, 0x00, 0x00, 0x00, 0x00, 0x00, 0x00, 0x00, 0x00, 0x00, 0x00, 0x00, 0x00, 0x00, 0x00,
    0x00, 0x00, 0x00, 0x00, 0x00, 0x00, 0x00, 0x00, 0x00, 0x00, 0x3F, 0xFE, 0x00, 0x00, 0x00, 0x3F,
    0xFF, 0xF0, 0x00, 0x00, 0x3F, 0xFF, 0xFE, 0x00, 0x00, 0x1F, 0xFF, 0xFF, 0xE0, 0x00, 0x0F, 0xFF,
    0xFF, 0xFC, 0x00, 0x0F, 0xFF, 0xFF, 0xFF, 0x80, 0x03, 0xFF, 0x00, 0x3F, 0xF0, 0x01, 0xFF, 0x00,
    0x03, 0xFE, 0x00, 0xFF, 0x00, 0x00, 0x7F, 0x80, 0x7F, 0x80, 0x00, 0x0F, 0xF0, 0x1F, 0xC0, 0x00,
    0x01, 0xFE, 0x0F, 0xF0, 0x00, 0x00, 0x3F, 0x83, 0xF8, 0x00, 0x00, 0x07, 0xF0, 0xFC, 0x00, 0x00,
    0x01, 0xFC, 0x7F, 0x00, 0x00, 0x00, 0x3F, 0x1F, 0xC0, 0x00, 0x00, 0x0F, 0xE7, 0xE0, 0x00, 0x00,
    0x03, 0xF9, 0xF8, 0x00, 0x00, 0x00, 0xFE, 0xFE, 0x00, 0x00, 0x00, 0x1F, 0xBF, 0x80, 0x00, 0x00,
    0x07, 0xEF, 0xE0, 0x00, 0x00, 0x01, 0xFB, 0xF8, 0x00, 0x00, 0x00, 0x7E, 0xFE, 0x00, 0x00, 0x00,
    0x1F, 0xBF, 0x80, 0x00, 0x00, 0x07, 0xEF, 0xE0, 0x00, 0x00, 0x01, 0xFB, 0xF8, 0x00, 0x00, 0x00,
    0x7E, 0xFE, 0x00, 0x00, 0x00, 0x1F, 0xBF, 0x80, 0x00, 0x00, 0x07, 0xE7, 0xE0, 0x00, 0x00, 0x01,
    0xF9, 0xF8, 0x00, 0x00, 0x00, 0xFE, 0x7E, 0x00, 0x00, 0x00, 0x3F, 0x9F, 0xC0, 0x00, 0x00, 0x0F,
    0xC7, 0xF0, 0x00, 0x00, 0x07, 0xF0, 0xFE, 0x00, 0x00, 0x01, 0xFC, 0x3F, 0x80, 0x00, 0x00, 0xFE,
    0x07, 0xF0, 0x00, 0x00, 0x3F, 0x81, 0xFE, 0x00, 0x00, 0x1F, 0xC0, 0x3F, 0xC0, 0x00, 0x0F, 0xF0,
    0x0F, 0xF8, 0x00, 0x07, 0xF8, 0x01, 0xFF, 0x80, 0x07, 0xFC, 0x00, 0x3F, 0xF8, 0x0F, 0xFF, 0x00,
    0x07, 0xFF, 0xFF, 0xFF, 0x80, 0x00, 0xFF, 0xFF, 0xFF, 0xC0, 0x00, 0x1F, 0xFF, 0xFF, 0xC0, 0x00,
    0x01, 0xFF, 0xFF, 0xE0, 0x00, 0x00, 0x1F, 0xFF, 0xE0, 0x00, 0x00, 0x00, 0xFF, 0xC0, 0x00, 0x00,
    0x00, 0x00, 0x00, 0x00, 0x00, 0x00, 0x00, 0x1F, 0xC0, 0x00, 0x00, 0x00, 0x0F, 0xF8, 0x00, 0x00,
    0x00, 0x07, 0xFF, 0x00, 0x00, 0x00, 0x01, 0xFF, 0xE0, 0x00, 0x00, 0x00, 0xFC, 0xFC, 0x00, 0x00,
    0x00, 0x7E, 0x3F, 0x80, 0x00, 0x00, 0x3F, 0x07, 0xF0, 0x00, 0x00, 0x1F, 0xC0, 0xFC, 0x00, 0x00,
    0x07, 0xE0, 0x1F, 0x80, 0x00, 0x00, 0x00, 0x00, 0x00, 0x00, 0x00, 0x00, 0x00, 0x00, 0x00, 0x00,
    0x00, 0x00, 0x00, 0x00, 0x00, 0x00, 0x00, 0x00, 0x00, 0x00, 0x00, 0x3F, 0xFE, 0x00, 0x00, 0x00,
    0x3F, 0xFF, 0xF0, 0x00, 0x00, 0x3F, 0xFF, 0xFE, 0x00, 0x00, 0x1F, 0xFF, 0xFF, 0xE0, 0x00, 0x0F,
    0xFF, 0xFF, 0xFC, 0x00, 0x0F, 0xFF, 0xFF, 0xFF, 0x80, 0x03, 0xFF, 0x00, 0x3F, 0xF0, 0x01, 0xFF,
    0x00, 0x03, 0xFE, 0x00, 0xFF, 0x00, 0x00, 0x7F, 0x80, 0x7F, 0x80, 0x00, 0x0F, 0xF0, 0x1F, 0xC0,
    0x00, 0x01, 0xFE, 0x0F, 0xF0, 0x00, 0x00, 0x3F, 0x83, 0xF8, 0x00, 0x00, 0x07, 0xF0, 0xFC, 0x00,
    0x00, 0x01, 0xFC, 0x7F, 0x00, 0x00, 0x00, 0x3F, 0x1F, 0xC0, 0x00, 0x00, 0x0F, 0xE7, 0xE0, 0x00,
    0x00, 0x03, 0xF9, 0xF8, 0x00, 0x00, 0x00, 0xFE, 0xFE, 0x00, 0x00, 0x00, 0x1F, 0xBF, 0x80, 0x00,
    0x00, 0x07, 0xEF, 0xE0, 0x00, 0x00, 0x01, 0xFB, 0xF8, 0x00, 0x00, 0x00, 0x7E, 0xFE, 0x00, 0x00,
    0x00, 0x1F, 0xBF, 0x80, 0x00, 0x00, 0x07, 0xEF, 0xE0, 0x00, 0x00, 0x01, 0xFB, 0xF8, 0x00, 0x00,
    0x00, 0x7E, 0xFE, 0x00, 0x00, 0x00, 0x1F, 0xBF, 0x80, 0x00, 0x00, 0x07, 0xE7, 0xE0, 0x00, 0x00,
    0x01, 0xF9, 0xF8, 0x00, 0x00, 0x00, 0xFE, 0x7E, 0x00, 0x00, 0x00, 0x3F, 0x9F, 0xC0, 0x00, 0x00,
    0x0F, 0xC7, 0xF0, 0x00, 0x00, 0x07, 0xF0, 0xFE, 0x00, 0x00, 0x01, 0xFC, 0x3F, 0x80, 0x00, 0x00,
    0xFE, 0x07, 0xF0, 0x00, 0x00, 0x3F, 0x81, 0xFE, 0x00, 0x00, 0x1F, 0xC0, 0x3F, 0xC0, 0x00, 0x0F,
    0xF0, 0x0F, 0xF8, 0x00, 0x07, 0xF8, 0x01, 0xFF, 0x80, 0x07, 0xFC, 0x00, 0x3F, 0xF8, 0x0F, 0xFF,
    0x00, 0x07, 0xFF, 0xFF, 0xFF, 0x80, 0x00, 0xFF, 0xFF, 0xFF, 0xC0, 0x00, 0x1F, 0xFF, 0xFF, 0xC0,
    0x00, 0x01, 0xFF, 0xFF, 0xE0, 0x00, 0x00, 0x1F, 0xFF, 0xE0, 0x00, 0x00, 0x00, 0xFF, 0xC0, 0x00,
    0x00, 0x00, 0x00, 0x00, 0x00, 0x00, 0x00, 0x00, 0xFC, 0x1F, 0x00, 0x00, 0x00, 0x7F, 0xC7, 0xC0,
    0x00, 0x00, 0x3F, 0xFF, 0xF0, 0x00, 0x00, 0x0F, 0xFF, 0xF8, 0x00, 0x00, 0x03, 0xE7, 0xFE, 0x00,
    0x00, 0x00, 0xF0, 0x7F, 0x00, 0x00, 0x00, 0x3C, 0x07, 0x00, 0x00, 0x00, 0x00, 0x00, 0x00, 0x00,
    0x00, 0x00, 0x00, 0x00, 0x00, 0x00, 0x00, 0x00, 0x00, 0x00, 0x00, 0x00, 0x00, 0x00, 0x00, 0x00,
    0x00, 0x00, 0x00, 0x00, 0x00, 0x00, 0x00, 0xFF, 0xF8, 0x00, 0x00, 0x00, 0xFF, 0xFF, 0xC0, 0x00,
    0x00, 0xFF, 0xFF, 0xF8, 0x00, 0x00, 0x7F, 0xFF, 0xFF, 0x80, 0x00, 0x3F, 0xFF, 0xFF, 0xF0, 0x00,
    0x3F, 0xFF, 0xFF, 0xFE, 0x00, 0x0F, 0xFC, 0x00, 0xFF, 0xC0, 0x07, 0xFC, 0x00, 0x0F, 0xF8, 0x03,
    0xFC, 0x00, 0x01, 0xFE, 0x01, 0xFE, 0x00, 0x00, 0x3F, 0xC0, 0x7F, 0x00, 0x00, 0x07, 0xF8, 0x3F,
    0xC0, 0x00, 0x00, 0xFE, 0x0F, 0xE0, 0x00, 0x00, 0x1F, 0xC3, 0xF0, 0x00, 0x00, 0x07, 0xF1, 0xFC,
    0x00, 0x00, 0x00, 0xFC, 0x7F, 0x00, 0x00, 0x00, 0x3F, 0x9F, 0x80, 0x00, 0x00, 0x0F, 0xE7, 0xE0,
    0x00, 0x00, 0x03, 0xFB, 0xF8, 0x00, 0x00, 0x00, 0x7E, 0xFE, 0x00, 0x00, 0x00, 0x1F, 0xBF, 0x80,
    0x00, 0x00, 0x07, 0xEF, 0xE0, 0x00, 0x00, 0x01, 0xFB, 0xF8, 0x00, 0x00, 0x00, 0x7E, 0xFE, 0x00,
    0x00, 0x00, 0x1F, 0xBF, 0x80, 0x00, 0x00, 0x07, 0xEF, 0xE0, 0x00, 0x00, 0x01, 0xFB, 0xF8, 0x00,
    0x00, 0x00, 0x7E, 0xFE, 0x00, 0x00, 0x00, 0x1F, 0x9F, 0x80, 0x00, 0x00, 0x07, 0xE7, 0xE0, 0x00,
    0x00, 0x03, 0xF9, 0xF8, 0x00, 0x00, 0x00, 0xFE, 0x7F, 0x00, 0x00, 0x00, 0x3F, 0x1F, 0xC0, 0x00,
    0x00, 0x1F, 0xC3, 0xF8, 0x00, 0x00, 0x07, 0xF0, 0xFE, 0x00, 0x00, 0x03, 0xF8, 0x1F, 0xC0, 0x00,
    0x00, 0xFE, 0x07, 0xF8, 0x00, 0x00, 0x7F, 0x00, 0xFF, 0x00, 0x00, 0x3F, 0xC0, 0x3F, 0xE0, 0x00,
    0x1F, 0xE0, 0x07, 0xFE, 0x00, 0x1F, 0xF0, 0x00, 0xFF, 0xE0, 0x3F, 0xFC, 0x00, 0x1F, 0xFF, 0xFF,
    0xFE, 0x00, 0x03, 0xFF, 0xFF, 0xFF, 0x00, 0x00, 0x7F, 0xFF, 0xFF, 0x00, 0x00, 0x07, 0xFF, 0xFF,
    0x80, 0x00, 0x00, 0x7F, 0xFF, 0x80, 0x00, 0x00, 0x03, 0xFF, 0x00, 0x00, 0x00, 0x07, 0x00, 0x78,
    0x00, 0x00, 0x07, 0xE0, 0x3F, 0x00, 0x00, 0x01, 0xFC, 0x0F, 0xE0, 0x00, 0x00, 0xFF, 0x07, 0xF8,
    0x00, 0x00, 0x3F, 0xC1, 0xFE, 0x00, 0x00, 0x07, 0xF0, 0x3F, 0x80, 0x00, 0x01, 0xF8, 0x0F, 0xC0,
    0x00, 0x00, 0x1C, 0x01, 0xE0, 0x00, 0x00, 0x00, 0x00, 0x00, 0x00, 0x00, 0x00, 0x00, 0x00, 0x00,
    0x00, 0x00, 0x00, 0x00, 0x00, 0x00, 0x00, 0x00, 0x00, 0x00, 0x00, 0x00, 0x00, 0x00, 0x00, 0x00,
    0x00, 0x00, 0xFF, 0xF8, 0x00, 0x00, 0x00, 0xFF, 0xFF, 0xC0, 0x00, 0x00, 0xFF, 0xFF, 0xF8, 0x00,
    0x00, 0x7F, 0xFF, 0xFF, 0x80, 0x00, 0x3F, 0xFF, 0xFF, 0xF0, 0x00, 0x3F, 0xFF, 0xFF, 0xFE, 0x00,
    0x0F, 0xFC, 0x00, 0xFF, 0xC0, 0x07, 0xFC, 0x00, 0x0F, 0xF8, 0x03, 0xFC, 0x00, 0x01, 0xFE, 0x01,
    0xFE, 0x00, 0x00, 0x3F, 0xC0, 0x7F, 0x00, 0x00, 0x07, 0xF8, 0x3F, 0xC0, 0x00, 0x00, 0xFE, 0x0F,
    0xE0, 0x00, 0x00, 0x1F, 0xC3, 0xF0, 0x00, 0x00, 0x07, 0xF1, 0xFC, 0x00, 0x00, 0x00, 0xFC, 0x7F,
    0x00, 0x00, 0x00, 0x3F, 0x9F, 0x80, 0x00, 0x00, 0x0F, 0xE7, 0xE0, 0x00, 0x00, 0x03, 0xFB, 0xF8,
    0x00, 0x00, 0x00, 0x7E, 0xFE, 0x00, 0x00, 0x00, 0x1F, 0xBF, 0x80, 0x00, 0x00, 0x07, 0xEF, 0xE0,
    0x00, 0x00, 0x01, 0xFB, 0xF8, 0x00, 0x00, 0x00, 0x7E, 0xFE, 0x00, 0x00, 0x00, 0x1F, 0xBF, 0x80,
    0x00, 0x00, 0x07, 0xEF, 0xE0, 0x00, 0x00, 0x01, 0xFB, 0xF8, 0x00, 0x00, 0x00, 0x7E, 0xFE, 0x00,
    0x00, 0x00, 0x1F, 0x9F, 0x80, 0x00, 0x00, 0x07, 0xE7, 0xE0, 0x00, 0x00, 0x03, 0xF9, 0xF8, 0x00,
    0x00, 0x00, 0xFE, 0x7F, 0x00, 0x00, 0x00, 0x3F, 0x1F, 0xC0, 0x00, 0x00, 0x1F, 0xC3, 0xF8, 0x00,
    0x00, 0x07, 0xF0, 0xFE, 0x00, 0x00, 0x03, 0xF8, 0x1F, 0xC0, 0x00, 0x00, 0xFE, 0x07, 0xF8, 0x00,
    0x00, 0x7F, 0x00, 0xFF, 0x00, 0x00, 0x3F, 0xC0, 0x3F, 0xE0, 0x00, 0x1F, 0xE0, 0x07, 0xFE, 0x00,
    0x1F, 0xF0, 0x00, 0xFF, 0xE0, 0x3F, 0xFC, 0x00, 0x1F, 0xFF, 0xFF, 0xFE, 0x00, 0x03, 0xFF, 0xFF,
    0xFF, 0x00, 0x00, 0x7F, 0xFF, 0xFF, 0x00, 0x00, 0x07, 0xFF, 0xFF, 0x80, 0x00, 0x00, 0x7F, 0xFF,
    0x80, 0x00, 0x00, 0x03, 0xFF, 0x00, 0x00, 0x00, 0x00, 0x00, 0x00, 0xC0, 0x00, 0x06, 0x0F, 0x00,
    0x00, 0x78, 0xFC, 0x00, 0x07, 0xEF, 0xF0, 0x00, 0x7F, 0xBF, 0xC0, 0x07, 0xF8, 0xFF, 0x00, 0x7F,
    0x83, 0xFC, 0x07, 0xF8, 0x0F, 0xF0, 0x7F, 0x80, 0x3F, 0xC7, 0xF8, 0x00, 0xFF, 0x7F, 0x80, 0x03,
    0xFF, 0xF8, 0x00, 0x0F, 0xFF, 0x80, 0x00, 0x3F, 0xF8, 0x00, 0x00, 0xFF, 0x80, 0x00, 0x07, 0xFC,
    0x00, 0x00, 0x7F, 0xF0, 0x00, 0x07, 0xFF, 0xC0, 0x00, 0x7F, 0xFF, 0x00, 0x07, 0xFB, 0xFC, 0x00,
    0x7F, 0x8F, 0xF0, 0x07, 0xF8, 0x3F, 0xC0, 0x7F, 0x80, 0xFF, 0x07, 0xF8, 0x03, 0xFC, 0x7F, 0x80,
    0x0F, 0xF7, 0xF8, 0x00, 0x3F, 0xFF, 0x80, 0x00, 0xFE, 0xF8, 0x00, 0x03, 0xE3, 0x80, 0x00, 0x0E,
    0x08, 0x00, 0x00, 0x20, 0x00, 0x00, 0x00, 0x00, 0x18, 0x00, 0x00, 0xFF, 0xF8, 0x0F, 0x00, 0x00,
    0xFF, 0xFF, 0xC7, 0xE0, 0x00, 0xFF, 0xFF, 0xFB, 0xF8, 0x00, 0x7F, 0xFF, 0xFF, 0xFE, 0x00, 0x3F,
    0xFF, 0xFF, 0xFF, 0x00, 0x3F, 0xFF, 0xFF, 0xFF, 0x80, 0x0F, 0xFC, 0x00, 0xFF, 0xC0, 0x07, 0xFC,
    0x00, 0x0F, 0xF8, 0x03, 0xFC, 0x00, 0x03, 0xFE, 0x01, 0xFE, 0x00, 0x01, 0xFF, 0xC0, 0x7F, 0x00,
    0x00, 0x7F, 0xF8, 0x3F, 0xC0, 0x00, 0x3F, 0xFE, 0x0F, 0xE0, 0x00, 0x1F, 0xDF, 0xC3, 0xF0, 0x00,
    0x0F, 0xE7, 0xF1, 0xFC, 0x00, 0x03, 0xF8, 0xFC, 0x7F, 0x00, 0x01, 0xFC, 0x3F, 0x9F, 0x80, 0x00,
    0xFE, 0x0F, 0xE7, 0xE0, 0x00, 0x3F, 0x03, 0xFB, 0xF8, 0x00, 0x1F, 0xC0, 0x7E, 0xFE, 0x00, 0x0F,
    0xE0, 0x1F, 0xBF, 0x80, 0x07, 0xF0, 0x07, 0xEF, 0xE0, 0x01, 0xFC, 0x01, 0xFB, 0xF8, 0x00, 0xFE,
    0x00, 0x7E, 0xFE, 0x00, 0x7F, 0x00, 0x1F, 0xBF, 0x80, 0x3F, 0x80, 0x07, 0xEF, 0xE0, 0x0F, 0xE0,
    0x01, 0xFB, 0xF8, 0x07, 0xF0, 0x00, 0x7E, 0xFE, 0x03, 0xF8, 0x00, 0x1F, 0x9F, 0x80, 0xFC, 0x00,
    0x07, 0xE7, 0xE0, 0x7F, 0x00, 0x03, 0xF9, 0xF8, 0x3F, 0x80, 0x00, 0xFE, 0x7F, 0x1F, 0xC0, 0x00,
    0x3F, 0x1F, 0xC7, 0xF0, 0x00, 0x1F, 0xC3, 0xFB, 0xF8, 0x00, 0x07, 0xF0, 0xFF, 0xFC, 0x00, 0x03,
    0xF8, 0x1F, 0xFE, 0x00, 0x00, 0xFE, 0x07, 0xFF, 0x80, 0x00, 0x7F, 0x00, 0xFF, 0xC0, 0x00, 0x3F,
    0xC0, 0x3F, 0xE0, 0x00, 0x1F, 0xE0, 0x07, 0xFE, 0x00, 0x1F, 0xF0, 0x01, 0xFF, 0xE0, 0x3F, 0xFC,
    0x00, 0xFF, 0xFF, 0xFF, 0xFE, 0x00, 0x7F, 0xFF, 0xFF, 0xFF, 0x00, 0x1F, 0xFF, 0xFF, 0xFF, 0x00,
    0x0F, 0xE7, 0xFF, 0xFF, 0x80, 0x01, 0xF0, 0x7F, 0xFF, 0x80, 0x00, 0x38, 0x03, 0xFF, 0x00, 0x00,
    0x02, 0x00, 0x00, 0x00, 0x00, 0x00, 0x00, 0x00, 0x00, 0x00, 0x00, 0x03, 0xF8, 0x00, 0x00, 0x00,
    0x1F, 0x80, 0x00, 0x00, 0x01, 0xFC, 0x00, 0x00, 0x00, 0x0F, 0xC0, 0x00, 0x00, 0x00, 0x7E, 0x00,
    0x00, 0x00, 0x07, 0xE0, 0x00, 0x00, 0x00, 0x3F, 0x00, 0x00, 0x00, 0x03, 0xF0, 0x00, 0x00, 0x00,
    0x1F, 0x00, 0x00, 0x00, 0x00, 0x00, 0x00, 0x00, 0x00, 0x00, 0x00, 0x00, 0x00, 0x00, 0x00, 0x00,
    0x00, 0x00, 0x00, 0x00, 0x00, 0xFC, 0x00, 0x00, 0x03, 0xFF, 0xC0, 0x00, 0x00, 0x3F, 0xFC, 0x00,
    0x00, 0x03, 0xFF, 0xC0, 0x00, 0x00, 0x3F, 0xFC, 0x00, 0x00, 0x03, 0xFF, 0xC0, 0x00, 0x00, 0x3F,
    0xFC, 0x00, 0x00, 0x03, 0xFF, 0xC0, 0x00, 0x00, 0x3F, 0xFC, 0x00, 0x00, 0x03, 0xFF, 0xC0, 0x00,
    0x00, 0x3F, 0xFC, 0x00, 0x00, 0x03, 0xFF, 0xC0, 0x00, 0x00, 0x3F, 0xFC, 0x00, 0x00, 0x03, 0xFF,
    0xC0, 0x00, 0x00, 0x3F, 0xFC, 0x00, 0x00, 0x03, 0xFF, 0xC0, 0x00, 0x00, 0x3F, 0xFC, 0x00, 0x00,
    0x03, 0xFF, 0xC0, 0x00, 0x00, 0x3F, 0xFC, 0x00, 0x00, 0x03, 0xFF, 0xC0, 0x00, 0x00, 0x3F, 0xFC,
    0x00, 0x00, 0x03, 0xFF, 0xC0, 0x00, 0x00, 0x3F, 0xFC, 0x00, 0x00, 0x03, 0xFF, 0xC0, 0x00, 0x00,
    0x3F, 0xFC, 0x00, 0x00, 0x03, 0xFF, 0xC0, 0x00, 0x00, 0x3F, 0xFC, 0x00, 0x00, 0x03, 0xFF, 0xC0,
    0x00, 0x00, 0x3F, 0xFC, 0x00, 0x00, 0x03, 0xFF, 0xC0, 0x00, 0x00, 0x3F, 0xFC, 0x00, 0x00, 0x03,
    0xFF, 0xC0, 0x00, 0x00, 0x3F, 0xFE, 0x00, 0x00, 0x07, 0xFF, 0xE0, 0x00, 0x00, 0x7F, 0xFE, 0x00,
    0x00, 0x07, 0xF7, 0xF0, 0x00, 0x00, 0xFE, 0x7F, 0x00, 0x00, 0x0F, 0xE7, 0xF8, 0x00, 0x01, 0xFE,
    0x3F, 0xC0, 0x00, 0x3F, 0xC3, 0xFE, 0x00, 0x0F, 0xFC, 0x1F, 0xFC, 0x03, 0xFF, 0x80, 0xFF, 0xFF,
    0xFF, 0xF0, 0x07, 0xFF, 0xFF, 0xFE, 0x00, 0x3F, 0xFF, 0xFF, 0xC0, 0x00, 0xFF, 0xFF, 0xF0, 0x00,
    0x03, 0xFF, 0xFC, 0x00, 0x00, 0x07, 0xFE, 0x00, 0x00, 0x00, 0x00, 0x00, 0x00, 0x00, 0x00, 0x01,
    0xFC, 0x00, 0x00, 0x00, 0x1F, 0x80, 0x00, 0x00, 0x03, 0xF8, 0x00, 0x00, 0x00, 0x3F, 0x00, 0x00,
    0x00, 0x07, 0xE0, 0x00, 0x00, 0x00, 0x7E, 0x00, 0x00, 0x00, 0x0F, 0xC0, 0x00, 0x00, 0x00, 0xF8,
    0x00, 0x00, 0x00, 0x1F, 0x80, 0x00, 0x00, 0x00, 0x00, 0x00, 0x00, 0x00, 0x00, 0x00, 0x00, 0x00,
    0x00, 0x00, 0x00, 0x00, 0x00, 0x00, 0x00, 0x00, 0xFC, 0x00, 0x00, 0x03, 0xFF, 0xC0, 0x00, 0x00,
    0x3F, 0xFC, 0x00, 0x00, 0x03, 0xFF, 0xC0, 0x00, 0x00, 0x3F, 0xFC, 0x00, 0x00, 0x03, 0xFF, 0xC0,
    0x00, 0x00, 0x3F, 0xFC, 0x00, 0x00, 0x03, 0xFF, 0xC0, 0x00, 0x00, 0x3F, 0xFC, 0x00, 0x00, 0x03,
    0xFF, 0xC0, 0x00, 0x00, 0x3F, 0xFC, 0x00, 0x00, 0x03, 0xFF, 0xC0, 0x00, 0x00, 0x3F, 0xFC, 0x00,
    0x00, 0x03, 0xFF, 0xC0, 0x00, 0x00, 0x3F, 0xFC, 0x00, 0x00, 0x03, 0xFF, 0xC0, 0x00, 0x00, 0x3F,
    0xFC, 0x00, 0x00, 0x03, 0xFF, 0xC0, 0x00, 0x00, 0x3F, 0xFC, 0x00, 0x00, 0x03, 0xFF, 0xC0, 0x00,
    0x00, 0x3F, 0xFC, 0x00, 0x00, 0x03, 0xFF, 0xC0, 0x00, 0x00, 0x3F, 0xFC, 0x00, 0x00, 0x03, 0xFF,
    0xC0, 0x00, 0x00, 0x3F, 0xFC, 0x00, 0x00, 0x03, 0xFF, 0xC0, 0x00, 0x00, 0x3F, 0xFC, 0x00, 0x00,
    0x03, 0xFF, 0xC0, 0x00, 0x00, 0x3F, 0xFC, 0x00, 0x00, 0x03, 0xFF, 0xC0, 0x00, 0x00, 0x3F, 0xFC,
    0x00, 0x00, 0x03, 0xFF, 0xC0, 0x00, 0x00, 0x3F, 0xFE, 0x00, 0x00, 0x07, 0xFF, 0xE0, 0x00, 0x00,
    0x7F, 0xFE, 0x00, 0x00, 0x07, 0xF7, 0xF0, 0x00, 0x00, 0xFE, 0x7F, 0x00, 0x00, 0x0F, 0xE7, 0xF8,
    0x00, 0x01, 0xFE, 0x3F, 0xC0, 0x00, 0x3F, 0xC3, 0xFE, 0x00, 0x0F, 0xFC, 0x1F, 0xFC, 0x03, 0xFF,
    0x80, 0xFF, 0xFF, 0xFF, 0xF0, 0x07, 0xFF, 0xFF, 0xFE, 0x00, 0x3F, 0xFF, 0xFF, 0xC0, 0x00, 0xFF,
    0xFF, 0xF0, 0x00, 0x03, 0xFF, 0xFC, 0x00, 0x00, 0x07, 0xFE, 0x00, 0x00, 0x00, 0x00, 0x00, 0x00,
    0x00, 0x00, 0x3F, 0xC0, 0x00, 0x00, 0x03, 0xFC, 0x00, 0x00, 0x00, 0x7F, 0xE0, 0x00, 0x00, 0x0F,
    0xFF, 0x00, 0x00, 0x01, 0xF9, 0xF8, 0x00, 0x00, 0x3F, 0x0F, 0xC0, 0x00, 0x07, 0xF0, 0xFE, 0x00,
    0x00, 0xFE, 0x07, 0xF0, 0x00, 0x0F, 0xC0, 0x3F, 0x00, 0x00, 0x00, 0x00, 0x00, 0x00, 0x00, 0x00,
    0x00, 0x00, 0x00, 0x00, 0x00, 0x00, 0x00, 0x00, 0x00, 0x00, 0x00, 0xFC, 0x00, 0x00, 0x03, 0xFF,
    0xC0, 0x00, 0x00, 0x3F, 0xFC, 0x00, 0x00, 0x03, 0xFF, 0xC0, 0x00, 0x00, 0x3F, 0xFC, 0x00, 0x00,
    0x03, 0xFF, 0xC0, 0x00, 0x00, 0x3F, 0xFC, 0x00, 0x00, 0x03, 0xFF, 0xC0, 0x00, 0x00, 0x3F, 0xFC,
    0x00, 0x00, 0x03, 0xFF, 0xC0, 0x00, 0x00, 0x3F, 0xFC, 0x00, 0x00, 0x03, 0xFF, 0xC0, 0x00, 0x00,
    0x3F, 0xFC, 0x00, 0x00, 0x03, 0xFF, 0xC0, 0x00, 0x00, 0x3F, 0xFC, 0x00, 0x00, 0x03, 0xFF, 0xC0,
    0x00, 0x00, 0x3F, 0xFC, 0x00, 0x00, 0x03, 0xFF, 0xC0, 0x00, 0x00, 0x3F, 0xFC, 0x00, 0x00, 0x03,
    0xFF, 0xC0, 0x00, 0x00, 0x3F, 0xFC, 0x00, 0x00, 0x03, 0xFF, 0xC0, 0x00, 0x00, 0x3F, 0xFC, 0x00,
    0x00, 0x03, 0xFF, 0xC0, 0x00, 0x00, 0x3F, 0xFC, 0x00, 0x00, 0x03, 0xFF, 0xC0, 0x00, 0x00, 0x3F,
    0xFC, 0x00, 0x00, 0x03, 0xFF, 0xC0, 0x00, 0x00, 0x3F, 0xFC, 0x00, 0x00, 0x03, 0xFF, 0xC0, 0x00,
    0x00, 0x3F, 0xFC, 0x00, 0x00, 0x03, 0xFF, 0xC0, 0x00, 0x00, 0x3F, 0xFE, 0x00, 0x00, 0x07, 0xFF,
    0xE0, 0x00, 0x00, 0x7F, 0xFE, 0x00, 0x00, 0x07, 0xF7, 0xF0, 0x00, 0x00, 0xFE, 0x7F, 0x00, 0x00,
    0x0F, 0xE7, 0xF8, 0x00, 0x01, 0xFE, 0x3F, 0xC0, 0x00, 0x3F, 0xC3, 0xFE, 0x00, 0x0F, 0xFC, 0x1F,
    0xFC, 0x03, 0xFF, 0x80, 0xFF, 0xFF, 0xFF, 0xF0, 0x07, 0xFF, 0xFF, 0xFE, 0x00, 0x3F, 0xFF, 0xFF,
    0xC0, 0x00, 0xFF, 0xFF, 0xF0, 0x00, 0x03, 0xFF, 0xFC, 0x00, 0x00, 0x07, 0xFE, 0x00, 0x00, 0x00,
    0x38, 0x01, 0xC0, 0x00, 0x0F, 0xE0, 0x7E, 0x00, 0x00, 0xFE, 0x07, 0xF0, 0x00, 0x0F, 0xF0, 0xFF,
    0x00, 0x00, 0xFE, 0x0F, 0xF0, 0x00, 0x0F, 0xE0, 0x7F, 0x00, 0x00, 0x7E, 0x07, 0xE0, 0x00, 0x03,
    0x80, 0x1C, 0x00, 0x00, 0x00, 0x00, 0x00, 0x00, 0x00, 0x00, 0x00, 0x00, 0x00, 0x00, 0x00, 0x00,
    0x00, 0x00, 0x00, 0x00, 0x00, 0x00, 0x00, 0x00, 0x00, 0x0F, 0xC0, 0x00, 0x00, 0x3F, 0xFC, 0x00,
    0x00, 0x03, 0xFF, 0xC0, 0x00, 0x00, 0x3F, 0xFC, 0x00, 0x00, 0x03, 0xFF, 0xC0, 0x00, 0x00, 0x3F,
    0xFC, 0x00, 0x00, 0x03, 0xFF, 0xC0, 0x00, 0x00, 0x3F, 0xFC, 0x00, 0x00, 0x03, 0xFF, 0xC0, 0x00,
    0x00, 0x3F, 0xFC, 0x00, 0x00, 0x03, 0xFF, 0xC0, 0x00, 0x00, 0x3F, 0xFC, 0x00, 0x00, 0x03, 0xFF,
    0xC0, 0x00, 0x00, 0x3F, 0xFC, 0x00, 0x00, 0x03, 0xFF, 0xC0, 0x00, 0x00, 0x3F, 0xFC, 0x00, 0x00,
    0x03, 0xFF, 0xC0, 0x00, 0x00, 0x3F, 0xFC, 0x00, 0x00, 0x03, 0xFF, 0xC0, 0x00, 0x00, 0x3F, 0xFC,
    0x00, 0x00, 0x03, 0xFF, 0xC0, 0x00, 0x00, 0x3F, 0xFC, 0x00, 0x00, 0x03, 0xFF, 0xC0, 0x00, 0x00,
    0x3F, 0xFC, 0x00, 0x00, 0x03, 0xFF, 0xC0, 0x00, 0x00, 0x3F, 0xFC, 0x00, 0x00, 0x03, 0xFF, 0xC0,
    0x00, 0x00, 0x3F, 0xFC, 0x00, 0x00, 0x03, 0xFF, 0xC0, 0x00, 0x00, 0x3F, 0xFC, 0x00, 0x00, 0x03,
    0xFF, 0xC0, 0x00, 0x00, 0x3F, 0xFC, 0x00, 0x00, 0x03, 0xFF, 0xE0, 0x00, 0x00, 0x7F, 0xFE, 0x00,
    0x00, 0x07, 0xFF, 0xE0, 0x00, 0x00, 0x7F, 0x7F, 0x00, 0x00, 0x0F, 0xE7, 0xF0, 0x00, 0x00, 0xFE,
    0x7F, 0x80, 0x00, 0x1F, 0xE3, 0xFC, 0x00, 0x03, 0xFC, 0x3F, 0xE0, 0x00, 0xFF, 0xC1, 0xFF, 0xC0,
    0x3F, 0xF8, 0x0F, 0xFF, 0xFF, 0xFF, 0x00, 0x7F, 0xFF, 0xFF, 0xE0, 0x03, 0xFF, 0xFF, 0xFC, 0x00,
    0x0F, 0xFF, 0xFF, 0x00, 0x00, 0x3F, 0xFF, 0xC0, 0x00, 0x00, 0x7F, 0xE0, 0x00, 0x00, 0x00, 0x00,
    0x00, 0x00, 0x00, 0x00, 0x07, 0xF0, 0x00, 0x00, 0x00, 0x07, 0xE0, 0x00, 0x00, 0x00, 0x0F, 0xE0,
    0x00, 0x00, 0x00, 0x0F, 0xC0, 0x00, 0x00, 0x00, 0x1F, 0x80, 0x00, 0x00, 0x00, 0x1F, 0x80, 0x00,
    0x00, 0x00, 0x3F, 0x00, 0x00, 0x00, 0x00, 0x3E, 0x00, 0x00, 0x00, 0x00, 0x7E, 0x00, 0x00, 0x00,
    0x00, 0x00, 0x00, 0x00, 0x00, 0x00, 0x00, 0x00, 0x00, 0x00, 0x00, 0x00, 0x00, 0x00, 0x00, 0x00,
    0x00, 0x00, 0x00, 0xFE, 0x00, 0x00, 0x00, 0x7F, 0x7F, 0x00, 0x00, 0x00, 0xFE, 0x7F, 0x80, 0x00,
    0x01, 0xFE, 0x3F, 0x80, 0x00, 0x01, 0xFC, 0x3F, 0xC0, 0x00, 0x03, 0xFC, 0x1F, 0xC0, 0x00, 0x07,
    0xF8, 0x0F, 0xE0, 0x00, 0x07, 0xF0, 0x0F, 0xF0, 0x00, 0x0F, 0xF0, 0x07, 0xF0, 0x00, 0x0F, 0xE0,
    0x03, 0xF8, 0x00, 0x1F, 0xC0, 0x03, 0xFC, 0x00, 0x3F, 0xC0, 0x01, 0xFC, 0x00, 0x3F, 0x80, 0x01,
    0xFE, 0x00, 0x7F, 0x80, 0x00, 0xFE, 0x00, 0x7F, 0x00, 0x00, 0x7F, 0x00, 0xFE, 0x00, 0x00, 0x7F,
    0x81, 0xFE, 0x00, 0x00, 0x3F, 0x81, 0xFC, 0x00, 0x00, 0x1F, 0xC3, 0xF8, 0x00, 0x00, 0x1F, 0xC3,
    0xF8, 0x00, 0x00, 0x0F, 0xE7, 0xF0, 0x00, 0x00, 0x0F, 0xE7, 0xF0, 0x00, 0x00, 0x07, 0xFF, 0xE0,
    0x00, 0x00, 0x03, 0xFF, 0xC0, 0x00, 0x00, 0x03, 0xFF, 0xC0, 0x00, 0x00, 0x01, 0xFF, 0x80, 0x00,
    0x00, 0x00, 0xFF, 0x00, 0x00, 0x00, 0x00, 0xFF, 0x00, 0x00, 0x00, 0x00, 0x7E, 0x00, 0x00, 0x00,
    0x00, 0x7E, 0x00, 0x00, 0x00, 0x00, 0x7E, 0x00, 0x00, 0x00, 0x00, 0x7E, 0x00, 0x00, 0x00, 0x00,
    0x7E, 0x00, 0x00, 0x00, 0x00, 0x7E, 0x00, 0x00, 0x00, 0x00, 0x7E, 0x00, 0x00, 0x00, 0x00, 0x7E,
    0x00, 0x00, 0x00, 0x00, 0x7E, 0x00, 0x00, 0x00, 0x00, 0x7E, 0x00, 0x00, 0x00, 0x00, 0x7E, 0x00,
    0x00, 0x00, 0x00, 0x7E, 0x00, 0x00, 0x00, 0x00, 0x7E, 0x00, 0x00, 0x00, 0x00, 0x7E, 0x00, 0x00,
    0x00, 0x00, 0x7E, 0x00, 0x00, 0x00, 0x00, 0x7E, 0x00, 0x00, 0x00, 0x00, 0x7E, 0x00, 0x00, 0x00,
    0x00, 0x7E, 0x00, 0x00, 0x00, 0x00, 0x7E, 0x00, 0x00, 0x7E, 0x00, 0x00, 0x00, 0xFC, 0x00, 0x00,
    0x01, 0xF8, 0x00, 0x00, 0x03, 0xF0, 0x00, 0x00, 0x07, 0xE0, 0x00, 0x00, 0x0F, 0xC0, 0x00, 0x00,
    0x1F, 0x80, 0x00, 0x00, 0x3F, 0x00, 0x00, 0x00, 0x7E, 0x00, 0x00, 0x00, 0xFF, 0xFE, 0x00, 0x01,
    0xFF, 0xFF, 0xF0, 0x03, 0xFF, 0xFF, 0xF8, 0x07, 0xFF, 0xFF, 0xFC, 0x0F, 0xFF, 0xFF, 0xFC, 0x1F,
    0xFF, 0xFF, 0xFC, 0x3F, 0x00, 0x1F, 0xFC, 0x7E, 0x00, 0x07, 0xF8, 0xFC, 0x00, 0x07, 0xF9, 0xF8,
    0x00, 0x07, 0xF3, 0xF0, 0x00, 0x07, 0xE7, 0xE0, 0x00, 0x0F, 0xEF, 0xC0, 0x00, 0x0F, 0xDF, 0x80,
    0x00, 0x1F, 0xBF, 0x00, 0x00, 0x3F, 0x7E, 0x00, 0x00, 0x7E, 0xFC, 0x00, 0x01, 0xFD, 0xF8, 0x00,
    0x03, 0xF3, 0xF0, 0x00, 0x0F, 0xE7, 0xE0, 0x00, 0x1F, 0xCF, 0xC0, 0x00, 0xFF, 0x1F, 0x80, 0x0F,
    0xFE, 0x3F, 0xFF, 0xFF, 0xF8, 0x7F, 0xFF, 0xFF, 0xE0, 0xFF, 0xFF, 0xFF, 0x81, 0xFF, 0xFF, 0xFC,
    0x03, 0xFF, 0xFF, 0xE0, 0x07, 0xE0, 0x00, 0x00, 0x0F, 0xC0, 0x00, 0x00, 0x1F, 0x80, 0x00, 0x00,
    0x3F, 0x00, 0x00, 0x00, 0x7E, 0x00, 0x00, 0x00, 0xFC, 0x00, 0x00, 0x01, 0xF8, 0x00, 0x00, 0x03,
    0xF0, 0x00, 0x00, 0x07, 0xE0, 0x00, 0x00, 0x0F, 0xC0, 0x00, 0x00, 0x00, 0x00, 0x00, 0x00, 0x00,
    0x03, 0xFF, 0x80, 0x00, 0x3F, 0xFF, 0x80, 0x03, 0xFF, 0xFF, 0x80, 0x1F, 0xFF, 0xFF, 0x00, 0xFF,
    0xFF, 0xFE, 0x03, 0xFF, 0x1F, 0xFC, 0x1F, 0xE0, 0x0F, 0xF0, 0x7F, 0x00, 0x1F, 0xE3, 0xF8, 0x00,
    0x3F, 0x8F, 0xE0, 0x00, 0x7E, 0x3F, 0x00, 0x01, 0xF8, 0xFC, 0x00, 0x07, 0xE3, 0xF0, 0x00, 0x1F,
    0x8F, 0xC0, 0x00, 0x7E, 0x3F, 0x00, 0x01, 0xF8, 0xFC, 0x00, 0x07, 0xE3, 0xF0, 0x00, 0x3F, 0x0F,
    0xC0, 0x01, 0xFC, 0x3F, 0x00, 0x0F, 0xE0, 0xFC, 0x00, 0x7F, 0x03, 0xF0, 0x7F, 0xF8, 0x0F, 0xC1,
    0xFF, 0xC0, 0x3F, 0x07, 0xFF, 0x00, 0xFC, 0x1F, 0xFF, 0x83, 0xF0, 0x7F, 0xFF, 0x0F, 0xC1, 0xFF,
    0xFE, 0x3F, 0x00, 0x07, 0xFC, 0xFC, 0x00, 0x07, 0xFB, 0xF0, 0x00, 0x0F, 0xEF, 0xC0, 0x00, 0x1F,
    0xBF, 0x00, 0x00, 0x7F, 0xFC, 0x00, 0x00, 0xFF, 0xF0, 0x00, 0x03, 0xFF, 0xC0, 0x00, 0x0F, 0xFF,
    0x00, 0x00, 0x3F, 0xFC, 0x00, 0x00, 0xFF, 0xF0, 0x00, 0x07, 0xFF, 0xC0, 0x00, 0x1F, 0xBF, 0x00,
    0x00, 0xFE, 0xFC, 0x00, 0x07, 0xFB, 0xF0, 0x00, 0xFF, 0xCF, 0xC1, 0xFF, 0xFE, 0x3F, 0x07, 0xFF,
    0xF0, 0xFC, 0x1F, 0xFF, 0x83, 0xF0, 0x7F, 0xFC, 0x0F, 0xC1, 0xFF, 0xC0, 0x00, 0x00, 0x00, 0x00,
    0x00, 0x1F, 0xC0, 0x00, 0x01, 0xFC, 0x00, 0x00, 0x0F, 0xC0, 0x00, 0x00, 0x7E, 0x00, 0x00, 0x07,
    0xE0, 0x00, 0x00, 0x3F, 0x00, 0x00, 0x01, 0xF0, 0x00, 0x00, 0x1F, 0x80, 0x00, 0x00, 0xF8, 0x00,
    0x00, 0x00, 0x00, 0x00, 0x00, 0x00, 0x00, 0x00, 0x00, 0x00, 0x00, 0x00, 0x38, 0x00, 0x00, 0x7F,
    0xF8, 0x00, 0x1F, 0xFF, 0xE0, 0x07, 0xFF, 0xFF, 0x80, 0xFF, 0xFF, 0xFC, 0x1F, 0xFF, 0xFF, 0xC1,
    0xFF, 0x01, 0xFE, 0x3F, 0xC0, 0x0F, 0xE3, 0xF8, 0x00, 0x7F, 0x7F, 0x00, 0x03, 0xF0, 0xE0, 0x00,
    0x3F, 0x00, 0x00, 0x03, 0xF0, 0x00, 0x00, 0x3F, 0x00, 0x00, 0x03, 0xF0, 0x00, 0x03, 0xFF, 0x00,
    0x1F, 0xFF, 0xF0, 0x1F, 0xFF, 0xFF, 0x07, 0xFF, 0xFF, 0xF1, 0xFF, 0xFF, 0xFF, 0x3F, 0xFF, 0xF3,
    0xF3, 0xFF, 0x80, 0x3F, 0x7F, 0x80, 0x03, 0xF7, 0xF0, 0x00, 0x3F, 0xFE, 0x00, 0x03, 0xFF, 0xE0,
    0x00, 0x3F, 0xFE, 0x00, 0x03, 0xFF, 0xE0, 0x00, 0x7F, 0xFE, 0x00, 0x0F, 0xF7, 0xE0, 0x01, 0xFF,
    0x7F, 0x80, 0x3F, 0xF7, 0xFF, 0x3F, 0xFF, 0x3F, 0xFF, 0xFF, 0xF1, 0xFF, 0xFF, 0xBF, 0x0F, 0xFF,
    0xF3, 0xF0, 0x7F, 0xFE, 0x3F, 0x00, 0xFF, 0x00, 0x00, 0x00, 0x00, 0x00, 0x00, 0x00, 0x0F, 0xE0,
    0x00, 0x00, 0xFC, 0x00, 0x00, 0x1F, 0xC0, 0x00, 0x01, 0xF8, 0x00, 0x00, 0x3F, 0x00, 0x00, 0x03,
    0xF0, 0x00, 0x00, 0x7E, 0x00, 0x00, 0x07, 0xC0, 0x00, 0x00, 0xFC, 0x00, 0x00, 0x00, 0x00, 0x00,
    0x00, 0x00, 0x00, 0x00, 0x00, 0x00, 0x00, 0x00, 0x38, 0x00, 0x00, 0x7F, 0xF8, 0x00, 0x1F, 0xFF,
    0xE0, 0x07, 0xFF, 0xFF, 0x80, 0xFF, 0xFF, 0xFC, 0x1F, 0xFF, 0xFF, 0xC1, 0xFF, 0x01, 0xFE, 0x3F,
    0xC0, 0x0F, 0xE3, 0xF8, 0x00, 0x7F, 0x7F, 0x00, 0x03, 0xF0, 0xE0, 0x00, 0x3F, 0x00, 0x00, 0x03,
    0xF0, 0x00, 0x00, 0x3F, 0x00, 0x00, 0x03, 0xF0, 0x00, 0x03, 0xFF, 0x00, 0x1F, 0xFF, 0xF0, 0x1F,
    0xFF, 0xFF, 0x07, 0xFF, 0xFF, 0xF1, 0xFF, 0xFF, 0xFF, 0x3F, 0xFF, 0xF3, 0xF3, 0xFF, 0x80, 0x3F,
    0x7F, 0x80, 0x03, 0xF7, 0xF0, 0x00, 0x3F, 0xFE, 0x00, 0x03, 0xFF, 0xE0, 0x00, 0x3F, 0xFE, 0x00,
    0x03, 0xFF, 0xE0, 0x00, 0x7F, 0xFE, 0x00, 0x0F, 0xF7, 0xE0, 0x01, 0xFF, 0x7F, 0x80, 0x3F, 0xF7,
    0xFF, 0x3F, 0xFF, 0x3F, 0xFF, 0xFF, 0xF1, 0xFF, 0xFF, 0xBF, 0x0F, 0xFF, 0xF3, 0xF0, 0x7F, 0xFE,
    0x3F, 0x00, 0xFF, 0x00, 0x00, 0x00, 0x00, 0x00, 0x00, 0x01, 0xFC, 0x00, 0x00, 0x3F, 0xE0, 0x00,
    0x07, 0xFF, 0x00, 0x00, 0x7F, 0xF8, 0x00, 0x0F, 0xCF, 0xC0, 0x01, 0xF8, 0xFE, 0x00, 0x3F, 0x07,
    0xF0, 0x07, 0xF0, 0x3F, 0x80, 0x7E, 0x01, 0xF8, 0x00, 0x00, 0x00, 0x00, 0x00, 0x00, 0x00, 0x00,
    0x00, 0x00, 0x00, 0x00, 0x38, 0x00, 0x00, 0x7F, 0xF8, 0x00, 0x1F, 0xFF, 0xE0, 0x07, 0xFF, 0xFF,
    0x80, 0xFF, 0xFF, 0xFC, 0x1F, 0xFF, 0xFF, 0xC1, 0xFF, 0x01, 0xFE, 0x3F, 0xC0, 0x0F, 0xE3, 0xF8,
    0x00, 0x7F, 0x7F, 0x00, 0x03, 0xF0, 0xE0, 0x00, 0x3F, 0x00, 0x00, 0x03, 0xF0, 0x00, 0x00, 0x3F,
    0x00, 0x00, 0x03, 0xF0, 0x00, 0x03, 0xFF, 0x00, 0x1F, 0xFF, 0xF0, 0x1F, 0xFF, 0xFF, 0x07, 0xFF,
    0xFF, 0xF1, 0xFF, 0xFF, 0xFF, 0x3F, 0xFF, 0xF3, 0xF3, 0xFF, 0x80, 0x3F, 0x7F, 0x80, 0x03, 0xF7,
    0xF0, 0x00, 0x3F, 0xFE, 0x00, 0x03, 0xFF, 0xE0, 0x00, 0x3F, 0xFE, 0x00, 0x03, 0xFF, 0xE0, 0x00,
    0x7F, 0xFE, 0x00, 0x0F, 0xF7, 0xE0, 0x01, 0xFF, 0x7F, 0x80, 0x3F, 0xF7, 0xFF, 0x3F, 0xFF, 0x3F,
    0xFF, 0xFF, 0xF1, 0xFF, 0xFF, 0xBF, 0x0F, 0xFF, 0xF3, 0xF0, 0x7F, 0xFE, 0x3F, 0x00, 0xFF, 0x00,
    0x00, 0x00, 0x00, 0x00, 0x00, 0x0F, 0xC1, 0xF0, 0x01, 0xFF, 0x1F, 0x00, 0x3F, 0xFF, 0xF0, 0x03,
    0xFF, 0xFE, 0x00, 0x3E, 0x7F, 0xE0, 0x03, 0xC1, 0xFC, 0x00, 0x3C, 0x07, 0x00, 0x00, 0x00, 0x00,
    0x00, 0x00, 0x00, 0x00, 0x00, 0x00, 0x00, 0x00, 0x00, 0x00, 0x00, 0x00, 0x03, 0x80, 0x00, 0x07,
    0xFF, 0x80, 0x01, 0xFF, 0xFE, 0x00, 0x7F, 0xFF, 0xF8, 0x0F, 0xFF, 0xFF, 0xC1, 0xFF, 0xFF, 0xFC,
    0x1F, 0xF0, 0x1F, 0xE3, 0xFC, 0x00, 0xFE, 0x3F, 0x80, 0x07, 0xF7, 0xF0, 0x00, 0x3F, 0x0E, 0x00,
    0x03, 0xF0, 0x00, 0x00, 0x3F, 0x00, 0x00, 0x03, 0xF0, 0x00, 0x00, 0x3F, 0x00, 0x00, 0x3F, 0xF0,
    0x01, 0xFF, 0xFF, 0x01, 0xFF, 0xFF, 0xF0, 0x7F, 0xFF, 0xFF, 0x1F, 0xFF, 0xFF, 0xF3, 0xFF, 0xFF,
    0x3F, 0x3F, 0xF8, 0x03, 0xF7, 0xF8, 0x00, 0x3F, 0x7F, 0x00, 0x03, 0xFF, 0xE0, 0x00, 0x3F, 0xFE,
    0x00, 0x03, 0xFF, 0xE0, 0x00, 0x3F, 0xFE, 0x00, 0x07, 0xFF, 0xE0, 0x00, 0xFF, 0x7E, 0x00, 0x1F,
    0xF7, 0xF8, 0x03, 0xFF, 0x7F, 0xF3, 0xFF, 0xF3, 0xFF, 0xFF, 0xFF, 0x1F, 0xFF, 0xFB, 0xF0, 0xFF,
    0xFF, 0x3F, 0x07, 0xFF, 0xE3, 0xF0, 0x0F, 0xF0, 0x00, 0x03, 0xC0, 0x1E, 0x00, 0x7E, 0x03, 0xF0,
    0x07, 0xF0, 0x3F, 0x80, 0xFF, 0x07, 0xF8, 0x0F, 0xF0, 0x7F, 0x80, 0x7F, 0x03, 0xF8, 0x07, 0xE0,
    0x3F, 0x00, 0x1C, 0x01, 0xE0, 0x00, 0x00, 0x00, 0x00, 0x00, 0x00, 0x00, 0x00, 0x00, 0x00, 0x00,
    0x00, 0x00, 0x00, 0x00, 0x03, 0x80, 0x00, 0x07, 0xFF, 0x80, 0x01, 0xFF, 0xFE, 0x00, 0x7F, 0xFF,
    0xF8, 0x0F, 0xFF, 0xFF, 0xC1, 0xFF, 0xFF, 0xFC, 0x1F, 0xF0, 0x1F, 0xE3, 0xFC, 0x00, 0xFE, 0x3F,
    0x80, 0x07, 0xF7, 0xF0, 0x00, 0x3F, 0x0E, 0x00, 0x03, 0xF0, 0x00, 0x00, 0x3F, 0x00, 0x00, 0x03,
    0xF0, 0x00, 0x00, 0x3F, 0x00, 0x00, 0x3F, 0xF0, 0x01, 0xFF, 0xFF, 0x01, 0xFF, 0xFF, 0xF0, 0x7F,
    0xFF, 0xFF, 0x1F, 0xFF, 0xFF, 0xF3, 0xFF, 0xFF, 0x3F, 0x3F, 0xF8, 0x03, 0xF7, 0xF8, 0x00, 0x3F,
    0x7F, 0x00, 0x03, 0xFF, 0xE0, 0x00, 0x3F, 0xFE, 0x00, 0x03, 0xFF, 0xE0, 0x00, 0x3F, 0xFE, 0x00,
    0x07, 0xFF, 0xE0, 0x00, 0xFF, 0x7E, 0x00, 0x1F, 0xF7, 0xF8, 0x03, 0xFF, 0x7F, 0xF3, 0xFF, 0xF3,
    0xFF, 0xFF, 0xFF, 0x1F, 0xFF, 0xFB, 0xF0, 0xFF, 0xFF, 0x3F, 0x07, 0xFF, 0xE3, 0xF0, 0x0F, 0xF0,
    0x00, 0x00, 0x00, 0x00, 0x00, 0x01, 0xFE, 0x00, 0x00, 0x7F, 0xF0, 0x00, 0x0F, 0xFF, 0x80, 0x00,
    0xFF, 0xFC, 0x00, 0x1F, 0x8F, 0xC0, 0x01, 0xF0, 0x3E, 0x00, 0x1F, 0x03, 0xE0, 0x01, 0xE0, 0x3E,
    0x00, 0x1F, 0x03, 0xE0, 0x01, 0xF0, 0x7E, 0x00, 0x1F, 0x8F, 0xC0, 0x00, 0xFF, 0xFC, 0x00, 0x0F,
    0xFF, 0x80, 0x00, 0x3F, 0xF0, 0x00, 0x01, 0xFE, 0x00, 0x00, 0x00, 0x00, 0x00, 0x00, 0x38, 0x00,
    0x00, 0x7F, 0xF8, 0x00, 0x1F, 0xFF, 0xE0, 0x07, 0xFF, 0xFF, 0x80, 0xFF, 0xFF, 0xFC, 0x1F, 0xFF,
    0xFF, 0xC1, 0xFF, 0x01, 0xFE, 0x3F, 0xC0, 0x0F, 0xE3, 0xF8, 0x00, 0x7F, 0x7F, 0x00, 0x03, 0xF0,
    0xE0, 0x00, 0x3F, 0x00, 0x00, 0x03, 0xF0, 0x00, 0x00, 0x3F, 0x00, 0x00, 0x03, 0xF0, 0x00, 0x03,
    0xFF, 0x00, 0x1F, 0xFF, 0xF0, 0x1F, 0xFF, 0xFF, 0x07, 0xFF, 0xFF, 0xF1, 0xFF, 0xFF, 0xFF, 0x3F,
    0xFF, 0xF3, 0xF3, 0xFF, 0x80, 0x3F, 0x7F, 0x80, 0x03, 0xF7, 0xF0, 0x00, 0x3F, 0xFE, 0x00, 0x03,
    0xFF, 0xE0, 0x00, 0x3F, 0xFE, 0x00, 0x03, 0xFF, 0xE0, 0x00, 0x7F, 0xFE, 0x00, 0x0F, 0xF7, 0xE0,
    0x01, 0xFF, 0x7F, 0x80, 0x3F, 0xF7, 0xFF, 0x3F, 0xFF, 0x3F, 0xFF, 0xFF, 0xF1, 0xFF, 0xFF, 0xBF,
    0x0F, 0xFF, 0xF3, 0xF0, 0x7F, 0xFE, 0x3F, 0x00, 0xFF, 0x00, 0x00, 0x00, 0x03, 0x80, 0x00, 0x0C,
    0x00, 0x00, 0x07, 0xFF, 0x80, 0x0F, 0xFE, 0x00, 0x01, 0xFF, 0xFE, 0x03, 0xFF, 0xF8, 0x00, 0x7F,
    0xFF, 0xF0, 0xFF, 0xFF, 0xC0, 0x0F, 0xFF, 0xFF, 0x9F, 0xFF, 0xFF, 0x01, 0xFF, 0xFF, 0xFF, 0xFF,
    0xFF, 0xF0, 0x1F, 0xF0, 0x1F, 0xFF, 0xC0, 0xFF, 0x83, 0xFC, 0x00, 0xFF, 0xF0, 0x03, 0xFC, 0x3F,
    0x80, 0x07, 0xFE, 0x00, 0x1F, 0xC7, 0xF0, 0x00, 0x3F, 0xC0, 0x00, 0xFE, 0x0E, 0x00, 0x03, 0xF8,
    0x00, 0x07, 0xE0, 0x00, 0x00, 0x3F, 0x80, 0x00, 0x7E, 0x00, 0x00, 0x03, 0xF0, 0x00, 0x03, 0xF0,
    0x00, 0x00, 0x3F, 0x00, 0x00, 0x3F, 0x00, 0x00, 0x03, 0xF0, 0x00, 0x03, 0xF0, 0x03, 0xFF, 0xFF,
    0xFF, 0xFF, 0xFF, 0x01, 0xFF, 0xFF, 0xFF, 0xFF, 0xFF, 0xF0, 0x7F, 0xFF, 0xFF, 0xFF, 0xFF, 0xFF,
    0x1F, 0xFF, 0xFF, 0xFF, 0xFF, 0xFF, 0xF3, 0xFF, 0xFF, 0xFF, 0xFF, 0xFF, 0xFF, 0x3F, 0xF8, 0x03,
    0xF0, 0x00, 0x00, 0x07, 0xF8, 0x00, 0x3F, 0x00, 0x00, 0x00, 0x7F, 0x00, 0x03, 0xF0, 0x00, 0x00,
    0x0F, 0xE0, 0x00, 0x3F, 0x00, 0x00, 0x00, 0xFE, 0x00, 0x03, 0xF8, 0x00, 0x00, 0x0F, 0xE0, 0x00,
    0x3F, 0x80, 0x00, 0x30, 0xFE, 0x00, 0x07, 0xFC, 0x00, 0x07, 0xEF, 0xE0, 0x00, 0xFF, 0xC0, 0x00,
    0x7E, 0x7E, 0x00, 0x1F, 0xFE, 0x00, 0x0F, 0xE7, 0xF8, 0x03, 0xFF, 0xF8, 0x03, 0xFC, 0x3F, 0xF3,
    0xFF, 0xFF, 0xFF, 0xFF, 0xC3, 0xFF, 0xFF, 0xF3, 0xFF, 0xFF, 0xF8, 0x1F, 0xFF, 0xFE, 0x1F, 0xFF,
    0xFF, 0x00, 0xFF, 0xFF, 0xC0, 0xFF, 0xFF, 0xE0, 0x03, 0xFF, 0xF0, 0x03, 0xFF, 0xF8, 0x00, 0x0F,
    0xF8, 0x00, 0x07, 0xFC, 0x00, 0x00, 0x01, 0xC0, 0x00, 0x00, 0x3F, 0xF8, 0x00, 0x03, 0xFF, 0xFC,
    0x00, 0x0F, 0xFF, 0xFE, 0x00, 0x3F, 0xFF, 0xFE, 0x00, 0xFF, 0xFF, 0xFE, 0x03, 0xFE, 0x07, 0xFE,
    0x0F, 0xF0, 0x03, 0xFC, 0x1F, 0xC0, 0x01, 0xFC, 0x7F, 0x00, 0x03, 0xF8, 0xFE, 0x00, 0x03, 0xF1,
    0xF8, 0x00, 0x07, 0x87, 0xF0, 0x00, 0x00, 0x0F, 0xC0, 0x00, 0x00, 0x1F, 0x80, 0x00, 0x00, 0x3F,
    0x00, 0x00, 0x00, 0x7E, 0x00, 0x00, 0x00, 0xFC, 0x00, 0x00, 0x01, 0xF8, 0x00, 0x00, 0x03, 0xF0,
    0x00, 0x00, 0x07, 0xE0, 0x00, 0x00, 0x0F, 0xC0, 0x00, 0x00, 0x1F, 0x80, 0x00, 0x00, 0x3F, 0x80,
    0x00, 0x00, 0x7F, 0x00, 0x00, 0x60, 0x7E, 0x00, 0x01, 0xF8, 0xFE, 0x00, 0x03, 0xF0, 0xFE, 0x00,
    0x0F, 0xE1, 0xFE, 0x00, 0x3F, 0xC1, 0xFE, 0x00, 0xFF, 0x03, 0xFF, 0xFF, 0xFC, 0x03, 0xFF, 0xFF,
    0xF0, 0x03, 0xFF, 0xFF, 0xC0, 0x01, 0xFF, 0xFF, 0x00, 0x01, 0xFF, 0xF8, 0x00, 0x00, 0x7F, 0xC0,
    0x00, 0x00, 0x3C, 0x00, 0x00, 0x00, 0x7E, 0x00, 0x00, 0x00, 0xFF, 0x00, 0x00, 0x01, 0xFF, 0x00,
    0x00, 0x03, 0xFF, 0x00, 0x00, 0x00, 0x3E, 0x00, 0x00, 0x00, 0x7C, 0x00, 0x00, 0x00, 0xF8, 0x00,
    0x00, 0x7F, 0xF0, 0x00, 0x00, 0xFF, 0xC0, 0x00, 0x01, 0xFF, 0x00, 0x00, 0x03, 0xFC, 0x00, 0x00,
    0x00, 0x00, 0x00, 0x01, 0xFC, 0x00, 0x00, 0x01, 0xF8, 0x00, 0x00, 0x03, 0xF8, 0x00, 0x00, 0x03,
    0xF0, 0x00, 0x00, 0x03, 0xF0, 0x00, 0x00, 0x07, 0xE0, 0x00, 0x00, 0x07, 0xE0, 0x00, 0x00, 0x07,
    0xC0, 0x00, 0x00, 0x0F, 0xC0, 0x00, 0x00, 0x00, 0x00, 0x00, 0x00, 0x00, 0x00, 0x00, 0x00, 0x00,
    0x00, 0x00, 0x00, 0x30, 0x00, 0x00, 0x0F, 0xFF, 0x00, 0x00, 0x7F, 0xFF, 0x80, 0x01, 0xFF, 0xFF,
    0x80, 0x07, 0xFF, 0xFF, 0xC0, 0x1F, 0xFF, 0xFF, 0xC0, 0x7F, 0xC0, 0xFF, 0x81, 0xFE, 0x00, 0x7F,
    0x83, 0xF8, 0x00, 0x7F, 0x0F, 0xE0, 0x00, 0x7F, 0x1F, 0x80, 0x00, 0x7E, 0x3F, 0x00, 0x00, 0xFE,
    0xFC, 0x00, 0x00, 0xFD, 0xF8, 0x00, 0x01, 0xFB, 0xF0, 0x00, 0x03, 0xF7, 0xFF, 0xFF, 0xFF, 0xEF,
    0xFF, 0xFF, 0xFF, 0xDF, 0xFF, 0xFF, 0xFF, 0xBF, 0xFF, 0xFF, 0xFF, 0x7F, 0xFF, 0xFF, 0xFE, 0xFC,
    0x00, 0x00, 0x01, 0xF8, 0x00, 0x00, 0x03, 0xF0, 0x00, 0x00, 0x07, 0xE0, 0x00, 0x00, 0x0F, 0xE0,
    0x00, 0x00, 0x0F, 0xC0, 0x00, 0x18, 0x1F, 0xC0, 0x00, 0x7E, 0x3F, 0x80, 0x00, 0xFE, 0x3F, 0x80,
    0x03, 0xF8, 0x3F, 0xC0, 0x1F, 0xF0, 0x7F, 0xFF, 0xFF, 0xC0, 0x7F, 0xFF, 0xFF, 0x00, 0x7F, 0xFF,
    0xFC, 0x00, 0x3F, 0xFF, 0xF0, 0x00, 0x3F, 0xFF, 0x80, 0x00, 0x0F, 0xF8, 0x00, 0x00, 0x00, 0x00,
    0x00, 0x00, 0x00, 0xFE, 0x00, 0x00, 0x01, 0xF8, 0x00, 0x00, 0x07, 0xF0, 0x00, 0x00, 0x0F, 0xC0,
    0x00, 0x00, 0x3F, 0x00, 0x00, 0x00, 0x7E, 0x00, 0x00, 0x01, 0xF8, 0x00, 0x00, 0x03, 0xE0, 0x00,
    0x00, 0x07, 0xC0, 0x00, 0x00, 0x00, 0x00, 0x00, 0x00, 0x00, 0x00, 0x00, 0x00, 0x00, 0x00, 0x00,
    0x00, 0x30, 0x00, 0x00, 0x0F, 0xFF, 0x00, 0x00, 0x7F, 0xFF, 0x80, 0x01, 0xFF, 0xFF, 0x80, 0x07,
    0xFF, 0xFF, 0xC0, 0x1F, 0xFF, 0xFF, 0xC0, 0x7F, 0xC0, 0xFF, 0x81, 0xFE, 0x00, 0x7F, 0x83, 0xF8,
    0x00, 0x7F, 0x0F, 0xE0, 0x00, 0x7F, 0x1F, 0x80, 0x00, 0x7E, 0x3F, 0x00, 0x00, 0xFE, 0xFC, 0x00,
    0x00, 0xFD, 0xF8, 0x00, 0x01, 0xFB, 0xF0, 0x00, 0x03, 0xF7, 0xFF, 0xFF, 0xFF, 0xEF, 0xFF, 0xFF,
    0xFF, 0xDF, 0xFF, 0xFF, 0xFF, 0xBF, 0xFF, 0xFF, 0xFF, 0x7F, 0xFF, 0xFF, 0xFE, 0xFC, 0x00, 0x00,
    0x01, 0xF8, 0x00, 0x00, 0x03, 0xF0, 0x00, 0x00, 0x07, 0xE0, 0x00, 0x00, 0x0F, 0xE0, 0x00, 0x00,
    0x0F, 0xC0, 0x00, 0x18, 0x1F, 0xC0, 0x00, 0x7E, 0x3F, 0x80, 0x00, 0xFE, 0x3F, 0x80, 0x03, 0xF8,
    0x3F, 0xC0, 0x1F, 0xF0, 0x7F, 0xFF, 0xFF, 0xC0, 0x7F, 0xFF, 0xFF, 0x00, 0x7F, 0xFF, 0xFC, 0x00,
    0x3F, 0xFF, 0xF0, 0x00, 0x3F, 0xFF, 0x80, 0x00, 0x0F, 0xF8, 0x00, 0x00, 0x00, 0x00, 0x00, 0x00,
    0x1F, 0xE0, 0x00, 0x00, 0x3F, 0xC0, 0x00, 0x00, 0xFF, 0xC0, 0x00, 0x03, 0xFF, 0xC0, 0x00, 0x0F,
    0xCF, 0xC0, 0x00, 0x3F, 0x0F, 0xC0, 0x00, 0xFE, 0x1F, 0xC0, 0x03, 0xF8, 0x1F, 0xC0, 0x07, 0xE0,
    0x1F, 0x80, 0x00, 0x00, 0x00, 0x00, 0x00, 0x00, 0x00, 0x00, 0x00, 0x00, 0x00, 0x00, 0x00, 0x30,
    0x00, 0x00, 0x0F, 0xFF, 0x00, 0x00, 0x7F, 0xFF, 0x80, 0x01, 0xFF, 0xFF, 0x80, 0x07, 0xFF, 0xFF,
    0xC0, 0x1F, 0xFF, 0xFF, 0xC0, 0x7F, 0xC0, 0xFF, 0x81, 0xFE, 0x00, 0x7F, 0x83, 0xF8, 0x00, 0x7F,
    0x0F, 0xE0, 0x00, 0x7F, 0x1F, 0x80, 0x00, 0x7E, 0x3F, 0x00, 0x00, 0xFE, 0xFC, 0x00, 0x00, 0xFD,
    0xF8, 0x00, 0x01, 0xFB, 0xF0, 0x00, 0x03, 0xF7, 0xFF, 0xFF, 0xFF, 0xEF, 0xFF, 0xFF, 0xFF, 0xDF,
    0xFF, 0xFF, 0xFF, 0xBF, 0xFF, 0xFF, 0xFF, 0x7F, 0xFF, 0xFF, 0xFE, 0xFC, 0x00, 0x00, 0x01, 0xF8,
    0x00, 0x00, 0x03, 0xF0, 0x00, 0x00, 0x07, 0xE0, 0x00, 0x00, 0x0F, 0xE0, 0x00, 0x00, 0x0F, 0xC0,
    0x00, 0x18, 0x1F, 0xC0, 0x00, 0x7E, 0x3F, 0x80, 0x00, 0xFE, 0x3F, 0x80, 0x03, 0xF8, 0x3F, 0xC0,
    0x1F, 0xF0, 0x7F, 0xFF, 0xFF, 0xC0, 0x7F, 0xFF, 0xFF, 0x00, 0x7F, 0xFF, 0xFC, 0x00, 0x3F, 0xFF,
    0xF0, 0x00, 0x3F, 0xFF, 0x80, 0x00, 0x0F, 0xF8, 0x00, 0x00, 0xF0, 0x07, 0x00, 0x03, 0xF0, 0x3F,
    0x80, 0x0F, 0xE0, 0x7F, 0x00, 0x1F, 0xE0, 0xFE, 0x00, 0x3F, 0xC1, 0xFC, 0x00, 0x7F, 0x03, 0xF8,
    0x00, 0x7E, 0x07, 0xE0, 0x00, 0x70, 0x03, 0x80, 0x00, 0x00, 0x00, 0x00, 0x00, 0x00, 0x00, 0x00,
    0x00, 0x00, 0x00, 0x00, 0x00, 0x00, 0x00, 0x00, 0x00, 0x18, 0x00, 0x00, 0x07, 0xFF, 0x80, 0x00,
    0x3F, 0xFF, 0xC0, 0x00, 0xFF, 0xFF, 0xC0, 0x03, 0xFF, 0xFF, 0xE0, 0x0F, 0xFF, 0xFF, 0xE0, 0x3F,
    0xE0, 0x7F, 0xC0, 0xFF, 0x00, 0x3F, 0xC1, 0xFC, 0x00, 0x3F, 0x87, 0xF0, 0x00, 0x3F, 0x8F, 0xC0,
    0x00, 0x3F, 0x1F, 0x80, 0x00, 0x7F, 0x7E, 0x00, 0x00, 0x7E, 0xFC, 0x00, 0x00, 0xFD, 0xF8, 0x00,
    0x01, 0xFB, 0xFF, 0xFF, 0xFF, 0xF7, 0xFF, 0xFF, 0xFF, 0xEF, 0xFF, 0xFF, 0xFF, 0xDF, 0xFF, 0xFF,
    0xFF, 0xBF, 0xFF, 0xFF, 0xFF, 0x7E, 0x00, 0x00, 0x00, 0xFC, 0x00, 0x00, 0x01, 0xF8, 0x00, 0x00,
    0x03, 0xF0, 0x00, 0x00, 0x07, 0xF0, 0x00, 0x00, 0x07, 0xE0, 0x00, 0x0C, 0x0F, 0xE0, 0x00, 0x3F,
    0x1F, 0xC0, 0x00, 0x7F, 0x1F, 0xC0, 0x01, 0xFC, 0x1F, 0xE0, 0x0F, 0xF8, 0x3F, 0xFF, 0xFF, 0xE0,
    0x3F, 0xFF, 0xFF, 0x80, 0x3F, 0xFF, 0xFE, 0x00, 0x1F, 0xFF, 0xF8, 0x00, 0x1F, 0xFF, 0xC0, 0x00,
    0x07, 0xFC, 0x00, 0x00, 0x0F, 0xE0, 0x7F, 0x03, 0xF0, 0x3F, 0x01, 0xF8, 0x0F, 0x80, 0xFC, 0x07,
    0xC0, 0x7E, 0x00, 0x00, 0x00, 0x00, 0x00, 0x00, 0x07, 0xE0, 0x7E, 0x07, 0xE0, 0x7E, 0x07, 0xE0,
    0x7E, 0x07, 0xE0, 0x7E, 0x07, 0xE0, 0x7E, 0x07, 0xE0, 0x7E, 0x07, 0xE0, 0x7E, 0x07, 0xE0, 0x7E,
    0x07, 0xE0, 0x7E, 0x07, 0xE0, 0x7E, 0x07, 0xE0, 0x7E, 0x07, 0xE0, 0x7E, 0x07, 0xE0, 0x7E, 0x07,
    0xE0, 0x7E, 0x07, 0xE0, 0x7E, 0x07, 0xE0, 0x7E, 0x07, 0xE0, 0x7E, 0x00, 0x00, 0x7E, 0x0F, 0xE0,
    0xFC, 0x1F, 0x81, 0xF8, 0x3F, 0x03, 0xE0, 0x7E, 0x07, 0xC0, 0x00, 0x00, 0x00, 0x00, 0x00, 0x00,
    0xFC, 0x0F, 0xC0, 0xFC, 0x0F, 0xC0, 0xFC, 0x0F, 0xC0, 0xFC, 0x0F, 0xC0, 0xFC, 0x0F, 0xC0, 0xFC,
    0x0F, 0xC0, 0xFC, 0x0F, 0xC0, 0xFC, 0x0F, 0xC0, 0xFC, 0x0F, 0xC0, 0xFC, 0x0F, 0xC0, 0xFC, 0x0F,
    0xC0, 0xFC, 0x0F, 0xC0, 0xFC, 0x0F, 0xC0, 0xFC, 0x0F, 0xC0, 0xFC, 0x0F, 0xC0, 0xFC, 0x0F, 0xC0,
    0xFC, 0x0F, 0xC0, 0x00, 0x00, 0x00, 0x0F, 0xE0, 0x00, 0xFF, 0x80, 0x0F, 0xFE, 0x00, 0xFF, 0xF8,
    0x0F, 0xEF, 0xC0, 0xFE, 0x3F, 0x0F, 0xE0, 0xFC, 0x7E, 0x03, 0xF7, 0xE0, 0x1F, 0x80, 0x00, 0x00,
    0x00, 0x00, 0x00, 0x00, 0x00, 0x00, 0x00, 0x00, 0x07, 0xE0, 0x00, 0x3F, 0x00, 0x01, 0xF8, 0x00,
    0x0F, 0xC0, 0x00, 0x7E, 0x00, 0x03, 0xF0, 0x00, 0x1F, 0x80, 0x00, 0xFC, 0x00, 0x07, 0xE0, 0x00,
    0x3F, 0x00, 0x01, 0xF8, 0x00, 0x0F, 0xC0, 0x00, 0x7E, 0x00, 0x03, 0xF0, 0x00, 0x1F, 0x80, 0x00,
    0xFC, 0x00, 0x07, 0xE0, 0x00, 0x3F, 0x00, 0x01, 0xF8, 0x00, 0x0F, 0xC0, 0x00, 0x7E, 0x00, 0x03,
    0xF0, 0x00, 0x1F, 0x80, 0x00, 0xFC, 0x00, 0x07, 0xE0, 0x00, 0x3F, 0x00, 0x01, 0xF8, 0x00, 0x0F,
    0xC0, 0x00, 0x7E, 0x00, 0x03, 0xF0, 0x00, 0x1F, 0x80, 0x00, 0xFC, 0x00, 0x07, 0xE0, 0x00, 0x3F,
    0x00, 0x3C, 0x01, 0xE3, 0xF0, 0x1F, 0xBF, 0xC1, 0xFD, 0xFE, 0x0F, 0xFF, 0xF0, 0x7F, 0xFF, 0x83,
    0xF9, 0xF8, 0x0F, 0xC7, 0x80, 0x3C, 0x00, 0x00, 0x00, 0x00, 0x00, 0x00, 0x00, 0x00, 0x00, 0x00,
    0x00, 0x00, 0x00, 0x00, 0xFC, 0x00, 0x07, 0xE0, 0x00, 0x3F, 0x00, 0x01, 0xF8, 0x00, 0x0F, 0xC0,
    0x00, 0x7E, 0x00, 0x03, 0xF0, 0x00, 0x1F, 0x80, 0x00, 0xFC, 0x00, 0x07, 0xE0, 0x00, 0x3F, 0x00,
    0x01, 0xF8, 0x00, 0x0F, 0xC0, 0x00, 0x7E, 0x00, 0x03, 0xF0, 0x00, 0x1F, 0x80, 0x00, 0xFC, 0x00,
    0x07, 0xE0, 0x00, 0x3F, 0x00, 0x01, 0xF8, 0x00, 0x0F, 0xC0, 0x00, 0x7E, 0x00, 0x03, 0xF0, 0x00,
    0x1F, 0x80, 0x00, 0xFC, 0x00, 0x07, 0xE0, 0x00, 0x3F, 0x00, 0x01, 0xF8, 0x00, 0x0F, 0xC0, 0x00,
    0x7E, 0x00, 0x03, 0xF0, 0x00, 0x1F, 0x80, 0x00, 0xFC, 0x00, 0x07, 0xE0, 0x00, 0x00, 0x00, 0x00,
    0x00, 0x00, 0xE0, 0x00, 0x00, 0x01, 0xF0, 0x01, 0x00, 0x07, 0xF0, 0x0F, 0x00, 0x0F, 0xF8, 0x7E,
    0x00, 0x0F, 0xFB, 0xFC, 0x00, 0x07, 0xFF, 0xF8, 0x00, 0x07, 0xFF, 0xC0, 0x00, 0x07, 0xFE, 0x00,
    0x00, 0x7F, 0xF8, 0x00, 0x03, 0xFF, 0xF8, 0x00, 0x0F, 0xFB, 0xF8, 0x00, 0x0F, 0xC3, 0xF8, 0x00,
    0x1E, 0x03, 0xF0, 0x00, 0x30, 0x03, 0xF0, 0x00, 0x00, 0x03, 0xF0, 0x00, 0x00, 0x07, 0xE0, 0x00,
    0x7F, 0xC7, 0xE0, 0x03, 0xFF, 0xEF, 0xC0, 0x0F, 0xFF, 0xEF, 0xC0, 0x7F, 0xFF, 0xFF, 0x80, 0xFF,
    0xFF, 0xFF, 0x83, 0xFE, 0x07, 0xFF, 0x0F, 0xF0, 0x03, 0xFE, 0x1F, 0xC0, 0x03, 0xFC, 0x7F, 0x00,
    0x03, 0xFC, 0xFC, 0x00, 0x03, 0xFB, 0xF8, 0x00, 0x07, 0xF7, 0xF0, 0x00, 0x0F, 0xEF, 0xC0, 0x00,
    0x0F, 0xDF, 0x80, 0x00, 0x1F, 0xBF, 0x00, 0x00, 0x3F, 0x7E, 0x00, 0x00, 0x7E, 0xFC, 0x00, 0x00,
    0xFD, 0xF8, 0x00, 0x01, 0xFB, 0xF0, 0x00, 0x03, 0xF7, 0xE0, 0x00, 0x07, 0xEF, 0xC0, 0x00, 0x0F,
    0xDF, 0xC0, 0x00, 0x1F, 0xBF, 0x80, 0x00, 0x7E, 0x3F, 0x80, 0x00, 0xFC, 0x7F, 0x00, 0x03, 0xF8,
    0x7F, 0x00, 0x0F, 0xE0, 0xFF, 0x80, 0x7F, 0x80, 0xFF, 0xFF, 0xFF, 0x00, 0xFF, 0xFF, 0xFC, 0x00,
    0xFF, 0xFF, 0xF0, 0x00, 0xFF, 0xFF, 0xC0, 0x00, 0x7F, 0xFE, 0x00, 0x00, 0x3F, 0xF0, 0x00, 0x00,
    0x20, 0x00, 0x00, 0x1F, 0xC1, 0xE0, 0x03, 0xFF, 0x1E, 0x00, 0x3F, 0xFF, 0xE0, 0x07, 0xFF, 0xFE,
    0x00, 0x7C, 0xFF, 0xC0, 0x07, 0xC3, 0xF8, 0x00, 0x38, 0x06, 0x00, 0x00, 0x00, 0x00, 0x00, 0x00,
    0x00, 0x00, 0x00, 0x00, 0x00, 0x00, 0x00, 0x00, 0x00, 0x00, 0x01, 0x80, 0x0F, 0xC1, 0xFF, 0x80,
    0xFC, 0x7F, 0xFE, 0x0F, 0xCF, 0xFF, 0xF0, 0xFD, 0xFF, 0xFF, 0x8F, 0xFF, 0xFF, 0xFC, 0xFF, 0xF0,
    0x7F, 0xEF, 0xFC, 0x01, 0xFE, 0xFF, 0x80, 0x0F, 0xEF, 0xF0, 0x00, 0x7F, 0xFE, 0x00, 0x07, 0xFF,
    0xE0, 0x00, 0x3F, 0xFE, 0x00, 0x03, 0xFF, 0xC0, 0x00, 0x3F, 0xFC, 0x00, 0x03, 0xFF, 0xC0, 0x00,
    0x3F, 0xFC, 0x00, 0x03, 0xFF, 0xC0, 0x00, 0x3F, 0xFC, 0x00, 0x03, 0xFF, 0xC0, 0x00, 0x3F, 0xFC,
    0x00, 0x03, 0xFF, 0xC0, 0x00, 0x3F, 0xFC, 0x00, 0x03, 0xFF, 0xC0, 0x00, 0x3F, 0xFC, 0x00, 0x03,
    0xFF, 0xC0, 0x00, 0x3F, 0xFC, 0x00, 0x03, 0xFF, 0xC0, 0x00, 0x3F, 0xFC, 0x00, 0x03, 0xFF, 0xC0,
    0x00, 0x3F, 0xFC, 0x00, 0x03, 0xFF, 0xC0, 0x00, 0x3F, 0xFC, 0x00, 0x03, 0xFF, 0xC0, 0x00, 0x3F,
    0xFC, 0x00, 0x03, 0xF0, 0x00, 0x00, 0x00, 0x00, 0x00, 0xFE, 0x00, 0x00, 0x00, 0x7F, 0x00, 0x00,
    0x00, 0x3F, 0x00, 0x00, 0x00, 0x3F, 0x80, 0x00, 0x00, 0x1F, 0x80, 0x00, 0x00, 0x0F, 0x80, 0x00,
    0x00, 0x0F, 0xC0, 0x00, 0x00, 0x07, 0xC0, 0x00, 0x00, 0x03, 0xE0, 0x00, 0x00, 0x00, 0x00, 0x00,
    0x00, 0x00, 0x00, 0x00, 0x00, 0x00, 0x00, 0x00, 0x00, 0x01, 0xC0, 0x00, 0x00, 0x1F, 0xFC, 0x00,
    0x00, 0xFF, 0xFF, 0x00, 0x01, 0xFF, 0xFF, 0xC0, 0x03, 0xFF, 0xFF, 0xE0, 0x07, 0xFF, 0xFF, 0xF0,
    0x0F, 0xF8, 0x1F, 0xF8, 0x1F, 0xE0, 0x07, 0xF8, 0x1F, 0xC0, 0x01, 0xFC, 0x3F, 0x80, 0x01, 0xFC,
    0x3F, 0x80, 0x00, 0xFE, 0x3F, 0x00, 0x00, 0x7E, 0x7F, 0x00, 0x00, 0x7E, 0x7E, 0x00, 0x00, 0x7F,
    0x7E, 0x00, 0x00, 0x3F, 0x7E, 0x00, 0x00, 0x3F, 0x7E, 0x00, 0x00, 0x3F, 0x7E, 0x00, 0x00, 0x3F,
    0x7E, 0x00, 0x00, 0x3F, 0x7E, 0x00, 0x00, 0x3F, 0x7E, 0x00, 0x00, 0x3F, 0x7E, 0x00, 0x00, 0x3F,
    0x7E, 0x00, 0x00, 0x7F, 0x7F, 0x00, 0x00, 0x7F, 0x7F, 0x00, 0x00, 0x7E, 0x3F, 0x00, 0x00, 0xFE,
    0x3F, 0x80, 0x00, 0xFE, 0x1F, 0xC0, 0x01, 0xFC, 0x1F, 0xE0, 0x03, 0xFC, 0x0F, 0xF0, 0x07, 0xF8,
    0x0F, 0xFF, 0xFF, 0xF0, 0x07, 0xFF, 0xFF, 0xF0, 0x03, 0xFF, 0xFF, 0xC0, 0x00, 0xFF, 0xFF, 0x80,
    0x00, 0x7F, 0xFE, 0x00, 0x00, 0x0F, 0xF8, 0x00, 0x00, 0x00, 0x00, 0x00, 0x00, 0x00, 0x3F, 0x00,
    0x00, 0x00, 0x7F, 0x00, 0x00, 0x00, 0x7E, 0x00, 0x00, 0x00, 0xFC, 0x00, 0x00, 0x00, 0xFC, 0x00,
    0x00, 0x01, 0xF8, 0x00, 0x00, 0x01, 0xF0, 0x00, 0x00, 0x03, 0xF0, 0x00, 0x00, 0x03, 0xE0, 0x00,
    0x00, 0x00, 0x00, 0x00, 0x00, 0x00, 0x00, 0x00, 0x00, 0x00, 0x00, 0x00, 0x00, 0x01, 0xC0, 0x00,
    0x00, 0x1F, 0xFC, 0x00, 0x00, 0xFF, 0xFF, 0x00, 0x01, 0xFF, 0xFF, 0xC0, 0x03, 0xFF, 0xFF, 0xE0,
    0x07, 0xFF, 0xFF, 0xF0, 0x0F, 0xF8, 0x1F, 0xF8, 0x1F, 0xE0, 0x07, 0xF8, 0x1F, 0xC0, 0x01, 0xFC,
    0x3F, 0x80, 0x01, 0xFC, 0x3F, 0x80, 0x00, 0xFE, 0x3F, 0x00, 0x00, 0x7E, 0x7F, 0x00, 0x00, 0x7E,
    0x7E, 0x00, 0x00, 0x7F, 0x7E, 0x00, 0x00, 0x3F, 0x7E, 0x00, 0x00, 0x3F, 0x7E, 0x00, 0x00, 0x3F,
    0x7E, 0x00, 0x00, 0x3F, 0x7E, 0x00, 0x00, 0x3F, 0x7E, 0x00, 0x00, 0x3F, 0x7E, 0x00, 0x00, 0x3F,
    0x7E, 0x00, 0x00, 0x3F, 0x7E, 0x00, 0x00, 0x7F, 0x7F, 0x00, 0x00, 0x7F, 0x7F, 0x00, 0x00, 0x7E,
    0x3F, 0x00, 0x00, 0xFE, 0x3F, 0x80, 0x00, 0xFE, 0x1F, 0xC0, 0x01, 0xFC, 0x1F, 0xE0, 0x03, 0xFC,
    0x0F, 0xF0, 0x07, 0xF8, 0x0F, 0xFF, 0xFF, 0xF0, 0x07, 0xFF, 0xFF, 0xF0, 0x03, 0xFF, 0xFF, 0xC0,
    0x00, 0xFF, 0xFF, 0x80, 0x00, 0x7F, 0xFE, 0x00, 0x00, 0x0F, 0xF8, 0x00, 0x00, 0x00, 0x00, 0x00,
    0x00, 0x07, 0xF0, 0x00, 0x00, 0x0F, 0xF8, 0x00, 0x00, 0x1F, 0xFC, 0x00, 0x00, 0x3F, 0xFE, 0x00,
    0x00, 0x7F, 0x7E, 0x00, 0x00, 0xFE, 0x3F, 0x00, 0x00, 0xFC, 0x1F, 0x80, 0x01, 0xF8, 0x0F, 0xC0,
    0x03, 0xF0, 0x0F, 0xC0, 0x00, 0x00, 0x00, 0x00, 0x00, 0x00, 0x00, 0x00, 0x00, 0x00, 0x00, 0x00,
    0x00, 0x01, 0xC0, 0x00, 0x00, 0x1F, 0xFC, 0x00, 0x00, 0xFF, 0xFF, 0x00, 0x01, 0xFF, 0xFF, 0xC0,
    0x03, 0xFF, 0xFF, 0xE0, 0x07, 0xFF, 0xFF, 0xF0, 0x0F, 0xF8, 0x1F, 0xF8, 0x1F, 0xE0, 0x07, 0xF8,
    0x1F, 0xC0, 0x01, 0xFC, 0x3F, 0x80, 0x01, 0xFC, 0x3F, 0x80, 0x00, 0xFE, 0x3F, 0x00, 0x00, 0x7E,
    0x7F, 0x00, 0x00, 0x7E, 0x7E, 0x00, 0x00, 0x7F, 0x7E, 0x00, 0x00, 0x3F, 0x7E, 0x00, 0x00, 0x3F,
    0x7E, 0x00, 0x00, 0x3F, 0x7E, 0x00, 0x00, 0x3F, 0x7E, 0x00, 0x00, 0x3F, 0x7E, 0x00, 0x00, 0x3F,
    0x7E, 0x00, 0x00, 0x3F, 0x7E, 0x00, 0x00, 0x3F, 0x7E, 0x00, 0x00, 0x7F, 0x7F, 0x00, 0x00, 0x7F,
    0x7F, 0x00, 0x00, 0x7E, 0x3F, 0x00, 0x00, 0xFE, 0x3F, 0x80, 0x00, 0xFE, 0x1F, 0xC0, 0x01, 0xFC,
    0x1F, 0xE0, 0x03, 0xFC, 0x0F, 0xF0, 0x07, 0xF8, 0x0F, 0xFF, 0xFF, 0xF0, 0x07, 0xFF, 0xFF, 0xF0,
    0x03, 0xFF, 0xFF, 0xC0, 0x00, 0xFF, 0xFF, 0x80, 0x00, 0x7F, 0xFE, 0x00, 0x00, 0x0F, 0xF8, 0x00,
    0x00, 0x08, 0x00, 0x00, 0x00, 0x7F, 0x07, 0xC0, 0x00, 0x7F, 0xC7, 0x80, 0x00, 0xFF, 0xFF, 0x80,
    0x00, 0xFF, 0xFF, 0x80, 0x01, 0xF3, 0xFF, 0x00, 0x01, 0xF0, 0xFF, 0x00, 0x00, 0xE0, 0x1C, 0x00,
    0x00, 0x00, 0x00, 0x00, 0x00, 0x00, 0x00, 0x00, 0x00, 0x00, 0x00, 0x00, 0x00, 0x00, 0x00, 0x00,
    0x00, 0x01, 0xC0, 0x00, 0x00, 0x1F, 0xFC, 0x00, 0x00, 0xFF, 0xFF, 0x00, 0x01, 0xFF, 0xFF, 0xC0,
    0x03, 0xFF, 0xFF, 0xE0, 0x07, 0xFF, 0xFF, 0xF0, 0x0F, 0xF8, 0x1F, 0xF8, 0x1F, 0xE0, 0x07, 0xF8,
    0x1F, 0xC0, 0x01, 0xFC, 0x3F, 0x80, 0x01, 0xFC, 0x3F, 0x80, 0x00, 0xFE, 0x3F, 0x00, 0x00, 0x7E,
    0x7F, 0x00, 0x00, 0x7E, 0x7E, 0x00, 0x00, 0x7F, 0x7E, 0x00, 0x00, 0x3F, 0x7E, 0x00, 0x00, 0x3F,
    0x7E, 0x00, 0x00, 0x3F, 0x7E, 0x00, 0x00, 0x3F, 0x7E, 0x00, 0x00, 0x3F, 0x7E, 0x00, 0x00, 0x3F,
    0x7E, 0x00, 0x00, 0x3F, 0x7E, 0x00, 0x00, 0x3F, 0x7E, 0x00, 0x00, 0x7F, 0x7F, 0x00, 0x00, 0x7F,
    0x7F, 0x00, 0x00, 0x7E, 0x3F, 0x00, 0x00, 0xFE, 0x3F, 0x80, 0x00, 0xFE, 0x1F, 0xC0, 0x01, 0xFC,
    0x1F, 0xE0, 0x03, 0xFC, 0x0F, 0xF0, 0x07, 0xF8, 0x0F, 0xFF, 0xFF, 0xF0, 0x07, 0xFF, 0xFF, 0xF0,
    0x03, 0xFF, 0xFF, 0xC0, 0x00, 0xFF, 0xFF, 0x80, 0x00, 0x7F, 0xFE, 0x00, 0x00, 0x0F, 0xF8, 0x00,
    0x00, 0xF0, 0x07, 0x80, 0x01, 0xF8, 0x0F, 0xC0, 0x03, 0xFC, 0x1F, 0xC0, 0x03, 0xFC, 0x1F, 0xE0,
    0x03, 0xFC, 0x1F, 0xE0, 0x03, 0xFC, 0x1F, 0xC0, 0x01, 0xF8, 0x0F, 0xC0, 0x00, 0xF0, 0x07, 0x80,
    0x00, 0x00, 0x00, 0x00, 0x00, 0x00, 0x00, 0x00, 0x00, 0x00, 0x00, 0x00, 0x00, 0x00, 0x00, 0x00,
    0x00, 0x01, 0xC0, 0x00, 0x00, 0x1F, 0xFC, 0x00, 0x00, 0xFF, 0xFF, 0x00, 0x01, 0xFF, 0xFF, 0xC0,
    0x03, 0xFF, 0xFF, 0xE0, 0x07, 0xFF, 0xFF, 0xF0, 0x0F, 0xF8, 0x1F, 0xF8, 0x1F, 0xE0, 0x07, 0xF8,
    0x1F, 0xC0, 0x01, 0xFC, 0x3F, 0x80, 0x01, 0xFC, 0x3F, 0x80, 0x00, 0xFE, 0x3F, 0x00, 0x00, 0x7E,
    0x7F, 0x00, 0x00, 0x7E, 0x7E, 0x00, 0x00, 0x7F, 0x7E, 0x00, 0x00, 0x3F, 0x7E, 0x00, 0x00, 0x3F,
    0x7E, 0x00, 0x00, 0x3F, 0x7E, 0x00, 0x00, 0x3F, 0x7E, 0x00, 0x00, 0x3F, 0x7E, 0x00, 0x00, 0x3F,
    0x7E, 0x00, 0x00, 0x3F, 0x7E, 0x00, 0x00, 0x3F, 0x7E, 0x00, 0x00, 0x7F, 0x7F, 0x00, 0x00, 0x7F,
    0x7F, 0x00, 0x00, 0x7E, 0x3F, 0x00, 0x00, 0xFE, 0x3F, 0x80, 0x00, 0xFE, 0x1F, 0xC0, 0x01, 0xFC,
    0x1F, 0xE0, 0x03, 0xFC, 0x0F, 0xF0, 0x07, 0xF8, 0x0F, 0xFF, 0xFF, 0xF0, 0x07, 0xFF, 0xFF, 0xF0,
    0x03, 0xFF, 0xFF, 0xC0, 0x00, 0xFF, 0xFF, 0x80, 0x00, 0x7F, 0xFE, 0x00, 0x00, 0x0F, 0xF8, 0x00,
    0x00, 0x07, 0x00, 0x00, 0x00, 0xFC, 0x00, 0x00, 0x07, 0xF0, 0x00, 0x00, 0x7F, 0xC0, 0x00, 0x03,
    0xFE, 0x00, 0x00, 0x1F, 0xF0, 0x00, 0x00, 0xFF, 0x00, 0x00, 0x03, 0xF8, 0x00, 0x00, 0x0F, 0x80,
    0x00, 0x00, 0x00, 0x00, 0x00, 0x00, 0x00, 0x00, 0x00, 0x00, 0x00, 0x00, 0x00, 0x00, 0x00, 0x7F,
    0xFF, 0xFF, 0xFF, 0xFF, 0xFF, 0xFF, 0xFF, 0xFF, 0xFF, 0xFF, 0xFF, 0xFF, 0xFF, 0xFF, 0xFF, 0xFF,
    0xFF, 0xFF, 0xFF, 0xFF, 0xFE, 0x00, 0x00, 0x00, 0x00, 0x00, 0x00, 0x00, 0x00, 0x00, 0x00, 0x00,
    0x00, 0x00, 0x00, 0x00, 0x00, 0xC0, 0x00, 0x00, 0x1F, 0x80, 0x00, 0x00, 0xFE, 0x00, 0x00, 0x0F,
    0xF8, 0x00, 0x00, 0x7F, 0xC0, 0x00, 0x03, 0xFE, 0x00, 0x00, 0x1F, 0xE0, 0x00, 0x00, 0x7F, 0x00,
    0x00, 0x01, 0xF0, 0x00, 0x00, 0x00, 0x00, 0x00, 0x00, 0x00, 0xE0, 0x06, 0x00, 0x07, 0xFF, 0x07,
    0xC0, 0x1F, 0xFF, 0xE3, 0xF0, 0x1F, 0xFF, 0xFF, 0xF0, 0x1F, 0xFF, 0xFF, 0xF0, 0x1F, 0xFF, 0xFF,
    0xF8, 0x1F, 0xF0, 0x3F, 0xF8, 0x1F, 0xE0, 0x07, 0xF8, 0x0F, 0xE0, 0x03, 0xFE, 0x0F, 0xE0, 0x01,
    0xFF, 0x07, 0xF0, 0x01, 0xFF, 0xC3, 0xF0, 0x01, 0xFF, 0xE3, 0xF8, 0x01, 0xFF, 0xF1, 0xF8, 0x01,
    0xFD, 0xFC, 0xFC, 0x01, 0xFC, 0x7E, 0x7E, 0x01, 0xFC, 0x3F, 0x3F, 0x00, 0xFC, 0x1F, 0x9F, 0x80,
    0xFC, 0x0F, 0xCF, 0xC0, 0xFC, 0x07, 0xE7, 0xE0, 0xFE, 0x03, 0xF3, 0xF0, 0xFE, 0x01, 0xF9, 0xF8,
    0xFE, 0x00, 0xFC, 0xFC, 0xFE, 0x00, 0xFE, 0x7F, 0x7E, 0x00, 0x7F, 0x3F, 0xFE, 0x00, 0x3F, 0x0F,
    0xFE, 0x00, 0x3F, 0x87, 0xFF, 0x00, 0x1F, 0xC1, 0xFF, 0x00, 0x1F, 0xC0, 0xFF, 0x00, 0x1F, 0xE0,
    0x7F, 0xC0, 0x1F, 0xE0, 0x3F, 0xFF, 0xFF, 0xE0, 0x3F, 0xFF, 0xFF, 0xF0, 0x3F, 0xFF, 0xFF, 0xE0,
    0x3F, 0x3F, 0xFF, 0xE0, 0x0F, 0x8F, 0xFF, 0xC0, 0x03, 0x80, 0xFF, 0x80, 0x00, 0x80, 0x00, 0x00,
    0x00, 0x00, 0x00, 0x00, 0x00, 0x3F, 0x80, 0x00, 0x01, 0xF8, 0x00, 0x00, 0x1F, 0xC0, 0x00, 0x00,
    0xFC, 0x00, 0x00, 0x07, 0xE0, 0x00, 0x00, 0x7E, 0x00, 0x00, 0x03, 0xF0, 0x00, 0x00, 0x1F, 0x00,
    0x00, 0x01, 0xF8, 0x00, 0x00, 0x00, 0x00, 0x00, 0x00, 0x00, 0x00, 0x00, 0x00, 0x00, 0x00, 0x00,
    0x00, 0x00, 0xFC, 0x00, 0x03, 0xFF, 0xC0, 0x00, 0x3F, 0xFC, 0x00, 0x03, 0xFF, 0xC0, 0x00, 0x3F,
    0xFC, 0x00, 0x03, 0xFF, 0xC0, 0x00, 0x3F, 0xFC, 0x00, 0x03, 0xFF, 0xC0, 0x00, 0x3F, 0xFC, 0x00,
    0x03, 0xFF, 0xC0, 0x00, 0x3F, 0xFC, 0x00, 0x03, 0xFF, 0xC0, 0x00, 0x3F, 0xFC, 0x00, 0x03, 0xFF,
    0xC0, 0x00, 0x3F, 0xFC, 0x00, 0x03, 0xFF, 0xC0, 0x00, 0x3F, 0xFC, 0x00, 0x03, 0xFF, 0xC0, 0x00,
    0x3F, 0xFC, 0x00, 0x03, 0xFF, 0xC0, 0x00, 0x3F, 0xFC, 0x00, 0x03, 0xFF, 0xC0, 0x00, 0x3F, 0xFC,
    0x00, 0x03, 0xFF, 0xE0, 0x00, 0x3F, 0xFE, 0x00, 0x07, 0xF7, 0xE0, 0x00, 0x7F, 0x7F, 0x00, 0x0F,
    0xF7, 0xF8, 0x01, 0xFF, 0x3F, 0xC0, 0x7F, 0xF3, 0xFF, 0xFF, 0xFF, 0x1F, 0xFF, 0xFB, 0xF0, 0xFF,
    0xFF, 0xBF, 0x07, 0xFF, 0xE3, 0xF0, 0x3F, 0xFC, 0x3F, 0x00, 0x7E, 0x00, 0x00, 0x00, 0x00, 0x00,
    0x00, 0x00, 0x1F, 0xC0, 0x00, 0x01, 0xFC, 0x00, 0x00, 0x3F, 0x80, 0x00, 0x03, 0xF0, 0x00, 0x00,
    0x7F, 0x00, 0x00, 0x07, 0xE0, 0x00, 0x00, 0xFC, 0x00, 0x00, 0x0F, 0xC0, 0x00, 0x00, 0xF8, 0x00,
    0x00, 0x00, 0x00, 0x00, 0x00, 0x00, 0x00, 0x00, 0x00, 0x00, 0x00, 0x00, 0x00, 0x00, 0xFC, 0x00,
    0x03, 0xFF, 0xC0, 0x00, 0x3F, 0xFC, 0x00, 0x03, 0xFF, 0xC0, 0x00, 0x3F, 0xFC, 0x00, 0x03, 0xFF,
    0xC0, 0x00, 0x3F, 0xFC, 0x00, 0x03, 0xFF, 0xC0, 0x00, 0x3F, 0xFC, 0x00, 0x03, 0xFF, 0xC0, 0x00,
    0x3F, 0xFC, 0x00, 0x03, 0xFF, 0xC0, 0x00, 0x3F, 0xFC, 0x00, 0x03, 0xFF, 0xC0, 0x00, 0x3F, 0xFC,
    0x00, 0x03, 0xFF, 0xC0, 0x00, 0x3F, 0xFC, 0x00, 0x03, 0xFF, 0xC0, 0x00, 0x3F, 0xFC, 0x00, 0x03,
    0xFF, 0xC0, 0x00, 0x3F, 0xFC, 0x00, 0x03, 0xFF, 0xC0, 0x00, 0x3F, 0xFC, 0x00, 0x03, 0xFF, 0xE0,
    0x00, 0x3F, 0xFE, 0x00, 0x07, 0xF7, 0xE0, 0x00, 0x7F, 0x7F, 0x00, 0x0F, 0xF7, 0xF8, 0x01, 0xFF,
    0x3F, 0xC0, 0x7F, 0xF3, 0xFF, 0xFF, 0xFF, 0x1F, 0xFF, 0xFB, 0xF0, 0xFF, 0xFF, 0xBF, 0x07, 0xFF,
    0xE3, 0xF0, 0x3F, 0xFC, 0x3F, 0x00, 0x7E, 0x00, 0x00, 0x00, 0x00, 0x00, 0x00, 0x01, 0xFC, 0x00,
    0x00, 0x3F, 0xE0, 0x00, 0x07, 0xFE, 0x00, 0x00, 0xFF, 0xF0, 0x00, 0x1F, 0x9F, 0x80, 0x03, 0xF8,
    0xFC, 0x00, 0x7F, 0x07, 0xE0, 0x0F, 0xE0, 0x7F, 0x00, 0xFC, 0x03, 0xF0, 0x00, 0x00, 0x00, 0x00,
    0x00, 0x00, 0x00, 0x00, 0x00, 0x00, 0x00, 0x00, 0x00, 0x00, 0xFC, 0x00, 0x03, 0xFF, 0xC0, 0x00,
    0x3F, 0xFC, 0x00, 0x03, 0xFF, 0xC0, 0x00, 0x3F, 0xFC, 0x00, 0x03, 0xFF, 0xC0, 0x00, 0x3F, 0xFC,
    0x00, 0x03, 0xFF, 0xC0, 0x00, 0x3F, 0xFC, 0x00, 0x03, 0xFF, 0xC0, 0x00, 0x3F, 0xFC, 0x00, 0x03,
    0xFF, 0xC0, 0x00, 0x3F, 0xFC, 0x00, 0x03, 0xFF, 0xC0, 0x00, 0x3F, 0xFC, 0x00, 0x03, 0xFF, 0xC0,
    0x00, 0x3F, 0xFC, 0x00, 0x03, 0xFF, 0xC0, 0x00, 0x3F, 0xFC, 0x00, 0x03, 0xFF, 0xC0, 0x00, 0x3F,
    0xFC, 0x00, 0x03, 0xFF, 0xC0, 0x00, 0x3F, 0xFC, 0x00, 0x03, 0xFF, 0xE0, 0x00, 0x3F, 0xFE, 0x00,
    0x07, 0xF7, 0xE0, 0x00, 0x7F, 0x7F, 0x00, 0x0F, 0xF7, 0xF8, 0x01, 0xFF, 0x3F, 0xC0, 0x7F, 0xF3,
    0xFF, 0xFF, 0xFF, 0x1F, 0xFF, 0xFB, 0xF0, 0xFF, 0xFF, 0xBF, 0x07, 0xFF, 0xE3, 0xF0, 0x3F, 0xFC,
    0x3F, 0x00, 0x7E, 0x00, 0x00, 0x03, 0xC0, 0x1C, 0x00, 0x7E, 0x07, 0xF0, 0x0F, 0xE0, 0x7F, 0x00,
    0xFF, 0x07, 0xF8, 0x0F, 0xF0, 0x7F, 0x00, 0xFE, 0x07, 0xF0, 0x07, 0xE0, 0x3F, 0x00, 0x3C, 0x01,
    0xC0, 0x00, 0x00, 0x00, 0x00, 0x00, 0x00, 0x00, 0x00, 0x00, 0x00, 0x00, 0x00, 0x00, 0x00, 0x00,
    0x00, 0x00, 0x0F, 0xC0, 0x00, 0x3F, 0xFC, 0x00, 0x03, 0xFF, 0xC0, 0x00, 0x3F, 0xFC, 0x00, 0x03,
    0xFF, 0xC0, 0x00, 0x3F, 0xFC, 0x00, 0x03, 0xFF, 0xC0, 0x00, 0x3F, 0xFC, 0x00, 0x03, 0xFF, 0xC0,
    0x00, 0x3F, 0xFC, 0x00, 0x03, 0xFF, 0xC0, 0x00, 0x3F, 0xFC, 0x00, 0x03, 0xFF, 0xC0, 0x00, 0x3F,
    0xFC, 0x00, 0x03, 0xFF, 0xC0, 0x00, 0x3F, 0xFC, 0x00, 0x03, 0xFF, 0xC0, 0x00, 0x3F, 0xFC, 0x00,
    0x03, 0xFF, 0xC0, 0x00, 0x3F, 0xFC, 0x00, 0x03, 0xFF, 0xC0, 0x00, 0x3F, 0xFC, 0x00, 0x03, 0xFF,
    0xC0, 0x00, 0x3F, 0xFE, 0x00, 0x03, 0xFF, 0xE0, 0x00, 0x7F, 0x7E, 0x00, 0x07, 0xF7, 0xF0, 0x00,
    0xFF, 0x7F, 0x80, 0x1F, 0xF3, 0xFC, 0x07, 0xFF, 0x3F, 0xFF, 0xFF, 0xF1, 0xFF, 0xFF, 0xBF, 0x0F,
    0xFF, 0xFB, 0xF0, 0x7F, 0xFE, 0x3F, 0x03, 0xFF, 0xC3, 0xF0, 0x07, 0xE0, 0x00, 0x00, 0x00, 0x00,
    0x00, 0x00, 0x00, 0x7F, 0x00, 0x00, 0x00, 0x7F, 0x00, 0x00, 0x00, 0xFE, 0x00, 0x00, 0x00, 0xFC,
    0x00, 0x00, 0x00, 0xFC, 0x00, 0x00, 0x01, 0xF8, 0x00, 0x00, 0x01, 0xF0, 0x00, 0x00, 0x03, 0xF0,
    0x00, 0x00, 0x03, 0xE0, 0x00, 0x00, 0x00, 0x00, 0x00, 0x00, 0x00, 0x00, 0x00, 0x00, 0x00, 0x00,
    0x00, 0x00, 0x00, 0x00, 0x00, 0xFE, 0x00, 0x00, 0x3F, 0x7E, 0x00, 0x00, 0x7F, 0x7F, 0x00, 0x00,
    0x7E, 0x7F, 0x00, 0x00, 0x7E, 0x3F, 0x00, 0x00, 0xFE, 0x3F, 0x80, 0x00, 0xFC, 0x3F, 0x80, 0x01,
    0xFC, 0x1F, 0x80, 0x01, 0xFC, 0x1F, 0xC0, 0x01, 0xF8, 0x0F, 0xC0, 0x03, 0xF8, 0x0F, 0xC0, 0x03,
    0xF0, 0x0F, 0xE0, 0x03, 0xF0, 0x07, 0xE0, 0x07, 0xF0, 0x07, 0xF0, 0x07, 0xE0, 0x03, 0xF0, 0x07,
    0xE0, 0x03, 0xF0, 0x0F, 0xC0, 0x03, 0xF8, 0x0F, 0xC0, 0x01, 0xF8, 0x1F, 0xC0, 0x01, 0xF8, 0x1F,
    0x80, 0x01, 0xFC, 0x1F, 0x80, 0x00, 0xFC, 0x3F, 0x80, 0x00, 0xFC, 0x3F, 0x00, 0x00, 0x7E, 0x3F,
    0x00, 0x00, 0x7E, 0x7E, 0x00, 0x00, 0x7E, 0x7E, 0x00, 0x00, 0x3F, 0x7E, 0x00, 0x00, 0x3F, 0xFC,
    0x00, 0x00, 0x1F, 0xFC, 0x00, 0x00, 0x1F, 0xF8, 0x00, 0x00, 0x1F, 0xF8, 0x00, 0x00, 0x0F, 0xF8,
    0x00, 0x00, 0x0F, 0xF0, 0x00, 0x00, 0x0F, 0xF0, 0x00, 0x00, 0x07, 0xF0, 0x00, 0x00, 0x07, 0xE0,
    0x00, 0x00, 0x07, 0xE0, 0x00, 0x00, 0x0F, 0xC0, 0x00, 0x00, 0x0F, 0xC0, 0x00, 0x00, 0x1F, 0xC0,
    0x00, 0x00, 0x1F, 0x80, 0x00, 0x00, 0x3F, 0x80, 0x00, 0x0C, 0xFF, 0x00, 0x00, 0x0F, 0xFF, 0x00,
    0x00, 0x0F, 0xFE, 0x00, 0x00, 0x1F, 0xFC, 0x00, 0x00, 0x1F, 0xF8, 0x00, 0x00, 0x1F, 0xE0, 0x00,
    0x00, 0xFC, 0x00, 0x00, 0x01, 0xF8, 0x00, 0x00, 0x03, 0xF0, 0x00, 0x00, 0x07, 0xE0, 0x00, 0x00,
    0x0F, 0xC0, 0x00, 0x00, 0x1F, 0x80, 0x00, 0x00, 0x3F, 0x00, 0x00, 0x00, 0x7E, 0x00, 0x00, 0x00,
    0xFC, 0x00, 0x00, 0x01, 0xF8, 0x00, 0x00, 0x03, 0xF0, 0x00, 0x00, 0x07, 0xE0, 0x0E, 0x00, 0x0F,
    0xC1, 0xFF, 0xC0, 0x1F, 0x8F, 0xFF, 0xE0, 0x3F, 0x3F, 0xFF, 0xE0, 0x7E, 0xFF, 0xFF, 0xE0, 0xFD,
    0xFF, 0xFF, 0xE1, 0xFF, 0xE0, 0x7F, 0xE3, 0xFF, 0x80, 0x3F, 0xC7, 0xFC, 0x00, 0x1F, 0xCF, 0xF8,
    0x00, 0x3F, 0x9F, 0xE0, 0x00, 0x3F, 0xBF, 0x80, 0x00, 0x3F, 0x7F, 0x00, 0x00, 0x7E, 0xFE, 0x00,
    0x00, 0xFF, 0xFC, 0x00, 0x01, 0xFF, 0xF0, 0x00, 0x01, 0xFF, 0xE0, 0x00, 0x03, 0xFF, 0xC0, 0x00,
    0x07, 0xFF, 0x80, 0x00, 0x0F, 0xFF, 0x00, 0x00, 0x1F, 0xFE, 0x00, 0x00, 0x3F, 0xFE, 0x00, 0x00,
    0x7F, 0xFC, 0x00, 0x01, 0xFF, 0xF8, 0x00, 0x03, 0xFF, 0xF0, 0x00, 0x07, 0xEF, 0xF0, 0x00, 0x1F,
    0xDF, 0xE0, 0x00, 0x3F, 0xBF, 0xE0, 0x00, 0xFE, 0x7F, 0xE0, 0x03, 0xFC, 0xFF, 0xE0, 0x0F, 0xF1,
    0xFF, 0xFF, 0xFF, 0xC3, 0xF7, 0xFF, 0xFF, 0x87, 0xE7, 0xFF, 0xFE, 0x0F, 0xC7, 0xFF, 0xF8, 0x1F,
    0x87, 0xFF, 0xC0, 0x3F, 0x03, 0xFC, 0x00, 0x7E, 0x00, 0x00, 0x00, 0xFC, 0x00, 0x00, 0x01, 0xF8,
    0x00, 0x00, 0x03, 0xF0, 0x00, 0x00, 0x07, 0xE0, 0x00, 0x00, 0x0F, 0xC0, 0x00, 0x00, 0x1F, 0x80,
    0x00, 0x00, 0x3F, 0x00, 0x00, 0x00, 0x7E, 0x00, 0x00, 0x00, 0xFC, 0x00, 0x00, 0x01, 0xF8, 0x00,
    0x00, 0x03, 0xF0, 0x00, 0x00, 0x00, 0x00, 0xF0, 0x07, 0x80, 0x01, 0xF8, 0x0F, 0xC0, 0x03, 0xF8,
    0x1F, 0xC0, 0x03, 0xFC, 0x1F, 0xE0, 0x03, 0xFC, 0x1F, 0xE0, 0x03, 0xF8, 0x1F, 0xC0, 0x01, 0xF8,
    0x0F, 0xC0, 0x00, 0xF0, 0x07, 0x00, 0x00, 0x00, 0x00, 0x00, 0x00, 0x00, 0x00, 0x00, 0x00, 0x00,
    0x00, 0x00, 0x00, 0x00, 0x00, 0x00, 0x00, 0x00, 0x00, 0x00, 0xFE, 0x00, 0x00, 0x3F, 0x7E, 0x00,
    0x00, 0x7F, 0x7F, 0x00, 0x00, 0x7E, 0x7F, 0x00, 0x00, 0x7E, 0x3F, 0x00, 0x00, 0xFE, 0x3F, 0x80,
    0x00, 0xFC, 0x3F, 0x80, 0x01, 0xFC, 0x1F, 0x80, 0x01, 0xFC, 0x1F, 0xC0, 0x01, 0xF8, 0x0F, 0xC0,
    0x03, 0xF8, 0x0F, 0xC0, 0x03, 0xF0, 0x0F, 0xE0, 0x03, 0xF0, 0x07, 0xE0, 0x07, 0xF0, 0x07, 0xF0,
    0x07, 0xE0, 0x03, 0xF0, 0x07, 0xE0, 0x03, 0xF0, 0x0F, 0xC0, 0x03, 0xF8, 0x0F, 0xC0, 0x01, 0xF8,
    0x1F, 0xC0, 0x01, 0xF8, 0x1F, 0x80, 0x01, 0xFC, 0x1F, 0x80, 0x00, 0xFC, 0x3F, 0x80, 0x00, 0xFC,
    0x3F, 0x00, 0x00, 0x7E, 0x3F, 0x00, 0x00, 0x7E, 0x7E, 0x00, 0x00, 0x7E, 0x7E, 0x00, 0x00, 0x3F,
    0x7E, 0x00, 0x00, 0x3F, 0xFC, 0x00, 0x00, 0x1F, 0xFC, 0x00, 0x00, 0x1F, 0xF8, 0x00, 0x00, 0x1F,
    0xF8, 0x00, 0x00, 0x0F, 0xF8, 0x00, 0x00, 0x0F, 0xF0, 0x00, 0x00, 0x0F, 0xF0, 0x00, 0x00, 0x07,
    0xF0, 0x00, 0x00, 0x07, 0xE0, 0x00, 0x00, 0x07, 0xE0, 0x00, 0x00, 0x0F, 0xC0, 0x00, 0x00, 0x0F,
    0xC0, 0x00, 0x00, 0x1F, 0xC0, 0x00, 0x00, 0x1F, 0x80, 0x00, 0x00, 0x3F, 0x80, 0x00, 0x0C, 0xFF,
    0x00, 0x00, 0x0F, 0xFF, 0x00, 0x00, 0x0F, 0xFE, 0x00, 0x00, 0x1F, 0xFC, 0x00, 0x00, 0x1F, 0xF8,
    0x00, 0x00, 0x1F, 0xE0, 0x00, 0x00,
};

static const MeshInkFontGlyph inter_30_regularGlyphs[] = {
    { 0, 0, 274, 0, 0, 0, 0 }, // U+0020
    { 9, 47, 272, 4, 46, 53, 0 }, // !
    { 17, 18, 452, 6, 46, 39, 53 }, // "
    { 39, 46, 626, 0, 46, 225, 92 }, // #
    { 34, 60, 636, 3, 53, 255, 317 }, // $
    { 48, 48, 951, 6, 47, 288, 572 }, // %
    { 37, 47, 636, 2, 46, 218, 860 }, // &
    { 6, 18, 290, 6, 46, 14, 1078 }, // '
    { 14, 58, 350, 6, 49, 102, 1092 }, // (
    { 14, 58, 350, 2, 49, 102, 1194 }, // )
    { 25, 27, 494, 3, 46, 85, 1296 }, // *
    { 31, 30, 654, 5, 33, 117, 1381 }, // +
    { 10, 18, 273, 3, 7, 23, 1498 }, // ,
    { 21, 6, 453, 4, 22, 16, 1521 }, // -
    { 9, 9, 273, 4, 8, 11, 1537 }, // .
    { 20, 55, 353, 1, 48, 138, 1548 }, // /
    { 33, 48, 627, 3, 47, 198, 1686 }, // 0
    { 18, 46, 397, 2, 46, 104, 1884 }, // 1
    { 30, 47, 599, 4, 47, 177, 1988 }, // 2
    { 32, 48, 613, 3, 47, 192, 2165 }, // 3
    { 34, 46, 640, 3, 46, 196, 2357 }, // 4
    { 31, 47, 589, 3, 46, 183, 2553 }, // 5
    { 32, 48, 612, 3, 47, 192, 2736 }, // 6
    { 31, 46, 555, 2, 46, 179, 2928 }, // 7
    { 32, 48, 610, 3, 47, 192, 3107 }, // 8
    { 32, 48, 612, 3, 47, 192, 3299 }, // 9
    { 9, 34, 273, 4, 33, 39, 3491 }, // :
    { 11, 44, 284, 3, 33, 61, 3530 }, // ;
    { 29, 34, 654, 5, 35, 124, 3591 }, // <
    { 29, 19, 654, 6, 27, 69, 3715 }, // =
    { 30, 34, 654, 6, 35, 128, 3784 }, // >
    { 28, 48, 514, 2, 47, 168, 3912 }, // ?
    { 54, 57, 968, 3, 44, 385, 4080 }, // @
    { 41, 46, 682, 1, 46, 236, 4465 }, // A
    { 33, 46, 651, 5, 46, 190, 4701 }, // B
    { 40, 48, 729, 3, 47, 240, 4891 }, // C
    { 37, 46, 714, 5, 46, 213, 5131 }, // D
    { 29, 46, 596, 5, 46, 167, 5344 }, // E
    { 29, 46, 583, 5, 46, 167, 5511 }, // F
    { 40, 48, 743, 3, 47, 240, 5678 }, // G
    { 36, 46, 735, 5, 46, 207, 5918 }, // H
    { 7, 46, 261, 5, 46, 41, 6125 }, // I
    { 28, 47, 563, 2, 46, 165, 6166 }, // J
    { 35, 46, 664, 5, 46, 202, 6331 }, // K
    { 28, 46, 559, 5, 46, 161, 6533 }, // L
    { 46, 46, 893, 5, 46, 265, 6694 }, // M
    { 37, 46, 744, 5, 46, 213, 6959 }, // N
    { 42, 48, 761, 3, 47, 252, 7172 }, // O
    { 32, 46, 633, 5, 46, 184, 7424 }, // P
    { 42, 52, 761, 3, 47, 273, 7608 }, // Q
    { 34, 46, 641, 5, 46, 196, 7881 }, // R
    { 34, 48, 636, 3, 47, 204, 8077 }, // S
    { 36, 46, 638, 2, 46, 207, 8281 }, // T
    { 36, 47, 735, 5, 46, 212, 8488 }, // U
    { 41, 46, 682, 1, 46, 236, 8700 }, // V
    { 59, 46, 978, 1, 46, 340, 8936 }, // W
    { 40, 46, 674, 1, 46, 230, 9276 }, // X
    { 40, 46, 671, 1, 46, 230, 9506 }, // Y
    { 33, 46, 625, 3, 46, 190, 9736 }, // Z
    { 13, 58, 350, 6, 49, 95, 9926 }, // [
    { 20, 55, 353, 1, 48, 138, 10021 }, // <backslash>
    { 13, 58, 350, 3, 49, 95, 10159 }, // ]
    { 25, 21, 464, 2, 45, 66, 10254 }, // ^
    { 29, 6, 456, 0, 0, 22, 10320 }, // _
    { 11, 10, 305, 4, 48, 14, 10342 }, // `
    { 28, 36, 552, 2, 35, 126, 10356 }, // a
    { 31, 47, 602, 4, 46, 183, 10482 }, // b
    { 31, 36, 561, 2, 35, 140, 10665 }, // c
    { 32, 47, 602, 2, 46, 188, 10805 }, // d
    { 31, 36, 573, 2, 35, 140, 10993 }, // e
    { 22, 48, 356, 0, 48, 132, 11133 }, // f
    { 32, 49, 603, 2, 35, 196, 11265 }, // g
    { 28, 46, 582, 4, 46, 161, 11461 }, // h
    { 9, 47, 234, 3, 47, 53, 11622 }, // i
    { 13, 60, 234, -1, 47, 98, 11675 }, // j
    { 30, 46, 540, 4, 46, 173, 11773 }, // k
    { 7, 46, 234, 4, 46, 41, 11946 }, // l
    { 46, 35, 868, 4, 35, 202, 11987 }, // m
    { 28, 35, 581, 4, 35, 123, 12189 }, // n
    { 32, 36, 588, 2, 35, 144, 12312 }, // o
    { 31, 48, 602, 4, 35, 186, 12456 }, // p
    { 32, 48, 602, 2, 35, 192, 12642 }, // q
    { 18, 35, 364, 4, 35, 79, 12834 }, // r
    { 27, 36, 516, 3, 35, 122, 12913 }, // s
    { 19, 43, 324, 0, 42, 103, 13035 }, // t
    { 28, 35, 582, 4, 34, 123, 13138 }, // u
    { 32, 34, 551, 1, 34, 136, 13261 }, // v
    { 48, 34, 804, 1, 34, 204, 13397 }, // w
    { 31, 34, 537, 1, 34, 132, 13601 }, // x
    { 32, 47, 551, 1, 34, 188, 13733 }, // y
    { 27, 34, 536, 3, 34, 115, 13921 }, // z
    { 19, 58, 417, 4, 49, 138, 14036 }, // {
    { 6, 76, 324, 7, 61, 57, 14174 }, // |
    { 19, 58, 417, 3, 49, 138, 14231 }, // }
    { 33, 12, 654, 4, 24, 50, 14369 }, // ~
    { 0, 0, 274, 0, 0, 0, 14419 }, // U+00A0
    { 9, 47, 274, 4, 35, 53, 14419 }, // U+00A1
    { 31, 46, 561, 2, 46, 179, 14472 }, // U+00A2
    { 32, 47, 604, 3, 47, 188, 14651 }, // U+00A3
    { 39, 40, 717, 3, 39, 195, 14839 }, // U+00A4
    { 34, 46, 542, 0, 46, 196, 15034 }, // U+00A5
    { 6, 55, 262, 5, 46, 42, 15230 }, // U+00A6
    { 29, 57, 562, 3, 47, 207, 15272 }, // U+00A7
    { 21, 8, 581, 8, 47, 21, 15479 }, // U+00A8
    { 48, 48, 907, 4, 47, 288, 15500 }, // U+00A9
    { 24, 28, 447, 1, 47, 84, 15788 }, // U+00AA
    { 32, 29, 569, 2, 33, 116, 15872 }, // U+00AB
    { 27, 14, 654, 6, 23, 48, 15988 }, // U+00AC
    { 37, 37, 658, 2, 47, 172, 16036 }, // U+00AE
    { 18, 5, 462, 5, 45, 12, 16208 }, // U+00AF
    { 22, 21, 448, 3, 46, 58, 16220 }, // U+00B0
    { 29, 33, 654, 6, 35, 120, 16278 }, // U+00B1
    { 21, 26, 429, 3, 53, 69, 16398 }, // U+00B2
    { 23, 27, 436, 2, 53, 78, 16467 }, // U+00B3
    { 11, 10, 305, 4, 48, 14, 16545 }, // U+00B4
    { 32, 47, 579, 4, 34, 188, 16559 }, // U+00B5
    { 29, 46, 594, 3, 46, 167, 16747 }, // U+00B6
    { 9, 9, 273, 4, 26, 11, 16914 }, // U+00B7
    { 12, 15, 261, 4, 2, 23, 16925 }, // U+00B8
    { 13, 26, 294, 2, 53, 43, 16948 }, // U+00B9
    { 26, 28, 474, 2, 47, 91, 16991 }, // U+00BA
    { 31, 29, 569, 2, 33, 113, 17082 }, // U+00BB
    { 45, 46, 785, 2, 46, 259, 17195 }, // U+00BC
    { 47, 46, 827, 2, 46, 271, 17454 }, // U+00BD
    { 50, 47, 865, 2, 47, 294, 17725 }, // U+00BE
    { 27, 48, 514, 3, 35, 162, 18019 }, // U+00BF
    { 41, 60, 682, 1, 60, 308, 18181 }, // U+00C0
    { 41, 60, 682, 1, 60, 308, 18489 }, // U+00C1
    { 41, 60, 682, 1, 60, 308, 18797 }, // U+00C2
    { 41, 59, 682, 1, 59, 303, 19105 }, // U+00C3
    { 41, 59, 682, 1, 59, 303, 19408 }, // U+00C4
    { 41, 63, 682, 1, 63, 323, 19711 }, // U+00C5
    { 58, 46, 988, 1, 46, 334, 20034 }, // U+00C6
    { 40, 60, 729, 3, 47, 300, 20368 }, // U+00C7
    { 29, 60, 596, 5, 60, 218, 20668 }, // U+00C8
    { 29, 60, 596, 5, 60, 218, 20886 }, // U+00C9
    { 29, 60, 596, 5, 60, 218, 21104 }, // U+00CA
    { 29, 59, 596, 5, 59, 214, 21322 }, // U+00CB
    { 12, 60, 261, 0, 60, 90, 21536 }, // U+00CC
    { 12, 60, 261, 5, 60, 90, 21626 }, // U+00CD
    { 20, 60, 261, -2, 60, 150, 21716 }, // U+00CE
    { 21, 59, 261, -2, 59, 155, 21866 }, // U+00CF
    { 43, 46, 732, 0, 46, 248, 22021 }, // U+00D0
    { 37, 59, 744, 5, 59, 273, 22269 }, // U+00D1
    { 42, 61, 761, 3, 60, 321, 22542 }, // U+00D2
    { 42, 61, 761, 3, 60, 321, 22863 }, // U+00D3
    { 42, 61, 761, 3, 60, 321, 23184 }, // U+00D4
    { 42, 60, 761, 3, 59, 315, 23505 }, // U+00D5
    { 42, 60, 761, 3, 59, 315, 23820 }, // U+00D6
    { 29, 30, 654, 6, 33, 109, 24135 }, // U+00D7
    { 42, 49, 761, 3, 47, 258, 24244 }, // U+00D8
    { 36, 61, 735, 5, 60, 275, 24502 }, // U+00D9
    { 36, 61, 735, 5, 60, 275, 24777 }, // U+00DA
    { 36, 61, 735, 5, 60, 275, 25052 }, // U+00DB
    { 36, 60, 735, 5, 59, 270, 25327 }, // U+00DC
    { 40, 60, 671, 1, 60, 300, 25597 }, // U+00DD
    { 31, 46, 628, 4, 46, 179, 25897 }, // U+00DE
    { 30, 47, 607, 5, 47, 177, 26076 }, // U+00DF
    { 28, 49, 552, 2, 48, 172, 26253 }, // U+00E0
    { 28, 49, 552, 2, 48, 172, 26425 }, // U+00E1
    { 28, 49, 552, 2, 48, 172, 26597 }, // U+00E2
    { 28, 48, 552, 2, 47, 168, 26769 }, // U+00E3
    { 28, 48, 552, 2, 47, 168, 26937 }, // U+00E4
    { 28, 53, 552, 2, 52, 186, 27105 }, // U+00E5
    { 52, 36, 907, 2, 35, 234, 27291 }, // U+00E6
    { 31, 48, 561, 2, 35, 186, 27525 }, // U+00E7
    { 31, 49, 573, 2, 48, 190, 27711 }, // U+00E8
    { 31, 49, 573, 2, 48, 190, 27901 }, // U+00E9
    { 31, 49, 573, 2, 48, 190, 28091 }, // U+00EA
    { 31, 48, 573, 2, 47, 186, 28281 }, // U+00EB
    { 12, 48, 234, -1, 48, 72, 28467 }, // U+00EC
    { 12, 48, 234, 4, 48, 72, 28539 }, // U+00ED
    { 21, 48, 234, -3, 48, 126, 28611 }, // U+00EE
    { 21, 47, 234, -3, 47, 124, 28737 }, // U+00EF
    { 31, 50, 575, 2, 49, 194, 28861 }, // U+00F0
    { 28, 47, 581, 4, 47, 165, 29055 }, // U+00F1
    { 32, 49, 588, 2, 48, 196, 29220 }, // U+00F2
    { 32, 49, 588, 2, 48, 196, 29416 }, // U+00F3
    { 32, 49, 588, 2, 48, 196, 29612 }, // U+00F4
    { 32, 48, 588, 2, 47, 192, 29808 }, // U+00F5
    { 32, 48, 588, 2, 47, 192, 30000 }, // U+00F6
    { 29, 32, 654, 6, 34, 116, 30192 }, // U+00F7
    { 33, 38, 588, 2, 36, 157, 30308 }, // U+00F8
    { 28, 49, 582, 4, 48, 172, 30465 }, // U+00F9
    { 28, 49, 582, 4, 48, 172, 30637 }, // U+00FA
    { 28, 49, 582, 4, 48, 172, 30809 }, // U+00FB
    { 28, 48, 582, 4, 47, 168, 30981 }, // U+00FC
    { 32, 61, 551, 1, 48, 244, 31149 }, // U+00FD
    { 31, 59, 602, 4, 46, 229, 31393 }, // U+00FE
    { 32, 60, 551, 1, 47, 240, 31622 }, // U+00FF
};

static const MeshInkFontUnicodeInterval inter_30_regularIntervals[] = {
    { 0x20, 0x7E, 0x0 },
    { 0xA0, 0xAC, 0x5F },
    { 0xAE, 0xFF, 0x6C },
};

static constexpr MeshInkFontData inter_30_regular = {
    inter_30_regularBitmaps,
    inter_30_regularGlyphs,
    inter_30_regularIntervals,
    3,
    76,
    61,
    -16,
    false,
    nullptr,
    0,
    nullptr,
    nullptr,
    nullptr,
    nullptr,
    0,
    0,
    0,
    0,
    nullptr,
    0,
};
